HOLOGRAM NUMBER,OBJECT NUMBER,X POSITION (m),Y POSITION (m),Z POSITION (m),NUMBER OF VOXEL
1,1,9.40709288e-05,1.50207632e-06,2.05110905e-06,725
1,2,2.58624368e-05,2.72069137e-05,3.69750546e-06,6962
1,3,8.55192848e-05,6.27249756e-05,3.33907951e-06,4633
1,4,2.33137471e-05,7.37412265e-05,4.20773034e-08,92
1,5,8.80454536e-05,7.67900565e-05,3.47104219e-07,331
1,6,2.33360606e-05,8.38034030e-05,5.05071739e-07,728
1,7,2.13643089e-05,8.57404302e-05,5.11106509e-06,3445
1,8,1.21274003e-04,9.31269678e-05,5.50214281e-07,738
1,9,4.33372315e-06,1.04141727e-04,2.16085459e-06,822
1,10,1.01368008e-04,1.08605847e-04,9.55503197e-07,1111
1,11,1.83043921e-05,1.14642367e-04,3.63768072e-06,10277
1,12,1.02340382e-04,1.13819835e-04,3.44899348e-07,202
1,13,5.59566724e-05,1.17090829e-04,9.50438505e-07,1249
1,14,1.14916642e-04,1.18705044e-04,1.65555991e-06,1395
1,15,9.76860101e-05,1.20323079e-04,5.07271466e-07,459
1,16,8.77249986e-05,7.68211758e-05,3.20081017e-06,10
1,17,8.36024119e-05,9.00959567e-05,9.11045117e-06,128
1,18,1.01575832e-04,1.10784888e-04,9.80403547e-06,1082
1,19,1.21950514e-04,9.12234464e-05,1.23738073e-05,2372
1,20,9.29489834e-05,1.11992158e-04,1.10232186e-05,579
1,21,4.89662998e-05,1.39203385e-05,1.67893195e-05,844
1,22,9.93282374e-05,4.60931587e-05,1.75547575e-05,1015
1,23,7.85732263e-05,4.55741101e-05,1.78159407e-05,87
1,24,1.06410880e-04,1.07279833e-04,1.79889375e-05,275
1,25,1.20866942e-04,7.70073602e-05,2.03135805e-05,451
1,26,1.34425627e-05,2.48543674e-05,2.08914771e-05,405
1,27,8.21758003e-05,6.75174815e-05,2.77774125e-05,6628
1,28,1.19382184e-05,3.93374976e-05,2.50155172e-05,345
1,29,1.31262830e-04,5.69958065e-05,2.65785366e-05,1890
1,30,1.00082761e-04,1.20895034e-04,2.47253211e-05,176
1,31,6.61435479e-06,7.04552658e-05,2.79006126e-05,465
1,32,1.27885069e-04,2.59452536e-05,3.17014128e-05,423
1,33,1.40508506e-04,1.64036319e-05,3.12671327e-05,54
1,34,7.58680253e-05,1.23542195e-04,3.20575127e-05,326
1,35,1.05567771e-04,3.85822532e-05,3.51190029e-05,1738
1,36,5.43027709e-05,8.59928259e-05,3.65347732e-05,788
1,37,2.57064748e-05,1.28452506e-04,3.73911571e-05,1228
1,38,9.84574872e-05,1.13969700e-05,3.66145869e-05,35
1,39,1.12241760e-04,3.58685684e-05,3.95217467e-05,351
1,40,9.42948463e-05,5.35026811e-05,4.01322468e-05,555
1,41,4.14283786e-05,1.33109483e-04,4.19529497e-05,2238
1,42,1.08319451e-04,2.25375115e-05,4.12424670e-05,812
1,43,7.62758718e-05,5.55852130e-05,4.48418468e-05,2425
1,44,5.73621328e-05,8.68009956e-05,4.06554936e-05,78
1,45,6.55152471e-05,1.35653871e-04,4.21975310e-05,375
1,46,8.82260356e-05,1.11550735e-05,4.27778832e-05,79
1,47,5.07748773e-05,6.33926975e-05,4.34904578e-05,56
1,48,1.41793344e-05,5.31922378e-05,4.54039400e-05,911
1,49,1.88097056e-05,5.68917421e-05,4.45792284e-05,459
1,50,7.06036299e-05,5.37814340e-05,4.61037234e-05,1048
1,51,2.88631509e-05,2.13528638e-05,4.71210988e-05,219
1,52,1.15451861e-04,4.27390187e-05,5.06939723e-05,2371
1,53,1.36829622e-04,1.13080947e-04,5.03177398e-05,201
1,54,1.10903920e-05,3.08740018e-05,5.09974816e-05,827
1,55,1.76285066e-05,7.09601081e-05,5.09928286e-05,286
1,56,4.42543969e-05,1.04918727e-04,5.08857775e-05,357
1,57,1.13129267e-04,2.44717339e-05,5.20480171e-05,404
1,58,4.58590475e-05,1.24704689e-04,5.45412440e-05,2614
1,59,3.36152043e-05,9.02037573e-05,5.35657891e-05,583
1,60,5.01018440e-05,9.03425826e-05,5.31685837e-05,492
1,61,1.13454094e-04,1.29383901e-04,5.42447342e-05,412
1,62,9.22956970e-05,1.17875905e-04,5.53793761e-05,25
1,63,7.79210895e-05,1.24325961e-04,5.72391909e-05,195
1,64,1.49511834e-05,3.75502532e-05,5.85992711e-05,342
1,65,9.19306985e-05,1.14269769e-05,5.89170013e-05,104
1,66,6.38039273e-05,5.20548892e-05,5.98903935e-05,497
1,67,7.89924306e-05,5.45674957e-05,6.10481875e-05,392
1,68,8.84514375e-05,6.67991408e-05,6.15454410e-05,1978
1,69,5.11328290e-05,2.52024947e-05,6.16494144e-05,627
1,70,6.98385338e-05,6.24055538e-05,6.24319437e-05,545
1,71,1.18232841e-04,2.81351276e-05,6.23264277e-05,314
1,72,3.98079646e-05,3.27274101e-05,6.26809051e-05,342
1,73,6.70658046e-05,8.92308090e-05,6.27876434e-05,176
1,74,5.33062994e-05,9.86144078e-05,6.18702834e-05,66
1,75,5.29525714e-05,1.02125283e-04,6.25660468e-05,389
1,76,1.46257098e-05,9.98926116e-05,6.27362460e-05,400
2,1,9.42430197e-05,2.62337630e-06,1.79466909e-07,69
2,2,2.58434320e-05,2.72770394e-05,3.91776348e-06,6512
2,3,1.01115416e-04,4.31386397e-05,2.10534779e-07,78
2,4,2.32338195e-07,5.58430584e-05,3.43850814e-07,107
2,5,2.43574905e-05,5.69874610e-05,1.80012194e-07,55
2,6,8.48698692e-05,6.29848728e-05,3.43942679e-06,6378
2,7,7.18172814e-05,6.81362944e-05,7.59640315e-08,39
2,8,2.30202604e-05,7.33888955e-05,1.16440077e-07,72
2,9,8.87288406e-05,7.67177771e-05,1.56375634e-07,54
2,10,2.29368998e-05,8.35661922e-05,5.00988278e-07,557
2,11,2.04482494e-05,8.66584305e-05,7.79189634e-07,624
2,12,1.21366757e-04,9.31633258e-05,5.35502750e-07,657
2,13,5.00245687e-06,1.04717852e-04,2.10845997e-06,1116
2,14,1.01374884e-04,1.08569737e-04,1.17489583e-06,1545
2,15,1.82968488e-05,1.14533643e-04,3.62980268e-06,10004
2,16,1.02488288e-04,1.13661314e-04,5.35638037e-07,483
2,17,5.57767598e-05,1.16177114e-04,7.99898885e-07,948
2,18,1.14107621e-04,1.18718206e-04,1.89575587e-06,2016
2,19,9.74387731e-05,1.20104072e-04,2.95056083e-07,124
2,20,9.34878844e-05,1.78476887e-06,4.86987938e-06,102
2,21,2.18320420e-05,8.55399703e-05,7.01680392e-06,1687
2,22,1.20809695e-04,9.29286180e-05,4.15371960e-06,13
2,23,8.36181498e-05,9.00236919e-05,8.77496495e-06,331
2,24,1.01599624e-04,1.10769230e-04,9.64779974e-06,1547
2,25,1.22086087e-04,9.15385244e-05,1.26709574e-05,1298
2,26,9.30802998e-05,1.12029018e-04,1.09666480e-05,330
2,27,8.41584479e-05,6.25786270e-05,1.16043148e-05,86
2,28,4.93964108e-05,1.42410936e-05,1.72665841e-05,828
2,29,9.95408991e-05,4.60554438e-05,1.71721058e-05,1144
2,30,7.91675993e-05,4.50211955e-05,1.77358488e-05,135
2,31,1.06429870e-04,1.07183201e-04,1.78911978e-05,211
2,32,1.21004727e-04,7.64930373e-05,2.02219508e-05,555
2,33,1.35609880e-05,2.49538734e-05,2.07729572e-05,275
2,34,8.20846035e-05,6.73898539e-05,2.77110248e-05,6950
2,35,1.20905215e-05,3.92512266e-05,2.47694970e-05,250
2,36,1.00277713e-04,1.20973455e-04,2.47948283e-05,205
2,37,1.31250781e-04,5.69897529e-05,2.69858665e-05,2113
2,38,7.11052053e-06,7.10036256e-05,2.76302726e-05,186
2,39,7.54333741e-05,1.23934442e-04,3.14716381e-05,845
2,40,1.27960404e-04,2.65616709e-05,3.13353885e-05,324
2,41,1.05543106e-04,3.83801562e-05,3.50154296e-05,1271
2,42,5.43081842e-05,8.59259380e-05,3.63410254e-05,988
2,43,2.56685144e-05,1.28605345e-04,3.74177653e-05,1029
2,44,9.85427832e-05,1.13456927e-05,3.68918591e-05,47
2,45,1.11948379e-04,3.57838180e-05,3.93689370e-05,340
2,46,9.36108772e-05,5.33489510e-05,3.98232878e-05,720
2,47,7.61745687e-05,5.54798789e-05,4.41612028e-05,3000
2,48,4.14269998e-05,1.33029083e-04,4.17138981e-05,2162
2,49,1.08336222e-04,2.26659813e-05,4.11647452e-05,780
2,50,5.73151556e-05,8.67602866e-05,4.05125429e-05,179
2,51,6.53724637e-05,1.35234644e-04,4.24570280e-05,438
2,52,8.84479450e-05,1.12613689e-05,4.24204300e-05,31
2,53,5.25425166e-05,2.85227215e-05,4.26107217e-05,125
2,54,1.41479941e-05,5.31619335e-05,4.54928668e-05,1349
2,55,5.08905541e-05,6.36727636e-05,4.34250542e-05,54
2,56,1.88956219e-05,5.68213909e-05,4.44129473e-05,348
2,57,7.07838408e-05,5.37067754e-05,4.62785938e-05,1109
2,58,2.88740230e-05,2.13619824e-05,4.71603016e-05,198
2,59,1.15843788e-04,4.23920792e-05,5.04405143e-05,2381
2,60,1.37046241e-04,1.13412425e-04,5.05448988e-05,357
2,61,1.16569709e-05,3.09081843e-05,5.05086136e-05,470
2,62,1.75414025e-05,7.09815649e-05,5.11738326e-05,334
2,63,4.42044075e-05,1.04950886e-04,5.09573038e-05,396
2,64,1.13188835e-04,2.45243100e-05,5.21198126e-05,420
2,65,4.56696180e-05,1.24603685e-04,5.48025128e-05,2524
2,66,3.36672529e-05,9.02347674e-05,5.37139276e-05,718
2,67,5.01686118e-05,9.04092085e-05,5.33107777e-05,725
2,68,1.12957823e-04,1.29781620e-04,5.40175388e-05,261
2,69,9.22562103e-05,1.18090778e-04,5.52327838e-05,361
2,70,7.81061826e-05,1.24466678e-04,5.70195880e-05,245
2,71,9.19321756e-05,1.15514822e-05,5.86039314e-05,235
2,72,1.41043020e-05,3.74490919e-05,5.86789283e-05,384
2,73,6.42669111e-05,5.13392806e-05,5.96354876e-05,457
2,74,8.87177594e-05,6.64592881e-05,6.11030700e-05,1871
2,75,5.14691383e-05,2.50403446e-05,6.16332036e-05,757
2,76,1.37841653e-05,5.04889904e-05,6.13887896e-05,36
2,77,7.97335815e-05,5.51049852e-05,6.12350705e-05,17
2,78,6.99685770e-05,6.23740052e-05,6.22734515e-05,525
2,79,5.27118536e-05,9.94023794e-05,6.20277424e-05,195
2,80,1.18043630e-04,2.78661537e-05,6.21844010e-05,190
2,81,4.00232748e-05,3.23239692e-05,6.27237750e-05,495
2,82,1.42370545e-05,1.00159719e-04,6.27412228e-05,779
2,83,6.71158850e-05,8.89454604e-05,6.28545749e-05,129
2,84,5.32229060e-05,1.02311482e-04,6.26528927e-05,296
3,1,2.57218035e-05,2.73153255e-05,4.02904152e-06,5310
3,2,7.27944098e-07,5.61848647e-05,1.94668601e-07,125
3,3,2.46611671e-05,5.68198375e-05,1.75516618e-07,17
3,4,8.46782641e-05,6.32542287e-05,3.88329363e-06,6493
3,5,8.85793270e-05,7.68341197e-05,3.02527042e-07,121
3,6,2.27054588e-05,8.35217070e-05,5.62591310e-07,791
3,7,2.14328920e-05,8.58589410e-05,5.42604266e-06,2857
3,8,1.21089870e-04,9.34825075e-05,4.79243454e-07,516
3,9,5.84569352e-06,1.04972562e-04,2.02095589e-06,1013
3,10,1.01333309e-04,1.08603388e-04,9.35226353e-07,1204
3,11,1.81979703e-05,1.14558570e-04,3.54630015e-06,11220
3,12,1.02477563e-04,1.13792099e-04,3.51952906e-07,206
3,13,5.54681610e-05,1.15247843e-04,6.93763013e-07,687
3,14,1.13512986e-04,1.18716984e-04,1.94842323e-06,793
3,15,9.74010472e-05,1.19992226e-04,5.09167080e-07,269
3,16,8.36013205e-05,9.00359155e-05,8.79626896e-06,293
3,17,1.01556594e-04,1.10820169e-04,9.73762235e-06,1150
3,18,9.32510811e-05,1.11891488e-04,1.09409211e-05,344
3,19,1.22270896e-04,9.16113277e-05,1.33060530e-05,2219
3,20,4.96984067e-05,1.47392057e-05,1.77074235e-05,1126
3,21,1.00194629e-04,4.59642615e-05,1.72254240e-05,1047
3,22,7.96253516e-05,4.45746737e-05,1.77312995e-05,217
3,23,1.06608706e-04,1.07181972e-04,1.80075676e-05,219
3,24,1.21183395e-04,7.59206087e-05,2.02710562e-05,414
3,25,1.37096504e-05,2.49434979e-05,2.07445246e-05,335
3,26,8.21144058e-05,6.74841649e-05,2.79529577e-05,6777
3,27,1.19811202e-05,3.91533285e-05,2.44556177e-05,142
3,28,1.31396228e-04,5.69921831e-05,2.71396730e-05,1927
3,29,1.00510719e-04,1.21066427e-04,2.47641619e-05,89
3,30,7.49610444e-06,7.14734269e-05,2.72548023e-05,398
3,31,7.50029576e-05,1.24388200e-04,3.08185554e-05,1246
3,32,1.27760854e-04,2.72658453e-05,3.11829426e-05,168
3,33,1.05554849e-04,3.82096587e-05,3.50112714e-05,1177
3,34,5.44144787e-05,8.60076980e-05,3.60922204e-05,775
3,35,2.56512776e-05,1.28737913e-04,3.73223156e-05,857
3,36,7.36848451e-05,5.49927936e-05,3.64762345e-05,147
3,37,9.86452142e-05,1.11809004e-05,3.66315580e-05,38
3,38,1.11656933e-04,3.55482080e-05,3.88839107e-05,347
3,39,9.31361938e-05,5.33074053e-05,3.96656105e-05,565
3,40,7.58305614e-05,5.52324200e-05,4.41872071e-05,3582
3,41,4.15420363e-05,1.32992791e-04,4.15389222e-05,2466
3,42,1.08556102e-04,2.28390199e-05,4.10743560e-05,558
3,43,5.72118734e-05,8.68273783e-05,4.05591818e-05,217
3,44,6.51701994e-05,1.34857211e-04,4.28549247e-05,403
3,45,5.27088014e-05,2.87328949e-05,4.25184517e-05,27
3,46,5.08811609e-05,6.36972254e-05,4.37612143e-05,67
3,47,1.89418970e-05,5.67800053e-05,4.44094112e-05,403
3,48,1.40327238e-05,5.33260609e-05,4.56612106e-05,588
3,49,7.08988518e-05,5.35185827e-05,4.61709351e-05,852
3,50,7.92900664e-06,6.38575875e-05,4.66059028e-05,24
3,51,2.89907221e-05,2.13744861e-05,4.70190353e-05,146
3,52,1.15903429e-04,4.24113496e-05,4.98201407e-05,659
3,53,1.22019565e-05,3.06110778e-05,5.04816417e-05,609
3,54,4.41962511e-05,1.04859369e-04,5.09615711e-05,502
3,55,1.75825226e-05,7.11913162e-05,5.13516316e-05,409
3,56,1.13088587e-04,2.45117080e-05,5.20907270e-05,484
3,57,3.36481171e-05,9.01867606e-05,5.38255226e-05,407
3,58,5.04159434e-05,9.05794222e-05,5.28703422e-05,311
3,59,4.52341410e-05,1.24725266e-04,5.53843965e-05,2858
3,60,1.12325004e-04,1.30254033e-04,5.37176129e-05,193
3,61,9.20466191e-05,1.18229669e-04,5.49970246e-05,432
3,62,9.01503226e-05,6.77128337e-05,5.53942264e-05,66
3,63,5.40325527e-05,1.17055424e-05,5.58116444e-05,96
3,64,7.70417973e-05,1.24392493e-04,5.70171032e-05,429
3,65,1.34276197e-05,3.75721502e-05,5.85409216e-05,481
3,66,9.20986931e-05,1.14763916e-05,5.90811469e-05,189
3,67,6.46627741e-05,5.08076700e-05,5.95669408e-05,507
3,68,8.91931268e-05,6.65440093e-05,6.10933712e-05,1740
3,69,5.18539018e-05,2.48987417e-05,6.16298421e-05,567
3,70,5.23151903e-05,1.00005840e-04,6.20867795e-05,378
3,71,6.99926168e-05,6.23032684e-05,6.22952430e-05,541
3,72,1.17828931e-04,2.75149177e-05,6.25549656e-05,217
3,73,3.99367236e-05,3.20702165e-05,6.25812099e-05,405
3,74,8.02119321e-05,5.60534463e-05,6.28977214e-05,421
3,75,1.40018919e-05,1.00313955e-04,6.26868205e-05,788
3,76,6.71051166e-05,8.86740745e-05,6.27734771e-05,134
3,77,5.39064167e-05,1.02380785e-04,6.27164045e-05,312
4,1,2.58350738e-05,2.72206598e-05,4.27964915e-06,4274
4,2,1.33821868e-06,5.64851616e-05,6.64407835e-08,15
4,3,2.48138494e-05,5.68052019e-05,3.08545225e-07,103
4,4,2.08382914e-07,5.81965614e-05,5.40041299e-07,175
4,5,8.35095852e-05,6.29085480e-05,4.53740199e-07,923
4,6,8.48718846e-05,6.47284178e-05,5.11186909e-06,3260
4,7,8.86671405e-05,7.71010818e-05,2.06760618e-07,103
4,8,2.29539764e-05,8.35664396e-05,5.02778505e-07,601
4,9,2.04840926e-05,8.69454234e-05,8.07357708e-07,590
4,10,1.21093406e-04,9.31521718e-05,6.44116085e-08,53
4,11,6.77468915e-06,1.05376843e-04,2.57835495e-06,407
4,12,1.01324862e-04,1.08569155e-04,7.09258586e-07,892
4,13,1.83699503e-05,1.14490504e-04,3.66334052e-06,9289
4,14,5.55108600e-05,1.14207331e-04,6.64210461e-07,713
4,15,1.02674661e-04,1.13827889e-04,1.75756753e-07,76
4,16,9.96239542e-05,1.17339543e-04,2.28320772e-07,134
4,17,1.12803056e-04,1.18885990e-04,2.08362940e-06,2137
4,18,9.73990100e-05,1.19868702e-04,5.46688909e-07,405
4,19,2.18523655e-05,8.56449115e-05,7.29028852e-06,1691
4,20,8.34944658e-05,9.00264495e-05,8.86119233e-06,549
4,21,1.01495891e-04,1.10823908e-04,9.76836873e-06,900
4,22,9.33051124e-05,1.11824760e-04,1.08628683e-05,341
4,23,1.22457743e-04,9.16243371e-05,1.37050938e-05,1571
4,24,8.59483844e-05,6.58344434e-05,1.39797803e-05,49
4,25,1.00723235e-04,4.63069882e-05,1.71297252e-05,1060
4,26,5.00673013e-05,1.53504097e-05,1.78394366e-05,607
4,27,8.01234055e-05,4.41608972e-05,1.74482502e-05,142
4,28,1.06628177e-04,1.07042018e-04,1.80507723e-05,249
4,29,1.21273028e-04,7.55616347e-05,2.02077554e-05,448
4,30,1.38017895e-05,2.48499200e-05,2.07467365e-05,216
4,31,1.20004088e-05,3.90203095e-05,2.43496088e-05,301
4,32,8.21644280e-05,6.74427502e-05,2.80530166e-05,6362
4,33,1.00466168e-04,1.21009929e-04,2.48999459e-05,96
4,34,1.31344714e-04,5.67384777e-05,2.74865106e-05,1368
4,35,7.88565103e-06,7.20581884e-05,2.71948902e-05,100
4,36,7.46540609e-05,1.24728846e-04,3.01670516e-05,781
4,37,1.27844993e-04,2.79380438e-05,3.09400020e-05,509
4,38,1.05604166e-04,3.82057806e-05,3.49621805e-05,1233
4,39,7.52781634e-05,5.50125733e-05,4.24846585e-05,3136
4,40,5.44356080e-05,8.61680383e-05,3.60990634e-05,457
4,41,2.57242882e-05,1.28684187e-04,3.75486452e-05,844
4,42,9.86877494e-05,1.11884538e-05,3.67200882e-05,59
4,43,1.11156871e-04,3.54067015e-05,3.90978894e-05,429
4,44,9.26183711e-05,5.32557860e-05,3.94992130e-05,590
4,45,4.15693721e-05,1.33093054e-04,4.17869196e-05,2491
4,46,1.08613487e-04,2.29005400e-05,4.11677502e-05,972
4,47,5.71571545e-05,8.69525757e-05,4.04914899e-05,115
4,48,6.48776841e-05,1.34544985e-04,4.33133100e-05,522
4,49,8.85354384e-05,1.12420284e-05,4.27297018e-05,37
4,50,1.90988194e-05,5.67273091e-05,4.42671844e-05,425
4,51,5.09625388e-05,6.36931654e-05,4.37450472e-05,118
4,52,1.38793685e-05,5.34184655e-05,4.57032438e-05,525
4,53,7.09621672e-05,5.34318606e-05,4.61873824e-05,854
4,54,2.89167783e-05,2.13540170e-05,4.70641826e-05,23
4,55,1.15810435e-04,4.20046163e-05,4.98522204e-05,710
4,56,1.29644459e-05,3.05827634e-05,5.02344919e-05,616
4,57,4.42030287e-05,1.04830600e-04,5.09834899e-05,484
4,58,1.76557860e-05,7.12014371e-05,5.12814622e-05,412
4,59,1.13091082e-04,2.46038489e-05,5.19818932e-05,492
4,60,1.11779802e-04,1.30615765e-04,5.31645528e-05,354
4,61,3.35505974e-05,9.00683008e-05,5.38400345e-05,310
4,62,5.03810552e-05,9.05750276e-05,5.27046941e-05,22
4,63,4.52372442e-05,1.24742786e-04,5.57785024e-05,1990
4,64,9.18811784e-05,1.18301890e-04,5.47703712e-05,693
4,65,5.41037152e-05,1.14506784e-05,5.65698574e-05,177
4,66,7.64367578e-05,1.24217462e-04,5.68201212e-05,469
4,67,9.21186729e-05,1.14547702e-05,5.91498065e-05,287
4,68,1.24364815e-05,3.75919772e-05,5.86577953e-05,217
4,69,6.48687856e-05,5.03918272e-05,5.95458150e-05,375
4,70,8.93492324e-05,6.69170477e-05,6.10078314e-05,2245
4,71,5.19991372e-05,2.47938260e-05,6.15095269e-05,474
4,72,6.99655211e-05,6.23007290e-05,6.21368818e-05,505
4,73,1.39200993e-05,5.05083080e-05,6.15958706e-05,21
4,74,1.40478760e-05,1.00588331e-04,6.24111344e-05,622
4,75,3.99611927e-05,3.12795455e-05,6.26354667e-05,302
4,76,8.06532189e-05,5.64891452e-05,6.25846806e-05,260
4,77,5.18898451e-05,1.00828416e-04,6.22177904e-05,119
4,78,1.17413379e-04,2.74433278e-05,6.22498919e-05,46
4,79,5.43964343e-05,1.02564438e-04,6.27386544e-05,283
4,80,6.71196613e-05,8.82784807e-05,6.27074478e-05,36
5,1,2.58847558e-05,2.72667894e-05,4.35935908e-06,4237
5,2,9.99478507e-05,5.14543062e-05,1.06377875e-07,28
5,3,2.45945757e-05,5.66995004e-05,3.29918237e-07,135
5,4,8.18831977e-05,6.43930471e-05,2.92577852e-07,229
5,5,8.51705918e-05,6.58604113e-05,7.46552473e-07,806
5,6,8.80829539e-05,7.68986647e-05,2.39627610e-07,198
5,7,2.29774341e-05,8.34472085e-05,4.29850871e-07,374
5,8,2.03790951e-05,8.69523356e-05,6.26944029e-07,376
5,9,1.21020617e-04,9.34772979e-05,1.25947523e-07,90
5,10,7.75863191e-06,1.06105341e-04,2.52645486e-06,754
5,11,1.01258564e-04,1.08951535e-04,2.85566870e-07,315
5,12,1.84013625e-05,1.14519440e-04,3.82591816e-06,8793
5,13,5.55111837e-05,1.13602575e-04,6.32368597e-07,675
5,14,9.95790760e-05,1.17307703e-04,2.76213910e-07,161
5,15,1.11971698e-04,1.18629774e-04,2.24306655e-06,2212
5,16,9.74900613e-05,1.19982549e-04,3.45586329e-07,175
5,17,1.76054607e-06,5.83019137e-05,3.68319388e-06,157
5,18,8.45528266e-05,6.55335025e-05,8.60421278e-06,1523
5,19,2.18098558e-05,8.56036859e-05,7.26787039e-06,1315
5,20,9.21747560e-05,3.24234497e-06,6.89335957e-06,183
5,21,1.00445504e-04,4.90771636e-05,6.53877942e-06,39
5,22,8.35517203e-05,9.00475570e-05,8.91726631e-06,297
5,23,1.01353828e-04,1.10872585e-04,9.91872821e-06,366
5,24,9.31531031e-05,1.12006368e-04,1.04280698e-05,207
5,25,1.22580605e-04,9.17925645e-05,1.38384657e-05,1322
5,26,1.01154394e-04,4.61279888e-05,1.69155555e-05,1040
5,27,8.07816250e-05,4.38175521e-05,1.71574211e-05,336
5,28,8.13799925e-05,6.42089653e-05,1.82898202e-05,538
5,29,5.02574694e-05,1.55457983e-05,1.82634030e-05,1096
5,30,1.06561092e-04,1.07029351e-04,1.81712021e-05,275
5,31,1.21334240e-04,7.50914551e-05,2.01886942e-05,383
5,32,1.35566297e-05,2.47749467e-05,2.08200363e-05,233
5,33,8.23961673e-05,6.72566239e-05,2.76772844e-05,6499
5,34,1.20004706e-05,3.89917477e-05,2.46829586e-05,298
5,35,1.00532918e-04,1.20868819e-04,2.47522948e-05,69
5,36,1.31018649e-04,5.66672279e-05,2.76938517e-05,1684
5,37,2.87084968e-05,1.04036881e-04,2.59996723e-05,33
5,38,8.22123366e-06,7.25958889e-05,2.76114424e-05,234
5,39,7.43454802e-05,1.25047984e-04,2.95659920e-05,290
5,40,1.27779218e-04,2.85347087e-05,3.02855842e-05,219
5,41,1.05645602e-04,3.81938480e-05,3.51176568e-05,1155
5,42,5.43709539e-05,8.60059663e-05,3.62661413e-05,902
5,43,7.35195572e-05,5.46356860e-05,3.61439597e-05,197
5,44,2.57319934e-05,1.28647109e-04,3.74641859e-05,990
5,45,9.87789972e-05,1.13091764e-05,3.62507380e-05,28
5,46,1.10831832e-04,3.49336078e-05,3.90926361e-05,676
5,47,9.21147948e-05,5.31218138e-05,3.92155089e-05,497
5,48,1.08646629e-04,2.28249519e-05,4.10806933e-05,1084
5,49,7.44126664e-05,5.39787543e-05,4.01067737e-05,491
5,50,4.16113944e-05,1.33064314e-04,4.17070660e-05,1990
5,51,5.73185134e-05,8.69843061e-05,4.05185128e-05,107
5,52,8.86673442e-05,1.13341657e-05,4.25281105e-05,89
5,53,6.46869521e-05,1.34262053e-04,4.39044416e-05,454
5,54,1.91838499e-05,5.66830713e-05,4.42362543e-05,351
5,55,5.10068021e-05,6.37718113e-05,4.38751813e-05,191
5,56,7.09945743e-05,5.33688981e-05,4.59548246e-05,629
5,57,1.41195251e-05,5.34268256e-05,4.56345915e-05,303
5,58,7.62301934e-05,5.50834084e-05,4.64855439e-05,840
5,59,2.89063137e-05,2.14088468e-05,4.68867765e-05,75
5,60,1.15888761e-04,4.16992189e-05,4.95229506e-05,2552
5,61,1.36217122e-05,3.02864210e-05,4.99833332e-05,596
5,62,4.42193632e-05,1.04723404e-04,5.09355741e-05,587
5,63,1.37361567e-04,1.14131588e-04,5.13069135e-05,279
5,64,1.77481106e-05,7.11013417e-05,5.10666832e-05,228
5,65,1.13094706e-04,2.46237396e-05,5.17471672e-05,509
5,66,1.11303372e-04,1.30990215e-04,5.27099073e-05,327
5,67,3.35451114e-05,9.00309533e-05,5.36423649e-05,385
5,68,5.02604016e-05,9.05082197e-05,5.29404533e-05,566
5,69,9.19123413e-05,1.18320881e-04,5.46856936e-05,753
5,70,4.49105391e-05,1.24839571e-04,5.64023067e-05,3005
5,71,8.89844232e-05,6.76780837e-05,6.12049189e-05,4386
5,72,7.67940655e-05,1.24107100e-04,5.69001968e-05,10
5,73,9.21659012e-05,1.15042758e-05,5.91904100e-05,630
5,74,1.15516677e-05,3.77658580e-05,5.85841408e-05,307
5,75,6.46461049e-05,5.06418692e-05,5.95963829e-05,462
5,76,5.18160159e-05,2.48956785e-05,6.15444660e-05,527
5,77,6.99239972e-05,6.22338775e-05,6.18606355e-05,554
5,78,4.00580648e-05,3.06499824e-05,6.23743326e-05,571
5,79,1.16861585e-04,2.67734140e-05,6.25910252e-05,284
5,80,1.41447290e-05,1.00833655e-04,6.24890963e-05,501
5,81,6.71450689e-05,8.82702443e-05,6.26074543e-05,93
5,82,5.08514968e-05,1.01510232e-04,6.25343819e-05,58
5,83,5.47709715e-05,1.02787271e-04,6.28374182e-05,240
5,84,8.08679397e-05,5.73611542e-05,6.27796617e-05,41
5,85,4.21659024e-06,8.52587109e-05,6.30307259e-05,33
6,1,2.79510969e-05,2.57032207e-05,1.46346366e-07,61
6,2,2.48645174e-05,2.82985529e-05,3.67293069e-07,245
6,3,2.73947649e-06,5.70856464e-05,3.53362651e-07,136
6,4,2.45739811e-05,5.67426105e-05,2.20310241e-07,74
6,5,1.65268466e-06,5.98289080e-05,3.31058828e-07,148
6,6,8.35701794e-05,6.58185018e-05,2.60971433e-06,2492
6,7,8.81211090e-05,7.68472382e-05,3.06066454e-07,248
6,8,2.30505066e-05,8.36275212e-05,5.48054913e-07,539
6,9,2.13104413e-05,8.59993743e-05,5.16202726e-06,2960
6,10,8.73928275e-06,1.06383595e-04,2.24064661e-06,913
6,11,1.01304613e-04,1.09330656e-04,8.63252012e-08,80
6,12,5.50791192e-05,1.12690446e-04,5.64711172e-07,485
6,13,1.83995471e-05,1.14578703e-04,3.75892637e-06,8925
6,14,9.94721559e-05,1.17304626e-04,2.03402394e-07,100
6,15,1.11171161e-04,1.18793665e-04,2.43651607e-06,1869
6,16,9.72874332e-05,1.19998156e-04,7.67538609e-07,697
6,17,2.11725251e-06,5.84595655e-05,4.09211953e-06,682
6,18,2.58623768e-05,2.69032407e-05,6.77521530e-06,1674
6,19,9.15947530e-05,3.54387544e-06,7.82258394e-06,137
6,20,8.36432955e-05,9.00451632e-05,8.84914243e-06,92
6,21,1.01209538e-04,1.10900022e-04,1.00785664e-05,96
6,22,9.31642935e-05,1.11897418e-04,1.05855534e-05,307
6,23,1.22706842e-04,9.18636797e-05,1.42313729e-05,2231
6,24,8.54189202e-05,6.75134434e-05,1.55812522e-05,1491
6,25,8.15151798e-05,4.33375026e-05,1.69303003e-05,416
6,26,1.01909456e-04,4.63800134e-05,1.65764868e-05,1166
6,27,8.14398300e-05,6.43721723e-05,1.76570411e-05,813
6,28,5.04409145e-05,1.61632652e-05,1.83274497e-05,1261
6,29,1.06416897e-04,1.06980580e-04,1.79590534e-05,292
6,30,1.21646866e-04,7.45980069e-05,2.01654602e-05,465
6,31,1.34897718e-05,2.45382307e-05,2.07076864e-05,184
6,32,8.24455419e-05,6.73708855e-05,2.76705050e-05,6389
6,33,1.20840414e-05,3.88787121e-05,2.49185250e-05,153
6,34,1.00543482e-04,1.20925608e-04,2.49366003e-05,87
6,35,1.30952831e-04,5.65649789e-05,2.80168097e-05,1333
6,36,8.21479625e-06,7.28361265e-05,2.73189471e-05,94
6,37,7.40550240e-05,1.25336854e-04,2.87493567e-05,685
6,38,1.27650361e-04,2.91137803e-05,2.99540679e-05,525
6,39,1.05759616e-04,3.81876889e-05,3.51734780e-05,1207
6,40,5.44512113e-05,8.60691362e-05,3.62212049e-05,860
6,41,7.38072922e-05,5.35259569e-05,3.93498594e-05,828
6,42,2.57257907e-05,1.28595188e-04,3.74295123e-05,885
6,43,1.10693742e-04,3.46366032e-05,3.87122454e-05,705
6,44,9.16510398e-05,5.31821133e-05,3.93164592e-05,447
6,45,1.08659282e-04,2.27984547e-05,4.09590539e-05,1108
6,46,4.17962328e-05,1.32968285e-04,4.17523006e-05,1891
6,47,5.72811950e-05,8.70955191e-05,4.04573693e-05,133
6,48,6.44159882e-05,1.34066184e-04,4.42509918e-05,483
6,49,5.10687241e-05,6.37896519e-05,4.37351664e-05,134
6,50,1.91327254e-05,5.65960181e-05,4.44470861e-05,150
6,51,7.09923843e-05,5.34162500e-05,4.60452466e-05,774
6,52,1.42010995e-05,5.34708815e-05,4.55341033e-05,251
6,53,7.61906413e-05,5.50640798e-05,4.65163903e-05,606
6,54,2.90639764e-05,2.15107993e-05,4.71288986e-05,98
6,55,1.16093783e-04,4.15488321e-05,4.92180843e-05,1703
6,56,1.43256184e-05,3.03295856e-05,4.96627363e-05,638
6,57,4.42271121e-05,1.04782761e-04,5.09097626e-05,519
6,58,1.78509308e-05,7.10518507e-05,5.10448954e-05,284
6,59,1.10838053e-04,1.31455585e-04,5.20592730e-05,648
6,60,1.13133807e-04,2.45767642e-05,5.19067689e-05,472
6,61,5.01768009e-05,9.04229892e-05,5.30659709e-05,492
6,62,3.36469420e-05,8.98639337e-05,5.39048742e-05,278
6,63,9.20844395e-05,1.18267395e-04,5.49558354e-05,761
6,64,9.02587635e-05,6.90216984e-05,5.42388370e-05,42
6,65,4.48559076e-05,1.24985832e-04,5.68509677e-05,2126
6,66,7.56487061e-05,1.24492391e-04,5.63847025e-05,208
6,67,9.21258761e-05,1.14350960e-05,5.90506461e-05,189
6,68,1.07042242e-05,3.77973811e-05,5.85106136e-05,456
6,69,6.44068423e-05,5.11615071e-05,5.96300233e-05,490
6,70,8.86069392e-05,6.79648001e-05,6.19203493e-05,776
6,71,5.17476910e-05,2.45941847e-05,6.14326927e-05,572
6,72,6.98201620e-05,6.21522122e-05,6.21203508e-05,439
6,73,1.16589872e-04,2.64555110e-05,6.26078690e-05,605
6,74,4.01780489e-05,2.97666702e-05,6.24488312e-05,371
6,75,8.08729310e-05,5.83255751e-05,6.26874971e-05,302
6,76,1.42235822e-05,1.01088459e-04,6.24947643e-05,435
6,77,5.02070070e-05,1.02319034e-04,6.22869993e-05,121
6,78,6.70695590e-05,8.79996514e-05,6.26486071e-05,147
6,79,5.52244637e-05,1.02854588e-04,6.28387934e-05,237
6,80,4.19000844e-06,8.52368539e-05,6.30002323e-05,51
7,1,2.61751575e-06,5.88975417e-05,2.11596921e-06,1368
7,2,8.27261611e-05,6.64058462e-05,2.84091766e-06,4028
7,3,8.80469888e-05,7.68161553e-05,4.08998119e-07,359
7,4,2.31106897e-05,8.35924875e-05,5.03541230e-07,411
7,5,2.03007312e-05,8.64835529e-05,9.14718669e-07,657
7,6,1.20977202e-04,9.39069942e-05,2.15869633e-07,139
7,7,9.69313078e-06,1.06823987e-04,2.41739758e-06,1098
7,8,1.01343445e-04,1.09120476e-04,6.72416647e-08,81
7,9,5.51058401e-05,1.11788904e-04,6.77575201e-07,767
7,10,1.84712171e-05,1.14561437e-04,4.01400712e-06,6840
7,11,9.94998773e-05,1.17261348e-04,6.49018716e-07,617
7,12,1.10461857e-04,1.18953569e-04,2.47489083e-06,2391
7,13,9.73632559e-05,1.20037010e-04,5.84798272e-07,378
7,14,2.17034667e-05,8.55545586e-05,6.98671920e-06,1554
7,15,2.60823672e-05,2.68792974e-05,6.98956637e-06,937
7,16,9.11917305e-05,4.09599261e-06,8.23665960e-06,38
7,17,8.36826875e-05,9.00018567e-05,8.85489317e-06,219
7,18,8.08389377e-05,6.52368981e-05,1.67943217e-05,2255
7,19,1.01213765e-04,1.11024929e-04,9.97517509e-06,20
7,20,9.33299671e-05,1.11919246e-04,1.07160813e-05,191
7,21,1.22958343e-04,9.19856247e-05,1.46554685e-05,1404
7,22,8.51865625e-05,6.77328208e-05,1.65016427e-05,2312
7,23,1.02144637e-04,4.63171200e-05,1.65374295e-05,1012
7,24,8.21501089e-05,4.30955042e-05,1.64950561e-05,217
7,25,5.08712510e-05,1.65511810e-05,1.85117169e-05,874
7,26,1.06390115e-04,1.06972657e-04,1.78053269e-05,290
7,27,1.21652913e-04,7.42414632e-05,2.02249958e-05,402
7,28,1.35529917e-05,2.44995044e-05,2.06448713e-05,225
7,29,8.24783056e-05,6.73141985e-05,2.78013977e-05,5892
7,30,1.22942402e-05,3.89585985e-05,2.50767298e-05,190
7,31,1.00685917e-04,1.20944525e-04,2.50898484e-05,90
7,32,7.37751907e-05,1.25589751e-04,2.83400022e-05,1442
7,33,1.30939676e-04,5.64620750e-05,2.82704932e-05,603
7,34,8.07590823e-06,7.25178834e-05,2.74395334e-05,394
7,35,1.27786363e-04,2.98246105e-05,2.97995739e-05,240
7,36,1.05646635e-04,3.81581158e-05,3.52866482e-05,947
7,37,5.45819748e-05,8.60639120e-05,3.61974235e-05,579
7,38,2.58426371e-05,1.28607528e-04,3.74633237e-05,943
7,39,1.10475732e-04,3.45654189e-05,3.85592721e-05,420
7,40,9.09788578e-05,5.29136305e-05,3.91542526e-05,446
7,41,7.32520057e-05,5.26455151e-05,4.01654324e-05,602
7,42,4.17286319e-05,1.33007110e-04,4.17365336e-05,1929
7,43,1.08612963e-04,2.29452526e-05,4.13673624e-05,842
7,44,5.73445395e-05,8.71141820e-05,4.06523250e-05,195
7,45,5.10354075e-05,6.37599514e-05,4.38417082e-05,103
7,46,6.42060040e-05,1.33668975e-04,4.44359612e-05,309
7,47,1.93212763e-05,5.64096372e-05,4.44004436e-05,175
7,48,1.41496448e-05,5.34114733e-05,4.54218862e-05,477
7,49,7.10907407e-05,5.35160907e-05,4.60629781e-05,705
7,50,7.61762203e-05,5.50567747e-05,4.66134079e-05,586
7,51,1.16103947e-04,4.16559051e-05,4.87983707e-05,706
7,52,2.89510590e-05,2.13909098e-05,4.72581378e-05,70
7,53,1.48632553e-05,3.01341479e-05,4.90684724e-05,634
7,54,4.42662422e-05,1.04790211e-04,5.09232559e-05,562
7,55,1.78470764e-05,7.10085296e-05,5.11036524e-05,153
7,56,1.10419052e-04,1.31848195e-04,5.19421119e-05,371
7,57,1.13145361e-04,2.45839310e-05,5.18638553e-05,176
7,58,3.34895522e-05,8.99408406e-05,5.36782754e-05,348
7,59,5.03868578e-05,9.04279295e-05,5.30210855e-05,309
7,60,9.18915466e-05,1.18335192e-04,5.47338241e-05,808
7,61,4.45292426e-05,1.25123872e-04,5.75244376e-05,2842
7,62,7.46438236e-05,1.24280486e-04,5.61638444e-05,543
7,63,9.21980900e-05,1.14374607e-05,5.90636628e-05,296
7,64,1.02295444e-05,3.80303645e-05,5.80113083e-05,347
7,65,6.45128384e-05,5.08037119e-05,5.96670579e-05,451
7,66,5.18876186e-05,2.42679580e-05,6.13563971e-05,532
7,67,6.97703654e-05,6.20894061e-05,6.23561646e-05,631
7,68,8.80987718e-05,6.82074751e-05,6.21761501e-05,613
7,69,4.00087119e-05,2.89859872e-05,6.25861576e-05,679
7,70,1.16306335e-04,2.60870238e-05,6.25045141e-05,318
7,71,1.43304569e-05,1.00995545e-04,6.27127883e-05,467
7,72,4.97818110e-05,1.03037375e-04,6.24287495e-05,154
7,73,8.07994365e-05,5.88682451e-05,6.25875764e-05,94
7,74,6.69337169e-05,8.77583152e-05,6.25892280e-05,113
7,75,5.56011437e-05,1.02862774e-04,6.28297785e-05,246
7,76,4.19430307e-06,8.52499652e-05,6.29994902e-05,38
8,1,2.61720888e-05,2.68086205e-05,5.38400900e-06,2154
8,2,2.47593052e-05,2.80783315e-05,1.02414603e-07,29
8,3,4.17100546e-06,5.80827946e-05,4.66510699e-07,266
8,4,2.72356328e-06,6.01428292e-05,3.53474348e-07,283
8,5,8.57853884e-05,6.08545633e-05,2.40501720e-07,171
8,6,8.25157258e-05,6.72025926e-05,2.76578589e-06,3252
8,7,2.31824288e-05,7.34523855e-05,6.66607320e-08,37
8,8,8.80303996e-05,7.68489772e-05,2.84337176e-07,270
8,9,2.33933588e-05,8.37600164e-05,3.28684592e-07,234
8,10,2.02006286e-05,8.63465393e-05,6.26640258e-07,321
8,11,1.21104749e-04,9.39722668e-05,1.44646052e-07,122
8,12,1.07835112e-05,1.07153617e-04,2.21704227e-06,1335
8,13,1.01233032e-04,1.09158726e-04,4.48535928e-08,33
8,14,5.47873897e-05,1.10934154e-04,5.94761559e-07,735
8,15,1.87688638e-05,1.14449125e-04,4.06262780e-06,7162
8,16,9.93752183e-05,1.17147538e-04,2.63579409e-07,135
8,17,1.09747751e-04,1.18754928e-04,2.91310607e-06,1174
8,18,9.74846553e-05,1.19939476e-04,4.44223360e-07,261
8,19,3.45163085e-06,5.92580254e-05,5.00814758e-06,595
8,20,2.18828227e-05,8.55476974e-05,7.21240804e-06,1196
8,21,9.07751455e-05,4.66228084e-06,8.24027848e-06,129
8,22,8.36552936e-05,9.00281011e-05,8.82360564e-06,220
8,23,1.01188431e-04,1.10923829e-04,9.88001284e-06,84
8,24,8.07536780e-05,6.54774849e-05,1.66708869e-05,2671
8,25,9.35645294e-05,1.12004876e-04,1.04440487e-05,45
8,26,1.23244361e-04,9.22379768e-05,1.50563164e-05,1606
8,27,1.03068465e-04,4.63484539e-05,1.62001252e-05,790
8,28,5.09507627e-05,1.69655232e-05,1.84187302e-05,1537
8,29,8.28350167e-05,4.25522267e-05,1.65268757e-05,253
8,30,8.47265474e-05,6.87583597e-05,1.76469603e-05,1553
8,31,1.06462212e-04,1.07024272e-04,1.80187362e-05,280
8,32,1.21871984e-04,7.38271410e-05,2.02670963e-05,469
8,33,1.34727752e-05,2.45488663e-05,2.07587218e-05,333
8,34,8.25529278e-05,6.72576716e-05,2.80862350e-05,5404
8,35,1.23940290e-05,3.91575413e-05,2.54529368e-05,129
8,36,1.00726378e-04,1.20708202e-04,2.49684581e-05,65
8,37,7.34661589e-05,1.26004699e-04,2.79681517e-05,1306
8,38,1.30842440e-04,5.63589856e-05,2.85695151e-05,1202
8,39,8.15376006e-06,7.24037891e-05,2.75062266e-05,383
8,40,1.27976135e-04,3.05407302e-05,2.95500395e-05,213
8,41,1.05570296e-04,3.81756035e-05,3.54507356e-05,877
8,42,5.44936847e-05,8.60151777e-05,3.63937761e-05,498
8,43,2.59006483e-05,1.28577478e-04,3.75776472e-05,1111
8,44,1.10222696e-04,3.45933913e-05,3.84349842e-05,345
8,45,9.04604967e-05,5.28732307e-05,3.90946880e-05,470
8,46,4.18509262e-05,1.32998015e-04,4.18914569e-05,1685
8,47,1.08489170e-04,2.27937726e-05,4.15156610e-05,612
8,48,7.28022205e-05,5.22043592e-05,4.07078769e-05,125
8,49,5.74017795e-05,8.71614247e-05,4.06141080e-05,98
8,50,6.40943399e-05,1.33213558e-04,4.48880382e-05,726
8,51,5.10404207e-05,6.38619313e-05,4.36448572e-05,86
8,52,1.43184479e-05,5.33736456e-05,4.52109598e-05,622
8,53,7.60055991e-05,5.49820870e-05,4.63368269e-05,882
8,54,1.96449855e-05,5.61579691e-05,4.41960692e-05,150
8,55,7.11636749e-05,5.34320243e-05,4.62112293e-05,806
8,56,1.15949355e-04,4.13295274e-05,4.84813136e-05,1717
8,57,2.91680735e-05,2.14322390e-05,4.74747576e-05,115
8,58,1.56537735e-05,2.99155527e-05,4.89816230e-05,962
8,59,4.44347606e-05,1.04931431e-04,5.10080972e-05,545
8,60,1.78593145e-05,7.10255626e-05,5.11168437e-05,171
8,61,1.13155489e-04,2.48025826e-05,5.18213383e-05,317
8,62,1.37810610e-04,1.14391172e-04,5.24994539e-05,291
8,63,1.09778397e-04,1.32314904e-04,5.17748595e-05,31
8,64,3.34622018e-05,8.99970255e-05,5.36918124e-05,661
8,65,5.03205774e-05,9.03865075e-05,5.30460748e-05,284
8,66,9.16412391e-05,1.17961732e-04,5.50913683e-05,33
8,67,7.41605836e-05,1.23922495e-04,5.55580154e-05,205
8,68,4.44360376e-05,1.25397986e-04,5.80574851e-05,2321
8,69,5.42269627e-05,1.13790393e-05,5.66365670e-05,133
8,70,9.22383842e-05,1.14339091e-05,5.88564108e-05,487
8,71,9.53006565e-06,3.80241509e-05,5.78413492e-05,245
8,72,6.48793284e-05,5.02560542e-05,5.92440811e-05,251
8,73,5.21724396e-05,2.39384117e-05,6.14533710e-05,397
8,74,8.69214637e-05,6.83312464e-05,6.17155238e-05,382
8,75,1.15774354e-04,2.60325323e-05,6.22110310e-05,334
8,76,6.98012227e-05,6.21075014e-05,6.25129105e-05,568
8,77,3.98286320e-05,2.79002616e-05,6.25802350e-05,342
8,78,1.43930620e-05,1.01000915e-04,6.26211986e-05,521
8,79,4.93541738e-05,1.04082028e-04,6.24142267e-05,82
8,80,4.22382936e-06,8.52690937e-05,6.28564812e-05,89
8,81,6.66681153e-05,8.76419144e-05,6.24907625e-05,58
8,82,5.60608169e-05,1.03153245e-04,6.30941067e-05,213
9,1,2.60258021e-05,2.70842120e-05,3.85497333e-06,4551
9,2,4.57468059e-06,5.81834502e-05,3.38742922e-07,172
9,3,3.27713246e-06,6.07408365e-05,4.47143663e-07,334
9,4,8.54699028e-05,6.09421295e-05,3.75131293e-07,260
9,5,8.19449124e-05,6.77356802e-05,2.73036403e-06,4433
9,6,8.83709363e-05,7.68152167e-05,2.82676837e-07,135
9,7,2.33812098e-05,8.35962201e-05,1.35502631e-07,44
9,8,2.01867733e-05,8.63292371e-05,4.13196233e-07,126
9,9,1.16423535e-05,1.07387968e-04,2.82733276e-06,932
9,10,5.46102528e-05,1.10081812e-04,5.11922224e-07,533
9,11,1.89546299e-05,1.14525967e-04,3.97583835e-06,7298
9,12,9.95132796e-05,1.17083429e-04,3.96101541e-07,276
9,13,1.09162982e-04,1.18637232e-04,2.65777362e-06,2291
9,14,4.80647577e-05,1.19358279e-04,0.00000000e+00,16
9,15,9.75407602e-05,1.19951830e-04,3.54180798e-07,208
9,16,3.97167469e-06,5.95306337e-05,4.86433282e-06,559
9,17,2.18930400e-05,8.54481405e-05,7.19222362e-06,784
9,18,9.02772663e-05,5.02202602e-06,8.35804804e-06,168
9,19,8.38084161e-05,8.98969738e-05,8.52215726e-06,89
9,20,8.23415976e-05,6.76706768e-05,9.66395328e-06,227
9,21,9.36355354e-05,1.12002657e-04,1.05181871e-05,84
9,22,1.23512786e-04,9.22968102e-05,1.57414306e-05,2305
9,23,7.98561377e-05,6.65113621e-05,1.59361625e-05,1918
9,24,1.03778635e-04,4.64142395e-05,1.57047289e-05,827
9,25,8.34298553e-05,4.20962933e-05,1.62393299e-05,115
9,26,8.48430791e-05,6.83896869e-05,1.80928964e-05,1284
9,27,5.12056467e-05,1.73822682e-05,1.88562644e-05,1344
9,28,1.06488485e-04,1.06988002e-04,1.79281324e-05,195
9,29,1.21930978e-04,7.34729692e-05,2.01439361e-05,460
9,30,1.36250001e-05,2.46352756e-05,2.06381119e-05,222
9,31,8.26647374e-05,6.74104813e-05,2.81933389e-05,5144
9,32,1.00891171e-04,1.20720280e-04,2.48440192e-05,58
9,33,1.24523503e-05,3.92180955e-05,2.56572966e-05,114
9,34,7.31097171e-05,1.26361483e-04,2.74452068e-05,578
9,35,1.30626431e-04,5.62132409e-05,2.88731080e-05,1526
9,36,8.60914042e-06,7.28560044e-05,2.72203615e-05,198
9,37,1.28059823e-04,3.14188146e-05,2.94206511e-05,198
9,38,1.05533582e-04,3.82519465e-05,3.54489639e-05,946
9,39,5.45446310e-05,8.58315761e-05,3.64571715e-05,253
9,40,2.60585130e-05,1.28600033e-04,3.75768577e-05,944
9,41,1.09864384e-04,3.44372856e-05,3.81547434e-05,442
9,42,8.99285005e-05,5.28259370e-05,3.91032845e-05,648
9,43,7.17735456e-05,5.13893174e-05,4.01004399e-05,269
9,44,1.08571367e-04,2.28200806e-05,4.15535505e-05,851
9,45,5.76228413e-05,8.72028031e-05,4.03654485e-05,90
9,46,4.17843439e-05,1.32889327e-04,4.18559976e-05,924
9,47,5.11094804e-05,6.39572681e-05,4.36174778e-05,110
9,48,6.39409191e-05,1.32849425e-04,4.53457760e-05,633
9,49,1.42844519e-05,5.34096616e-05,4.53467946e-05,617
9,50,7.09722081e-05,5.34157625e-05,4.59639195e-05,752
9,51,7.60360344e-05,5.48875869e-05,4.63955475e-05,819
9,52,1.94265940e-05,5.63024514e-05,4.44235848e-05,99
9,53,1.16248404e-04,4.11681503e-05,4.80206945e-05,2709
9,54,2.94195506e-05,2.14492702e-05,4.73710534e-05,152
9,55,1.61259559e-05,2.97510742e-05,4.84230295e-05,780
9,56,1.79210820e-05,7.09782835e-05,5.10315876e-05,251
9,57,4.44063007e-05,1.05048370e-04,5.13326013e-05,483
9,58,1.09145461e-04,1.32646106e-04,5.15214451e-05,145
9,59,1.13103197e-04,2.48105225e-05,5.19608766e-05,527
9,60,1.38022646e-04,1.14546994e-04,5.26363583e-05,669
9,61,3.34186770e-05,9.00210944e-05,5.35860636e-05,972
9,62,5.04437558e-05,9.02380561e-05,5.31209262e-05,223
9,63,9.17701764e-05,1.17859716e-04,5.51131998e-05,31
9,64,7.40933465e-05,1.23857186e-04,5.51529738e-05,144
9,65,5.42068119e-05,1.14551140e-05,5.61359011e-05,186
9,66,4.43356512e-05,1.25462131e-04,5.85051275e-05,2649
9,67,8.89252715e-06,3.83931292e-05,5.74756705e-05,61
9,68,9.22606414e-05,1.13771112e-05,5.89644624e-05,505
9,69,6.50427319e-05,5.00497335e-05,5.92414435e-05,247
9,70,1.15362353e-04,2.54795941e-05,6.15297613e-05,790
9,71,3.94845665e-05,2.71517329e-05,6.21848667e-05,581
9,72,8.60859509e-05,6.81469246e-05,6.15974786e-05,521
9,73,5.22053379e-05,2.34855543e-05,6.16127581e-05,361
9,74,4.91166938e-05,1.04987586e-04,6.21764484e-05,157
9,75,8.00647540e-05,6.04260676e-05,6.30184368e-05,215
9,76,6.98136500e-05,6.20119754e-05,6.28996495e-05,266
9,77,4.14927354e-06,8.52668090e-05,6.28484922e-05,40
9,78,6.63515093e-05,8.76056874e-05,6.27764457e-05,157
9,79,1.45267968e-05,1.01013335e-04,6.27718837e-05,447
9,80,5.65246155e-05,1.03219500e-04,6.30077266e-05,242
10,1,2.59915396e-05,2.72116667e-05,3.62237938e-06,7761
10,2,5.53868176e-06,5.91234166e-05,3.19127793e-07,218
10,3,3.54626081e-06,6.07663133e-05,4.92788956e-07,378
10,4,8.51729928e-05,6.11370851e-05,5.29643557e-07,500
10,5,8.17958789e-05,6.85760751e-05,2.67713881e-06,3456
10,6,8.87832575e-05,7.73712964e-05,4.95340409e-08,10
10,7,1.21584228e-04,9.31114191e-05,0.00000000e+00,12
10,8,1.24565113e-05,1.08068052e-04,2.92043478e-06,614
10,9,5.46531337e-05,1.09283879e-04,5.32911372e-07,507
10,10,1.87992919e-05,1.14463364e-04,3.81932023e-06,8200
10,11,9.95309165e-05,1.17174794e-04,5.17739181e-07,417
10,12,1.08455446e-04,1.18830365e-04,3.79918265e-06,1873
10,13,4.80001072e-05,1.19399978e-04,0.00000000e+00,11
10,14,9.75371586e-05,1.20041848e-04,1.35061285e-07,33
10,15,4.47571483e-06,5.99967680e-05,4.94526330e-06,552
10,16,2.19349458e-05,8.54670070e-05,7.21264405e-06,656
10,17,8.38526976e-05,8.99280421e-05,8.30696627e-06,92
10,18,8.97255813e-05,5.45601051e-06,8.82389031e-06,31
10,19,1.01009326e-04,1.11189176e-04,9.75386411e-06,65
10,20,9.35627831e-05,1.12054964e-04,1.06296302e-05,81
10,21,7.98858164e-05,6.63614628e-05,1.69067898e-05,1953
10,22,1.23787628e-04,9.24123742e-05,1.59439787e-05,1572
10,23,8.40415232e-05,4.16716393e-05,1.59300271e-05,196
10,24,1.04361236e-04,4.63501783e-05,1.55458565e-05,609
10,25,5.15704742e-05,1.76196281e-05,1.94179065e-05,1402
10,26,1.06527703e-04,1.07210813e-04,1.80355419e-05,290
10,27,1.22034100e-04,7.30484462e-05,2.03466388e-05,403
10,28,1.37495626e-05,2.46432428e-05,2.08058100e-05,151
10,29,8.27637923e-05,6.75139745e-05,2.80648546e-05,5358
10,30,1.01059464e-04,1.20934732e-04,2.50245030e-05,40
10,31,1.23945110e-05,3.92344809e-05,2.55046543e-05,113
10,32,7.26665457e-05,1.26754079e-04,2.70005530e-05,532
10,33,8.96423444e-06,7.30704487e-05,2.70610726e-05,201
10,34,1.30607703e-04,5.61897032e-05,2.92596396e-05,1103
10,35,1.28258936e-04,3.20437066e-05,2.89684613e-05,112
10,36,1.05555649e-04,3.82653379e-05,3.57610588e-05,1079
10,37,5.44108771e-05,8.57139676e-05,3.64175212e-05,126
10,38,1.09610264e-04,3.42705462e-05,3.81087157e-05,867
10,39,2.61338973e-05,1.28522661e-04,3.76471253e-05,763
10,40,8.94954428e-05,5.28968085e-05,3.89293964e-05,402
10,41,7.12149631e-05,5.10258033e-05,4.01052894e-05,347
10,42,4.18687305e-05,1.32873189e-04,4.16017356e-05,789
10,43,1.08738852e-04,2.29335074e-05,4.15809372e-05,721
10,44,5.76329912e-05,8.71799566e-05,4.05153842e-05,109
10,45,5.11224280e-05,6.39739446e-05,4.36690279e-05,129
10,46,7.09705419e-05,5.31047735e-05,4.60530791e-05,1066
10,47,6.37401899e-05,1.32575995e-04,4.57043825e-05,844
10,48,1.95178436e-05,5.62387759e-05,4.44289981e-05,91
10,49,1.40812972e-05,5.35190302e-05,4.54532674e-05,412
10,50,7.61865813e-05,5.49650904e-05,4.64751756e-05,509
10,51,1.16384879e-04,4.10047105e-05,4.76010027e-05,889
10,52,1.66632726e-05,2.97460629e-05,4.81498864e-05,1021
10,53,2.93472294e-05,2.14891115e-05,4.72464017e-05,69
10,54,1.13388152e-04,2.47755270e-05,5.15889406e-05,636
10,55,1.79391172e-05,7.10347376e-05,5.10386853e-05,230
10,56,4.45701917e-05,1.04967781e-04,5.13117302e-05,370
10,57,1.08581000e-04,1.33073641e-04,5.19700698e-05,157
10,58,3.34735123e-05,8.98717699e-05,5.37972883e-05,842
10,59,7.31930995e-05,1.23954072e-04,5.51110752e-05,445
10,60,5.43920032e-05,1.17145510e-05,5.56834202e-05,87
10,61,4.42374221e-05,1.25747712e-04,5.89560659e-05,2540
10,62,9.23105399e-05,1.14034356e-05,5.90369236e-05,592
10,63,1.15195362e-04,2.53498092e-05,6.12135991e-05,778
10,64,6.50948205e-05,5.00202805e-05,5.95791935e-05,189
10,65,3.93392293e-05,2.63988986e-05,6.19421407e-05,1360
10,66,8.60162399e-05,6.79167861e-05,6.18060585e-05,558
10,67,5.23085982e-05,2.31467930e-05,6.16582183e-05,248
10,68,7.98595720e-05,6.09930066e-05,6.28315611e-05,346
10,69,6.97498108e-05,6.20472638e-05,6.27970876e-05,273
10,70,1.45678750e-05,1.00942852e-04,6.27607951e-05,506
10,71,6.61847516e-05,8.75974220e-05,6.27920599e-05,142
10,72,5.71416822e-05,1.03146820e-04,6.29655333e-05,345
10,73,4.86522331e-05,1.05931744e-04,6.24929380e-05,63
10,74,4.14184660e-06,8.52080993e-05,6.29385177e-05,49
11,1,2.58685832e-05,2.71106273e-05,3.68969222e-06,8746
11,2,1.04752318e-04,4.95918976e-05,1.24202060e-07,12
11,3,5.73917532e-06,5.93128243e-05,5.84132692e-07,438
11,4,8.51477525e-05,6.14275486e-05,6.49029630e-07,647
11,5,4.17196406e-06,6.19134371e-05,1.78183029e-07,114
11,6,8.10846032e-05,6.91379682e-05,2.63720199e-06,3875
11,7,2.32033417e-05,7.34600544e-05,0.00000000e+00,12
11,8,5.45636249e-05,1.08335182e-04,6.44608463e-07,550
11,9,1.31742509e-05,1.08638327e-04,4.02156684e-06,321
11,10,1.23523305e-05,1.09576067e-04,8.26690680e-08,12
11,11,1.88130307e-05,1.14426555e-04,3.87952787e-06,7745
11,12,9.95173832e-05,1.17192532e-04,3.31379482e-07,145
11,13,1.07716995e-04,1.19023563e-04,2.91835636e-06,1091
11,14,9.75806033e-05,1.20087003e-04,7.88283074e-08,25
11,15,5.09423899e-06,6.06954163e-05,5.57153953e-06,418
11,16,2.18622881e-05,8.55041217e-05,7.19831132e-06,666
11,17,8.38748456e-05,9.00097730e-05,8.61449098e-06,13
11,18,1.01175727e-04,1.11078924e-04,9.76345473e-06,255
11,19,9.35799253e-05,1.12053851e-04,1.07310552e-05,78
11,20,7.91604252e-05,6.73304021e-05,1.57245922e-05,1094
11,21,1.05278195e-04,4.65355952e-05,1.48689769e-05,1280
11,22,1.23837293e-04,9.25308195e-05,1.62938541e-05,2039
11,23,8.46982075e-05,4.11709007e-05,1.57644972e-05,186
11,24,5.16469154e-05,1.79250401e-05,1.97534118e-05,2139
11,25,1.06505053e-04,1.06970067e-04,1.79722483e-05,205
11,26,1.22324476e-04,7.26458966e-05,2.01652310e-05,311
11,27,1.36153103e-05,2.43758350e-05,2.06433306e-05,113
11,28,8.27371550e-05,6.75602860e-05,2.80289823e-05,5894
11,29,7.23972043e-05,1.26920320e-04,2.65724029e-05,1264
11,30,1.25358829e-05,3.91586800e-05,2.53884427e-05,130
11,31,1.01201855e-04,1.20938988e-04,2.53535727e-05,125
11,32,8.99402039e-06,7.29875319e-05,2.72165053e-05,254
11,33,1.28304047e-04,3.27378293e-05,2.86076829e-05,629
11,34,1.30521657e-04,5.60019071e-05,2.96620110e-05,1677
11,35,1.05607774e-04,3.81695208e-05,3.55979937e-05,1008
11,36,1.09549706e-04,3.39943217e-05,3.78635159e-05,739
11,37,5.42691487e-05,8.54419632e-05,3.63953877e-05,177
11,38,2.62151498e-05,1.28519838e-04,3.77025972e-05,529
11,39,8.89661096e-05,5.28547753e-05,3.87032378e-05,510
11,40,7.03714395e-05,5.05217758e-05,3.99961318e-05,339
11,41,4.18172604e-05,1.32834190e-04,4.17070733e-05,538
11,42,1.08781853e-04,2.31126924e-05,4.16499170e-05,470
11,43,5.11292346e-05,6.40263897e-05,4.36421724e-05,182
11,44,1.99265487e-05,5.60534572e-05,4.42529272e-05,71
11,45,1.40692582e-05,5.35125691e-05,4.54301662e-05,427
11,46,7.61311312e-05,5.47522977e-05,4.64261211e-05,689
11,47,6.36715922e-05,1.32151297e-04,4.63482611e-05,634
11,48,7.10525565e-05,5.31868172e-05,4.67141945e-05,1049
11,49,1.16242634e-04,4.07136322e-05,4.73332911e-05,740
11,50,2.93156882e-05,2.14187839e-05,4.71396779e-05,54
11,51,1.69500945e-05,2.95477967e-05,4.77996473e-05,808
11,52,1.13527705e-04,2.47798998e-05,5.11129001e-05,1025
11,53,1.78969549e-05,7.09833548e-05,5.09574929e-05,226
11,54,4.45473925e-05,1.04912753e-04,5.15300526e-05,366
11,55,3.35069526e-05,8.98772560e-05,5.39918292e-05,1029
11,56,5.02811199e-05,8.99790830e-05,5.33036728e-05,28
11,57,1.38367337e-04,1.14808659e-04,5.33206730e-05,39
11,58,7.24425990e-05,1.23858932e-04,5.48152530e-05,791
11,59,5.44083523e-05,1.18381786e-05,5.52844358e-05,74
11,60,4.40877520e-05,1.25753504e-04,5.92679025e-05,2408
11,61,9.23678454e-05,1.14866098e-05,5.89054107e-05,764
11,62,1.14894086e-04,2.51573856e-05,6.10441566e-05,553
11,63,7.05616912e-06,3.87028995e-05,5.85314192e-05,145
11,64,6.50802249e-05,5.03797964e-05,5.89892115e-05,168
11,65,5.29034696e-05,2.27580476e-05,6.12678414e-05,507
11,66,3.89428096e-05,2.55906216e-05,6.16306206e-05,781
11,67,8.56556217e-05,6.76522468e-05,6.17027326e-05,510
11,68,7.93356230e-05,6.15290483e-05,6.30433060e-05,289
11,69,6.96944917e-05,6.20227802e-05,6.26771798e-05,228
11,70,1.45532804e-05,1.00886304e-04,6.25544126e-05,584
11,71,4.85477758e-05,1.06777348e-04,6.20883438e-05,51
11,72,4.13414136e-06,8.52678495e-05,6.29415517e-05,93
11,73,6.58276549e-05,8.76315607e-05,6.28228736e-05,133
11,74,5.75555750e-05,1.03166662e-04,6.29870410e-05,410
12,1,2.59978297e-05,2.70826840e-05,3.86865622e-06,7502
12,2,1.04560415e-04,4.98553891e-05,1.18531420e-06,351
12,3,6.58104318e-06,6.03432673e-05,3.92570797e-07,195
12,4,8.51595032e-05,6.15241006e-05,6.58310569e-07,584
12,5,4.21284039e-06,6.17781479e-05,3.96802022e-07,204
12,6,8.05959862e-05,6.95357085e-05,2.07368498e-06,1991
12,7,5.43297865e-05,1.07517269e-04,5.27237432e-07,374
12,8,1.40257653e-05,1.09321474e-04,2.58208456e-06,1140
12,9,1.89853490e-05,1.14360992e-04,3.87349974e-06,8252
12,10,1.07338805e-04,1.18406526e-04,3.98102611e-06,2695
12,11,5.44954491e-06,6.11616488e-05,5.09592337e-06,507
12,12,2.19910507e-05,8.55176768e-05,7.19978561e-06,552
12,13,8.37336192e-05,8.99906299e-05,8.20358400e-06,360
12,14,1.01300480e-04,1.11102498e-04,9.72882481e-06,327
12,15,9.33920892e-05,1.11985035e-04,1.06282505e-05,211
12,16,7.94344887e-05,6.87175561e-05,1.06916705e-05,34
12,17,1.05581035e-04,4.66041020e-05,1.46740322e-05,1904
12,18,1.24106635e-04,9.25232889e-05,1.64673456e-05,2159
12,19,8.52984231e-05,4.08253291e-05,1.56548849e-05,181
12,20,7.88148973e-05,6.74163748e-05,1.65500769e-05,10
12,21,1.06531465e-04,1.07000291e-04,1.79355720e-05,190
12,22,5.19932037e-05,1.82989770e-05,2.02140454e-05,1237
12,23,1.22460435e-04,7.20686148e-05,2.00636532e-05,328
12,24,1.36360077e-05,2.42834485e-05,2.07804515e-05,66
12,25,8.27252734e-05,6.74903931e-05,2.80169061e-05,5782
12,26,7.21793040e-05,1.27341453e-04,2.60902616e-05,1344
12,27,1.27403046e-05,3.93535993e-05,2.54725255e-05,212
12,28,1.01185993e-04,1.20858283e-04,2.55834693e-05,181
12,29,9.31794420e-06,7.33537381e-05,2.70403871e-05,178
12,30,1.28422529e-04,3.34426586e-05,2.81022621e-05,255
12,31,1.30598608e-04,5.60850385e-05,3.01945493e-05,1544
12,32,1.05658248e-04,3.81784048e-05,3.58904363e-05,1627
12,33,5.43544156e-05,8.54100799e-05,3.61974708e-05,237
12,34,1.09484201e-04,3.38426944e-05,3.75136296e-05,283
12,35,2.60789911e-05,1.28560685e-04,3.76077951e-05,626
12,36,8.84498149e-05,5.27185002e-05,3.86666870e-05,474
12,37,6.97055802e-05,5.01610266e-05,3.98310403e-05,385
12,38,4.18926938e-05,1.32871151e-04,4.17580450e-05,1028
12,39,1.08960587e-04,2.30939659e-05,4.13182352e-05,367
12,40,5.76336606e-05,8.71705488e-05,4.05879437e-05,134
12,41,5.12685692e-05,6.41541046e-05,4.35757611e-05,162
12,42,1.16223178e-04,4.03329686e-05,4.72115753e-05,2537
12,43,1.42174440e-05,5.34630453e-05,4.55771551e-05,530
12,44,7.60981784e-05,5.47563286e-05,4.61337768e-05,844
12,45,1.96010169e-05,5.63927206e-05,4.44031612e-05,68
12,46,6.37614285e-05,1.31785186e-04,4.65370795e-05,757
12,47,7.12085093e-05,5.31890764e-05,4.66561578e-05,868
12,48,1.79574490e-05,2.94025031e-05,4.71111125e-05,1055
12,49,1.13533053e-04,2.47902008e-05,5.10348509e-05,1072
12,50,1.79137496e-05,7.09596206e-05,5.10319041e-05,227
12,51,4.46316735e-05,1.04841056e-04,5.14360763e-05,521
12,52,3.35081822e-05,8.98205399e-05,5.40191322e-05,1102
12,53,1.38653588e-04,1.15029798e-04,5.35631298e-05,248
12,54,5.04691889e-05,9.00128507e-05,5.35809741e-05,358
12,55,7.18173760e-05,1.23914186e-04,5.42548041e-05,140
12,56,5.45122202e-05,1.18842499e-05,5.53594946e-05,95
12,57,7.35757567e-05,5.48950738e-05,5.63099893e-05,21
12,58,4.39680698e-05,1.25993407e-04,5.97361395e-05,2535
12,59,9.23366024e-05,1.13502556e-05,5.90237178e-05,292
12,60,6.49827853e-05,5.07465593e-05,5.91364224e-05,176
12,61,3.86698630e-05,2.47670214e-05,6.13208831e-05,1759
12,62,5.32353406e-05,2.25705371e-05,6.11286960e-05,965
12,63,4.83077783e-05,1.07654821e-04,6.20496212e-05,373
12,64,1.14232847e-04,2.52051723e-05,6.26637193e-05,393
12,65,8.54435566e-05,6.73622271e-05,6.20171922e-05,217
12,66,7.89810583e-05,6.19693019e-05,6.30169525e-05,281
12,67,1.45971244e-05,1.00914927e-04,6.25414759e-05,609
12,68,6.97425421e-05,6.19045677e-05,6.27219561e-05,158
12,69,4.12338022e-06,8.53112724e-05,6.28205380e-05,69
12,70,5.79510888e-05,1.03203485e-04,6.29866918e-05,325
12,71,6.55335243e-05,8.77353523e-05,6.29206188e-05,115
13,1,2.60007146e-05,2.70410237e-05,3.85043404e-06,7844
13,2,1.05138446e-04,4.97001383e-05,7.69920746e-07,514
13,3,6.20522042e-06,6.15880417e-05,2.32773618e-06,1383
13,4,8.54965547e-05,6.21151412e-05,3.03266404e-07,221
13,5,8.01892893e-05,7.05155326e-05,2.55775126e-06,3294
13,6,2.31650774e-05,7.33969500e-05,1.84387915e-07,131
13,7,5.39476496e-05,1.06767497e-04,5.02235480e-07,369
13,8,1.49244888e-05,1.09751752e-04,4.56031603e-06,413
13,9,1.48458985e-05,1.10969057e-04,3.16320325e-07,66
13,10,1.87789119e-05,1.14550581e-04,3.84628174e-06,7848
13,11,9.77308300e-05,1.20093639e-04,0.00000000e+00,22
13,12,1.06483967e-04,1.18515367e-04,6.51614891e-06,551
13,13,2.19098729e-05,8.55005710e-05,7.11093480e-06,654
13,14,8.37447151e-05,9.00862215e-05,8.43428188e-06,69
13,15,1.01341873e-04,1.10877845e-04,9.63463663e-06,333
13,16,8.84942274e-05,6.92687354e-06,1.05105837e-05,167
13,17,9.34014897e-05,1.12043992e-04,1.04997371e-05,198
13,18,1.05916726e-04,4.65266166e-05,1.46927678e-05,2302
13,19,1.24294616e-04,9.26256616e-05,1.66722748e-05,1374
13,20,8.59444190e-05,4.04557832e-05,1.55442358e-05,126
13,21,1.06611114e-04,1.07000669e-04,1.80822990e-05,109
13,22,5.21588809e-05,1.86862344e-05,2.05522720e-05,1264
13,23,1.22598547e-04,7.15488277e-05,2.00306695e-05,324
13,24,1.35726023e-05,2.39985293e-05,2.04189091e-05,100
13,25,8.27798722e-05,6.73804971e-05,2.81796729e-05,5563
13,26,7.19456293e-05,1.27456689e-04,2.54423721e-05,665
13,27,1.28800821e-05,3.93375740e-05,2.53907947e-05,154
13,28,9.35302523e-06,7.39260722e-05,2.68416916e-05,154
13,29,1.28264670e-04,3.39944017e-05,2.79200594e-05,179
13,30,1.30602566e-04,5.59128348e-05,3.05275789e-05,1346
13,31,1.05766892e-04,3.80790043e-05,3.57641293e-05,1330
13,32,5.44587929e-05,8.55346370e-05,3.60035956e-05,239
13,33,2.61282112e-05,1.28442000e-04,3.73860603e-05,552
13,34,1.09263900e-04,3.37907622e-05,3.74555821e-05,158
13,35,8.79271975e-05,5.27148586e-05,3.84222039e-05,465
13,36,6.90157103e-05,4.94718806e-05,3.99605269e-05,275
13,37,1.09025073e-04,2.31383274e-05,4.11447581e-05,440
13,38,4.19975149e-05,1.32973844e-04,4.18424534e-05,608
13,39,5.77323481e-05,8.70453223e-05,4.07658881e-05,32
13,40,5.32124941e-05,2.79252963e-05,4.19999960e-05,10
13,41,5.11376311e-05,6.42631785e-05,4.34864414e-05,175
13,42,1.16589348e-04,4.01807301e-05,4.69583392e-05,1854
13,43,1.95908433e-05,5.65702467e-05,4.45872138e-05,62
13,44,1.86980560e-05,2.92417608e-05,4.63485048e-05,722
13,45,7.62608324e-05,5.46856099e-05,4.62284224e-05,670
13,46,1.42478111e-05,5.35817344e-05,4.55318004e-05,204
13,47,7.12853071e-05,5.33232233e-05,4.65499761e-05,593
13,48,6.36932964e-05,1.31344132e-04,4.68713079e-05,537
13,49,2.90507633e-05,2.13810581e-05,4.68061116e-05,18
13,50,1.13539936e-04,2.47194021e-05,5.09799502e-05,1181
13,51,4.47922466e-05,1.04818137e-04,5.11272374e-05,732
13,52,1.80060033e-05,7.09346423e-05,5.10471982e-05,156
13,53,3.34589131e-05,8.98819271e-05,5.40773653e-05,1382
13,54,5.04206510e-05,9.00524683e-05,5.38123240e-05,613
13,55,5.44876712e-05,1.19362221e-05,5.50934528e-05,207
13,56,4.39774922e-05,1.26030267e-04,6.02075852e-05,1900
13,57,5.81199401e-06,3.91377835e-05,5.81014101e-05,100
13,58,6.47355555e-05,5.14990788e-05,5.93791665e-05,428
13,59,9.23540865e-05,1.12981570e-05,5.89654082e-05,30
13,60,5.34666615e-05,2.25227523e-05,6.08389200e-05,737
13,61,3.85499516e-05,2.41264079e-05,6.11260111e-05,763
13,62,8.50170909e-05,6.71399830e-05,6.20617429e-05,256
13,63,1.13711263e-04,2.47866265e-05,6.30476861e-05,114
13,64,6.97377618e-05,6.19515995e-05,6.25444300e-05,283
13,65,7.85016018e-05,6.25486573e-05,6.30827053e-05,337
13,66,1.47085557e-05,1.01019010e-04,6.24937675e-05,553
13,67,4.81356874e-05,1.08336091e-04,6.23764863e-05,235
13,68,4.28276326e-06,8.52747544e-05,6.28187336e-05,55
13,69,5.87312388e-05,1.03059116e-04,6.28959169e-05,232
13,70,6.53491225e-05,8.78560168e-05,6.28433118e-05,38
14,1,2.61794230e-05,2.69477059e-05,4.04434013e-06,6854
14,2,1.05258689e-04,4.95152490e-05,9.17055587e-08,27
14,3,6.93838547e-06,6.17943078e-05,3.43476017e-06,1148
14,4,5.67038433e-06,6.32458614e-05,2.74737772e-07,121
14,5,8.55815961e-05,6.29995920e-05,3.41239925e-08,29
14,6,7.99363988e-05,7.11990142e-05,2.56881617e-06,3630
14,7,2.31168342e-05,7.34177811e-05,1.26572957e-07,70
14,8,1.21506375e-04,9.27333167e-05,1.29807617e-07,19
14,9,5.37731103e-05,1.05934545e-04,6.15341548e-07,405
14,10,1.86360994e-05,1.14529743e-04,3.93536629e-06,6815
14,11,1.05873987e-04,1.18614560e-04,4.81673760e-06,2322
14,12,4.77528229e-05,1.19528166e-04,0.00000000e+00,17
14,13,9.77789095e-05,1.20182987e-04,1.01412660e-07,34
14,14,1.59655046e-05,1.10151028e-04,5.45256307e-06,299
14,15,2.19162066e-05,8.54829050e-05,7.20545722e-06,688
14,16,8.38553242e-05,9.00178857e-05,8.34898219e-06,43
14,17,1.01281672e-04,1.10978879e-04,9.87918247e-06,302
14,18,8.80060834e-05,7.40791347e-06,1.05561166e-05,345
14,19,9.34539785e-05,1.12124086e-04,1.06397392e-05,118
14,20,1.06053973e-04,4.67252830e-05,1.48254940e-05,1871
14,21,1.24552331e-04,9.28663867e-05,1.71917236e-05,2091
14,22,5.23893978e-05,1.91288509e-05,2.05120723e-05,2045
14,23,1.06576765e-04,1.07136468e-04,1.81614214e-05,263
14,24,1.22870188e-04,7.10815293e-05,1.99324750e-05,334
14,25,1.36231101e-05,2.41550424e-05,2.02315969e-05,43
14,26,8.27076001e-05,6.73100731e-05,2.81700250e-05,5768
14,27,7.15532296e-05,1.27657986e-04,2.45296887e-05,501
14,28,1.28139036e-05,3.92954862e-05,2.50001995e-05,42
14,29,1.01238140e-04,1.20900579e-04,2.47922871e-05,36
14,30,9.79472406e-06,7.40788528e-05,2.69160028e-05,219
14,31,1.28208514e-04,3.46354827e-05,2.77914387e-05,19
14,32,1.30498491e-04,5.58063766e-05,3.09258467e-05,1798
14,33,1.05723768e-04,3.80147285e-05,3.55050106e-05,1105
14,34,5.45254334e-05,8.56275074e-05,3.57668323e-05,161
14,35,1.08916734e-04,3.37244855e-05,3.76290336e-05,346
14,36,2.62191988e-05,1.28500309e-04,3.74427691e-05,416
14,37,8.72639139e-05,5.28110322e-05,3.84851628e-05,323
14,38,6.82543541e-05,4.88716323e-05,4.01950783e-05,394
14,39,5.79102052e-05,8.70897929e-05,4.07448970e-05,76
14,40,1.09086737e-04,2.31237755e-05,4.13450907e-05,128
14,41,4.19373391e-05,1.33041030e-04,4.15716240e-05,14
14,42,5.11386752e-05,6.43129824e-05,4.34263893e-05,175
14,43,9.43528066e-05,7.46154910e-06,4.43013305e-05,15
14,44,1.91706986e-05,2.91965498e-05,4.63261640e-05,1223
14,45,1.94188106e-05,5.67279640e-05,4.45993610e-05,55
14,46,1.16550989e-04,3.99947785e-05,4.63441575e-05,570
14,47,7.63271310e-05,5.47025556e-05,4.63734432e-05,529
14,48,7.12748588e-05,5.32225095e-05,4.63838296e-05,583
14,49,6.36253535e-05,1.31041976e-04,4.69222505e-05,733
14,50,1.41319051e-05,5.36329026e-05,4.55000118e-05,18
14,51,2.91773704e-05,2.14913616e-05,4.67748505e-05,69
14,52,1.13710812e-04,2.47863609e-05,5.10892787e-05,1210
14,53,4.49795334e-05,1.04854196e-04,5.10061291e-05,571
14,54,1.80138904e-05,7.08915322e-05,5.10865793e-05,129
14,55,3.34133365e-05,9.00229497e-05,5.40488873e-05,1543
14,56,5.02960356e-05,9.00497034e-05,5.39382490e-05,716
14,57,7.13356421e-05,1.23988255e-04,5.40010878e-05,124
14,58,5.45321527e-05,1.18431608e-05,5.50277800e-05,216
14,59,1.39119540e-04,1.15184921e-04,5.42668786e-05,45
14,60,4.36927185e-05,1.26250045e-04,6.08972732e-05,2707
14,61,5.32022386e-06,3.93150003e-05,5.81949680e-05,93
14,62,6.45235850e-05,5.18125271e-05,5.96317223e-05,418
14,63,3.82805629e-05,2.32288603e-05,6.07808470e-05,1028
14,64,5.36326152e-05,2.23457810e-05,6.07147886e-05,704
14,65,6.97363284e-05,6.18580016e-05,6.22155130e-05,378
14,66,8.43941671e-05,6.66416963e-05,6.22483713e-05,320
14,67,1.48362078e-05,1.01168487e-04,6.21751096e-05,491
14,68,4.79425253e-05,1.09261637e-04,6.25360553e-05,70
14,69,1.13190014e-04,2.44367675e-05,6.33842646e-05,215
14,70,7.79285547e-05,6.28882626e-05,6.31717267e-05,170
14,71,6.52471354e-05,8.80746957e-05,6.27501067e-05,74
14,72,5.93646619e-05,1.03134036e-04,6.29667848e-05,217
15,1,2.61733494e-05,2.69870307e-05,4.05972605e-06,5870
15,2,8.15845215e-06,6.17881524e-05,3.96374674e-07,163
15,3,5.94585708e-06,6.32921074e-05,3.30743660e-07,215
15,4,7.95658198e-05,7.17195508e-05,2.62516642e-06,3874
15,5,2.02375031e-05,8.67501221e-05,0.00000000e+00,11
15,6,1.21749945e-04,9.29883827e-05,1.70784602e-07,58
15,7,5.36705957e-05,1.05210354e-04,4.89527167e-07,332
15,8,1.82536660e-05,1.14443756e-04,4.19532125e-06,5588
15,9,2.09861100e-05,1.13644339e-04,1.86580223e-07,260
15,10,9.98770411e-05,1.17066316e-04,3.18325249e-07,143
15,11,1.05485786e-04,1.18734933e-04,5.15464399e-06,5469
15,12,9.77024392e-05,1.20176970e-04,2.25116494e-07,94
15,13,7.01137014e-06,6.26015535e-05,4.79041273e-06,660
15,14,1.68562201e-05,1.10241446e-04,5.42267617e-06,447
15,15,2.19557805e-05,8.54374011e-05,7.24080019e-06,656
15,16,8.37718180e-05,8.99362349e-05,8.12995859e-06,217
15,17,8.78101418e-05,8.01192891e-06,1.06364123e-05,477
15,18,1.01298290e-04,1.11188478e-04,9.95598475e-06,374
15,19,1.06359294e-04,4.68359576e-05,1.44430996e-05,1686
15,20,9.34717609e-05,1.12160713e-04,1.08000067e-05,216
15,21,1.24801372e-04,9.31241229e-05,1.74524175e-05,1603
15,22,8.66725459e-05,3.99171586e-05,1.56888782e-05,29
15,23,1.06615240e-04,1.07063068e-04,1.80250026e-05,204
15,24,1.22964484e-04,7.05204875e-05,1.98137313e-05,332
15,25,5.25854593e-05,1.94458753e-05,2.07681751e-05,1302
15,26,1.37038360e-05,2.41158923e-05,2.04426251e-05,80
15,27,7.10322493e-05,1.28148589e-04,2.36044634e-05,446
15,28,8.27908952e-05,6.72759343e-05,2.82389337e-05,5619
15,29,1.01356534e-04,1.20975026e-04,2.50168614e-05,176
15,30,1.25900960e-05,3.94987837e-05,2.52101945e-05,83
15,31,1.03927368e-05,7.45454890e-05,2.66178267e-05,296
15,32,1.28072643e-04,3.53142023e-05,2.75678012e-05,118
15,33,1.30572502e-04,5.58620632e-05,3.13751480e-05,1820
15,34,1.05693834e-04,3.79725134e-05,3.55021111e-05,1211
15,35,5.44658396e-05,8.55702892e-05,3.55569864e-05,213
15,36,1.08787994e-04,3.36794728e-05,3.73238618e-05,850
15,37,2.61732275e-05,1.28512998e-04,3.74084957e-05,316
15,38,8.66603586e-05,5.27718003e-05,3.86401152e-05,271
15,39,6.75326519e-05,4.84508273e-05,4.05707287e-05,242
15,40,1.09143184e-04,2.31972153e-05,4.12964218e-05,81
15,41,5.81912136e-05,8.70703661e-05,4.06643667e-05,192
15,42,4.20125398e-05,1.33138383e-04,4.22144512e-05,87
15,43,5.11204016e-05,6.41905208e-05,4.35398470e-05,130
15,44,9.44625644e-05,7.27117413e-06,4.42358796e-05,17
15,45,1.16670941e-04,3.95635871e-05,4.62034441e-05,1018
15,46,1.93362866e-05,5.66882372e-05,4.45430669e-05,47
15,47,1.97504796e-05,2.90337211e-05,4.59033981e-05,511
15,48,6.34455209e-05,1.30575936e-04,4.72391985e-05,995
15,49,1.42422978e-05,5.36347725e-05,4.55920454e-05,82
15,50,7.62945565e-05,5.46898336e-05,4.63943070e-05,498
15,51,7.14887574e-05,5.32593331e-05,4.64776494e-05,291
15,52,2.94646215e-05,2.15242580e-05,4.68405306e-05,107
15,53,1.13808252e-04,2.46155269e-05,5.15070496e-05,1214
15,54,4.48706778e-05,1.04889492e-04,5.10365207e-05,526
15,55,1.80343395e-05,7.09735323e-05,5.09181627e-05,170
15,56,1.05697080e-04,1.35295908e-04,5.13086306e-05,34
15,57,3.34759170e-05,9.00576124e-05,5.42329908e-05,1543
15,58,7.01377066e-05,1.24026628e-04,5.39771827e-05,375
15,59,5.01250179e-05,8.99856386e-05,5.41790796e-05,708
15,60,1.39611933e-04,1.15372794e-04,5.46023512e-05,410
15,61,5.45487601e-05,1.18149401e-05,5.47008094e-05,67
15,62,4.48581204e-06,3.95962306e-05,5.82369612e-05,40
15,63,4.36918162e-05,1.26333136e-04,6.11306605e-05,1713
15,64,6.41730585e-05,5.22150804e-05,5.95983365e-05,348
15,65,3.82934450e-05,2.24348769e-05,6.05757486e-05,722
15,66,1.12433445e-04,2.42501374e-05,6.20979408e-05,556
15,67,5.38634740e-05,2.18299974e-05,6.09506096e-05,445
15,68,1.50687356e-05,1.01201076e-04,6.21546642e-05,363
15,69,6.95899216e-05,6.18861595e-05,6.22877415e-05,231
15,70,8.36842373e-05,6.56818302e-05,6.24515014e-05,483
15,71,4.73690161e-05,1.10089961e-04,6.21055733e-05,107
15,72,7.73246938e-05,6.32532538e-05,6.29414135e-05,133
15,73,4.29041711e-06,8.52151861e-05,6.25782632e-05,39
15,74,6.01305437e-05,1.03085506e-04,6.27702684e-05,345
15,75,9.76261799e-05,6.18156118e-05,6.30525392e-05,88
15,76,6.51746377e-05,8.82062523e-05,6.27852423e-05,51
16,1,2.62062367e-05,2.69321390e-05,4.55268400e-06,4598
16,2,7.94300013e-06,6.18854610e-05,0.00000000e+00,13
16,3,6.23571304e-06,6.42448431e-05,3.63690646e-07,135
16,4,7.93542858e-05,7.23374033e-05,2.51799747e-06,2056
16,5,8.79588988e-05,7.64640281e-05,2.98374545e-07,10
16,6,2.02812589e-05,8.68312054e-05,0.00000000e+00,10
16,7,8.55629187e-05,9.09792288e-05,0.00000000e+00,18
16,8,1.21698751e-04,9.32842377e-05,3.40400675e-07,178
16,9,5.35913168e-05,1.04306695e-04,7.46674402e-07,635
16,10,1.82848071e-05,1.09266140e-04,2.33068178e-07,108
16,11,1.82690546e-05,1.14175025e-04,4.15849399e-06,3319
16,12,9.97321840e-05,1.17064308e-04,4.28970338e-07,206
16,13,9.78147218e-05,1.20285345e-04,1.58253897e-07,50
16,14,1.04975283e-04,1.20301491e-04,1.13911403e-06,117
16,15,7.20619937e-06,6.31214716e-05,4.95511313e-06,488
16,16,1.04761944e-04,1.18820011e-04,8.25559528e-06,1930
16,17,1.76056583e-05,1.10669404e-04,5.53518657e-06,597
16,18,2.19542853e-05,8.53853708e-05,7.08283596e-06,757
16,19,8.36569743e-05,8.99768565e-05,7.96951099e-06,466
16,20,1.01249389e-04,1.11283822e-04,9.59035333e-06,127
16,21,8.73972749e-05,8.21391859e-06,1.11247637e-05,417
16,22,9.34076015e-05,1.12030146e-04,1.09487664e-05,152
16,23,1.06878135e-04,4.68900835e-05,1.43959687e-05,1621
16,24,8.73626486e-05,3.95730531e-05,1.52984921e-05,52
16,25,1.24884245e-04,9.33624178e-05,1.77499005e-05,1470
16,26,1.06678002e-04,1.07022315e-04,1.80548941e-05,117
16,27,5.26174481e-05,1.98207454e-05,2.08599449e-05,1417
16,28,1.23049613e-04,6.99672673e-05,1.98563757e-05,524
16,29,1.36964609e-05,2.41733287e-05,2.07525718e-05,126
16,30,7.05978018e-05,1.28581945e-04,2.30230016e-05,1059
16,31,8.28621996e-05,6.71516318e-05,2.78863427e-05,5592
16,32,1.27317726e-05,3.95811439e-05,2.52624759e-05,264
16,33,1.01420868e-04,1.20954101e-04,2.52599548e-05,133
16,34,1.08569839e-05,7.49880273e-05,2.68240401e-05,414
16,35,1.28269603e-04,3.60126905e-05,2.72873494e-05,161
16,36,1.30620101e-04,5.58374632e-05,3.16887599e-05,1319
16,37,1.05968255e-04,3.79536868e-05,3.55001539e-05,1347
16,38,1.08633401e-04,3.33279895e-05,3.72805698e-05,1389
16,39,5.45382754e-05,8.56967454e-05,3.56369055e-05,215
16,40,2.63209076e-05,1.28495885e-04,3.72966315e-05,300
16,41,9.91128327e-05,1.15584035e-05,3.67496577e-05,34
16,42,8.61272274e-05,5.27631964e-05,3.85401509e-05,167
16,43,1.09075838e-04,2.31601280e-05,4.13888556e-05,201
16,44,6.68300854e-05,4.79506234e-05,4.07395273e-05,234
16,45,5.82604443e-05,8.71308512e-05,4.08549931e-05,254
16,46,4.20510660e-05,1.33085196e-04,4.18074342e-05,101
16,47,1.16962277e-04,3.92045004e-05,4.59714101e-05,3027
16,48,5.09915189e-05,6.43150634e-05,4.32879606e-05,173
16,49,1.94908989e-05,5.63422036e-05,4.42595738e-05,29
16,50,2.03177260e-05,2.85629903e-05,4.59691946e-05,898
16,51,1.43651869e-05,5.34828687e-05,4.57441201e-05,375
16,52,7.62262353e-05,5.46259180e-05,4.63375218e-05,728
16,53,6.32831652e-05,1.30315049e-04,4.77470458e-05,1385
16,54,7.15299611e-05,5.33831371e-05,4.65072371e-05,105
16,55,2.97072584e-05,2.14886841e-05,4.69220795e-05,138
16,56,4.49244508e-05,1.04877559e-04,5.10015525e-05,510
16,57,1.13780450e-04,2.47471253e-05,5.15702704e-05,842
16,58,1.79650688e-05,7.09623564e-05,5.10242862e-05,304
16,59,3.35996374e-05,9.00385858e-05,5.41591799e-05,1208
16,60,5.01046743e-05,8.99711522e-05,5.41514019e-05,852
16,61,6.96713178e-05,1.24066442e-04,5.38003442e-05,10
16,62,5.44553222e-05,1.17978070e-05,5.50529367e-05,77
16,63,6.37980193e-05,5.28714336e-05,5.91878452e-05,313
16,64,4.31697335e-05,1.26561499e-04,6.15939061e-05,2311
16,65,3.80849488e-05,2.16244534e-05,6.02272485e-05,617
16,66,5.39126631e-05,2.14724278e-05,6.11756841e-05,346
16,67,1.51178447e-05,1.01157158e-04,6.20111314e-05,350
16,68,4.69263177e-05,1.10822344e-04,6.22077496e-05,150
16,69,6.94172122e-05,6.18238992e-05,6.22511943e-05,80
16,70,8.37031112e-05,6.54062460e-05,6.24867680e-05,423
16,71,4.29274905e-06,8.52337325e-05,6.25090470e-05,155
16,72,6.51167429e-05,8.85989575e-05,6.28348425e-05,118
16,73,6.07740949e-05,1.02808946e-04,6.29115457e-05,320
16,74,9.76377924e-05,6.18133708e-05,6.32412848e-05,83
16,75,7.67419842e-05,6.33921882e-05,6.29503411e-05,72
17,1,2.64200116e-05,2.68518143e-05,5.12209044e-06,3436
17,2,2.47499993e-05,2.73625610e-05,0.00000000e+00,11
17,3,7.85422253e-06,6.33779637e-05,3.00412989e-06,1405
17,4,7.85994416e-05,7.29450403e-05,2.21979258e-06,1828
17,5,8.81931119e-05,7.65702207e-05,1.86617996e-07,64
17,6,2.22309773e-05,8.33100858e-05,4.88978969e-07,280
17,7,1.21476987e-04,9.34304844e-05,6.11061012e-07,605
17,8,5.37771775e-05,1.03382044e-04,6.10596203e-07,468
17,9,1.83205866e-05,1.12204776e-04,2.29332136e-06,3423
17,10,9.80123077e-05,1.20343211e-04,1.83304337e-07,81
17,11,1.90597802e-05,1.14427778e-04,6.63481660e-06,2012
17,12,2.20010788e-05,8.52591911e-05,7.15091119e-06,819
17,13,1.04060942e-04,1.19075092e-04,9.32700550e-06,1194
17,14,8.36914915e-05,9.00425366e-05,8.30998852e-06,160
17,15,8.71448137e-05,8.79701747e-06,1.14979166e-05,324
17,16,9.35083590e-05,1.12017369e-04,1.11938043e-05,240
17,17,1.07189175e-04,4.69882980e-05,1.35496748e-05,1163
17,18,8.77799248e-05,3.93280970e-05,1.54892823e-05,98
17,19,1.25228704e-04,9.35272910e-05,1.84095916e-05,2328
17,20,1.06872176e-04,1.07239663e-04,1.82046952e-05,146
17,21,5.28584096e-05,2.00790200e-05,2.08360379e-05,1848
17,22,1.23407255e-04,6.94500995e-05,1.96512447e-05,425
17,23,7.04324048e-05,1.28993750e-04,2.23405950e-05,1463
17,24,1.38872929e-05,2.40627687e-05,2.07339108e-05,32
17,25,8.29149212e-05,6.70560476e-05,2.80519689e-05,5136
17,26,1.29679356e-05,3.96712639e-05,2.54544557e-05,303
17,27,1.13427550e-05,7.52954511e-05,2.68328786e-05,400
17,28,1.28307933e-04,3.66795975e-05,2.72895613e-05,71
17,29,1.30649743e-04,5.56437881e-05,3.22079250e-05,1576
17,30,1.05791281e-04,3.79854901e-05,3.55538323e-05,1150
17,31,1.08454806e-04,3.32007403e-05,3.71004826e-05,957
17,32,5.45234689e-05,8.55137405e-05,3.57869139e-05,270
17,33,2.64411683e-05,1.28552056e-04,3.73680232e-05,260
17,34,8.53701640e-05,5.27302363e-05,3.88507870e-05,112
17,35,6.61198283e-05,4.76336463e-05,4.05306200e-05,234
17,36,4.21263176e-05,1.32981571e-04,4.17702649e-05,663
17,37,5.82915600e-05,8.69602736e-05,4.07345178e-05,32
17,38,5.10074060e-05,6.43162202e-05,4.32664128e-05,158
17,39,1.17238735e-04,3.93016708e-05,4.56318558e-05,1167
17,40,2.11286260e-05,2.83696445e-05,4.50748412e-05,417
17,41,7.63469798e-05,5.47127856e-05,4.62236167e-05,946
17,42,1.95803950e-05,5.63016947e-05,4.42008422e-05,62
17,43,6.31644361e-05,1.29994340e-04,4.79413720e-05,1542
17,44,1.42352583e-05,5.34824030e-05,4.56665111e-05,182
17,45,7.14404741e-05,5.36810076e-05,4.62337739e-05,216
17,46,2.98622799e-05,2.15332602e-05,4.69844344e-05,89
17,47,1.40417178e-04,1.05306965e-04,4.73686378e-05,91
17,48,4.50407824e-05,1.04673221e-04,5.11058133e-05,580
17,49,1.13928108e-04,2.48529814e-05,5.18982633e-05,1043
17,50,1.82448985e-05,7.09158994e-05,5.09931124e-05,343
17,51,3.36568191e-05,9.01127423e-05,5.42427733e-05,751
17,52,5.02727744e-05,8.99510342e-05,5.41454028e-05,575
17,53,5.43059177e-05,1.18108865e-05,5.54842991e-05,60
17,54,3.81730970e-05,2.08497131e-05,6.01465945e-05,867
17,55,6.34837488e-05,5.36334155e-05,5.94751218e-05,215
17,56,1.11699577e-04,2.37855129e-05,5.94732737e-05,157
17,57,4.31632470e-05,1.26730258e-04,6.20165374e-05,1234
17,58,5.44491013e-05,2.10891139e-05,6.12728545e-05,510
17,59,1.50513251e-05,1.01052166e-04,6.18478589e-05,442
17,60,4.64989789e-05,1.11576679e-04,6.21897125e-05,171
17,61,1.12238326e-04,2.39301353e-05,6.24229433e-05,51
17,62,6.94280898e-05,6.18126141e-05,6.23501910e-05,70
17,63,4.38520146e-06,8.51961013e-05,6.24881432e-05,136
17,64,6.52136951e-05,8.88082795e-05,6.27737609e-05,193
17,65,6.13713710e-05,1.02742466e-04,6.29586721e-05,341
17,66,7.60751063e-05,6.35063334e-05,6.27746849e-05,51
17,67,8.33791055e-05,6.44792744e-05,6.29937422e-05,76
17,68,9.75853691e-05,6.18750419e-05,6.32503870e-05,14
18,1,2.77210693e-05,2.72588404e-05,1.97397355e-07,313
18,2,9.20218918e-06,6.27225309e-05,7.10348786e-07,333
18,3,7.23066114e-06,6.52467934e-05,1.40171537e-07,46
18,4,7.70148181e-05,7.32093613e-05,1.59658029e-07,28
18,5,7.95946034e-05,7.40066534e-05,3.22125089e-07,109
18,6,8.88863287e-05,7.65892837e-05,2.81868893e-07,65
18,7,2.29987872e-05,8.33756276e-05,2.59523976e-08,19
18,8,2.02850915e-05,8.63640817e-05,5.21051184e-08,19
18,9,1.21520119e-04,9.36581855e-05,5.43770227e-07,438
18,10,5.37912601e-05,1.02602498e-04,6.54426515e-07,625
18,11,1.90294086e-05,1.12185335e-04,2.31164313e-06,1575
18,12,9.77760865e-05,1.20379889e-04,1.61622367e-07,49
18,13,7.83287833e-05,7.35977010e-05,3.73454873e-06,361
18,14,8.21891535e-06,6.39327191e-05,5.35349363e-06,504
18,15,1.90440660e-05,1.14327137e-04,6.32440924e-06,1105
18,16,2.60814177e-05,2.67388768e-05,7.61479396e-06,1507
18,17,2.19844678e-05,8.51698715e-05,6.97097130e-06,563
18,18,8.36569670e-05,9.00838641e-05,8.27519398e-06,95
18,19,1.03397470e-04,1.19125514e-04,1.00711777e-05,864
18,20,1.01856087e-04,1.11207184e-04,9.57394695e-06,77
18,21,9.35046846e-05,1.11980007e-04,1.12278076e-05,158
18,22,8.67387353e-05,9.28997088e-06,1.20584791e-05,209
18,23,1.07657448e-04,4.70463892e-05,1.36575381e-05,1780
18,24,8.76719350e-05,3.92536131e-05,1.54301051e-05,140
18,25,1.25420906e-04,9.36362558e-05,1.86136403e-05,1615
18,26,1.06907930e-04,1.07079344e-04,1.82239874e-05,85
18,27,1.23494698e-04,6.90351008e-05,1.96616584e-05,359
18,28,5.30594443e-05,2.05523847e-05,2.08174752e-05,1107
18,29,7.01553799e-05,1.29520442e-04,2.16668996e-05,673
18,30,1.39212443e-05,2.41587677e-05,2.08957208e-05,53
18,31,1.30198541e-05,3.95353964e-05,2.53811286e-05,327
18,32,8.29983401e-05,6.70223380e-05,2.82243818e-05,5216
18,33,1.19224924e-05,7.57757880e-05,2.69903812e-05,392
18,34,1.28346190e-04,3.74779665e-05,2.71379886e-05,249
18,35,1.30534376e-04,5.57442945e-05,3.26694462e-05,1394
18,36,1.05891260e-04,3.78978257e-05,3.52680727e-05,953
18,37,5.46144947e-05,8.55731487e-05,3.56493838e-05,171
18,38,1.08442764e-04,3.32005802e-05,3.67183202e-05,601
18,39,2.64952705e-05,1.28578104e-04,3.75301643e-05,301
18,40,8.47984775e-05,5.29508325e-05,3.85784551e-05,163
18,41,6.53435563e-05,4.72892643e-05,4.04584607e-05,342
18,42,4.20470387e-05,1.33060545e-04,4.18594136e-05,722
18,43,5.83726433e-05,8.70528820e-05,4.08132983e-05,137
18,44,5.11830149e-05,6.41844017e-05,4.34109024e-05,135
18,45,1.17131160e-04,3.91252797e-05,4.50761145e-05,819
18,46,2.17333054e-05,2.81360553e-05,4.49410290e-05,841
18,47,1.97992813e-05,5.61993329e-05,4.44567704e-05,115
18,48,7.65299046e-05,5.47168056e-05,4.61564996e-05,601
18,49,1.42475910e-05,5.34874125e-05,4.57533752e-05,236
18,50,7.13561603e-05,5.36550797e-05,4.59797157e-05,220
18,51,6.30086797e-05,1.29664913e-04,4.85768396e-05,1275
18,52,3.01144664e-05,2.14211450e-05,4.69170445e-05,62
18,53,1.14113842e-04,2.48122269e-05,5.20215981e-05,1181
18,54,4.50269436e-05,1.04733626e-04,5.11402650e-05,709
18,55,1.81809737e-05,7.08575026e-05,5.10914542e-05,348
18,56,3.36612393e-05,9.01858803e-05,5.42425441e-05,1067
18,57,5.02420917e-05,8.99220322e-05,5.41640547e-05,510
18,58,6.88398723e-05,1.24195722e-04,5.35318068e-05,143
18,59,1.40197764e-04,1.15840900e-04,5.50729274e-05,530
18,60,5.43486785e-05,1.16225328e-05,5.58817446e-05,59
18,61,3.78487312e-05,2.01973762e-05,5.97821454e-05,347
18,62,6.30550057e-05,5.41713125e-05,5.94015692e-05,274
18,63,1.11388668e-04,2.40435475e-05,6.18630220e-05,1802
18,64,4.28271123e-05,1.26819417e-04,6.23180749e-05,1348
18,65,5.47912241e-05,2.09167411e-05,6.12321091e-05,765
18,66,1.47914998e-05,1.00862504e-04,6.16194957e-05,304
18,67,4.59542389e-05,1.12261499e-04,6.16834295e-05,159
18,68,6.94782721e-05,6.17488622e-05,6.22416992e-05,203
18,69,4.29666807e-06,8.52023950e-05,6.26160545e-05,84
18,70,6.53056632e-05,8.91035743e-05,6.28524649e-05,172
18,71,6.18553531e-05,1.02414844e-04,6.29290662e-05,348
18,72,8.36042382e-05,6.41691367e-05,6.28547277e-05,96
18,73,7.56828813e-05,6.37505436e-05,6.27655754e-05,47
19,1,2.59793997e-05,2.53826547e-05,2.82510815e-08,35
19,2,2.65320996e-05,2.68578879e-05,5.42715316e-06,2918
19,3,1.08205233e-04,5.12908991e-05,2.84961544e-07,56
19,4,9.44564090e-06,6.28193884e-05,7.87052784e-07,403
19,5,7.88231046e-06,6.58208228e-05,4.04664235e-07,195
19,6,7.79464681e-05,7.44546269e-05,2.11911924e-06,1843
19,7,8.87662318e-05,7.66109370e-05,3.04032596e-07,70
19,8,2.27829878e-05,8.34621751e-05,0.00000000e+00,13
19,9,1.21403536e-04,9.38906596e-05,7.57472833e-07,643
19,10,5.36128173e-05,1.01788348e-04,5.80446397e-07,544
19,11,1.81171163e-05,1.14185044e-04,3.50823200e-07,984
19,12,9.78403332e-05,1.20314151e-04,1.80755933e-07,74
19,13,8.79388754e-05,7.68855389e-05,3.44475143e-06,18
19,14,1.89510683e-05,1.14476570e-04,6.40732196e-06,1593
19,15,8.71484917e-06,6.43265739e-05,5.70180055e-06,682
19,16,2.05232463e-05,1.11624518e-04,6.33827631e-06,247
19,17,2.20149414e-05,8.52700323e-05,7.14482394e-06,522
19,18,1.02535778e-04,1.19415490e-04,1.10409164e-05,625
19,19,9.35375792e-05,1.11875175e-04,1.11477575e-05,188
19,20,1.07944819e-04,4.71165149e-05,1.36654635e-05,1192
19,21,8.66448536e-05,9.62786089e-06,1.28245629e-05,336
19,22,8.78066639e-05,3.92659349e-05,1.56856640e-05,133
19,23,1.25580351e-04,9.39504753e-05,1.87968471e-05,1462
19,24,1.06840984e-04,1.07030595e-04,1.82188960e-05,34
19,25,1.23880440e-04,6.86441854e-05,1.97168702e-05,379
19,26,5.33457860e-05,2.09379232e-05,2.16537155e-05,1642
19,27,6.98380172e-05,1.29974404e-04,2.10340077e-05,479
19,28,1.39921121e-05,2.40953323e-05,2.09348527e-05,127
19,29,1.01250349e-04,1.21028315e-04,2.43201084e-05,116
19,30,1.31049064e-05,3.95575553e-05,2.54259430e-05,485
19,31,8.29620840e-05,6.69179062e-05,2.81159773e-05,4881
19,32,1.24451517e-05,7.60547482e-05,2.68591066e-05,495
19,33,1.28555344e-04,3.83040933e-05,2.69255943e-05,54
19,34,1.30415749e-04,5.57447711e-05,3.30171533e-05,1296
19,35,1.05896426e-04,3.78954610e-05,3.52604548e-05,671
19,36,5.47812851e-05,8.56328697e-05,3.55628654e-05,302
19,37,1.08237480e-04,3.32355667e-05,3.65953601e-05,285
19,38,2.65146791e-05,1.28601270e-04,3.76898279e-05,361
19,39,8.42558729e-05,5.30287725e-05,3.88411027e-05,455
19,40,6.46060435e-05,4.68090584e-05,4.05604078e-05,339
19,41,4.21410296e-05,1.33112131e-04,4.19302851e-05,787
19,42,5.83942601e-05,8.69509095e-05,4.07636762e-05,19
19,43,1.08769767e-04,2.30884561e-05,4.17976189e-05,99
19,44,1.17428834e-04,3.86499014e-05,4.47248422e-05,2433
19,45,2.25883177e-05,2.79464257e-05,4.43652934e-05,674
19,46,5.12643855e-05,6.43434105e-05,4.32744309e-05,109
19,47,1.41943083e-05,5.35650361e-05,4.57568312e-05,433
19,48,7.66090234e-05,5.47260570e-05,4.61774980e-05,421
19,49,1.98377329e-05,5.61750712e-05,4.45000005e-05,11
19,50,7.13419067e-05,5.36468178e-05,4.60051779e-05,82
19,51,2.66204040e-07,1.04816761e-04,4.67215541e-05,216
19,52,6.30105860e-05,1.29216220e-04,4.90487910e-05,1440
19,53,1.14263268e-04,2.49803306e-05,5.17150329e-05,789
19,54,4.50136613e-05,1.04890481e-04,5.11448197e-05,878
19,55,1.82459116e-05,7.08186781e-05,5.08979065e-05,427
19,56,6.83640756e-05,1.24231112e-04,5.36142106e-05,949
19,57,3.37028869e-05,9.01770254e-05,5.44894719e-05,1040
19,58,5.02723560e-05,8.99059596e-05,5.42602465e-05,559
19,59,1.40461751e-04,1.15870294e-04,5.49427023e-05,146
19,60,9.22281324e-05,1.17945761e-04,5.49958640e-05,118
19,61,3.77860379e-05,1.94568893e-05,5.96908867e-05,893
19,62,6.27367190e-05,5.49987817e-05,5.92688411e-05,181
19,63,5.52209422e-05,2.05167671e-05,6.10296665e-05,699
19,64,4.26456754e-05,1.27231731e-04,6.23600863e-05,828
19,65,1.10881650e-04,2.39912752e-05,6.25470202e-05,352
19,66,6.95149938e-05,6.16081670e-05,6.23145024e-05,450
19,67,4.55212685e-05,1.13080932e-04,6.21102081e-05,161
19,68,7.51348634e-05,6.39311475e-05,6.25710090e-05,220
19,69,1.51873137e-05,1.00452678e-04,6.19066050e-05,193
19,70,4.31585659e-06,8.52101293e-05,6.25352113e-05,83
19,71,6.24072345e-05,1.02061582e-04,6.28818088e-05,391
19,72,8.35823375e-05,6.41746228e-05,6.27923146e-05,93
19,73,6.54881296e-05,8.92872340e-05,6.29063652e-05,81
20,1,2.66027691e-05,2.69047941e-05,5.46871433e-06,3088
20,2,1.11840447e-04,4.33972455e-05,1.16333936e-07,34
20,3,8.33221202e-06,6.58476201e-05,4.28773575e-07,231
20,4,7.77922105e-05,7.49548999e-05,2.05498213e-06,1521
20,5,8.81793167e-05,7.67521124e-05,1.40886550e-06,416
20,6,2.24893229e-05,8.32524020e-05,7.51801849e-07,487
20,7,1.21360870e-04,9.39153833e-05,7.73426791e-07,635
20,8,5.34805404e-05,1.00676261e-04,7.18169701e-07,789
20,9,2.13930525e-05,1.10255874e-04,2.30572368e-07,118
20,10,2.07378525e-05,1.13648508e-04,3.61261044e-07,680
20,11,1.78149221e-05,1.14595059e-04,2.74506505e-07,265
20,12,9.78312382e-05,1.20448211e-04,1.91215875e-07,93
20,13,1.90896972e-05,1.14464623e-04,6.32835099e-06,1231
20,14,9.34690979e-06,6.48400674e-05,5.47988338e-06,434
20,15,2.12484647e-05,1.11848305e-04,6.41705083e-06,900
20,16,2.20677957e-05,8.51364312e-05,7.17348121e-06,892
20,17,1.02318838e-04,1.19682045e-04,1.06226007e-05,2184
20,18,9.35441203e-05,1.11913309e-04,1.10667697e-05,89
20,19,8.63371315e-05,9.98421183e-06,1.35378232e-05,348
20,20,1.08664775e-04,4.69492297e-05,1.38391106e-05,1063
20,21,2.09207337e-05,1.13458387e-04,1.36577837e-05,97
20,22,8.76323247e-05,3.95893330e-05,1.53849596e-05,219
20,23,1.25827108e-04,9.41205944e-05,1.92773277e-05,1688
20,24,1.06891086e-04,1.07188418e-04,1.82498843e-05,54
20,25,6.94262126e-05,1.30388915e-04,2.02670089e-05,751
20,26,1.24055849e-04,6.81779857e-05,1.96282854e-05,336
20,27,5.37188826e-05,2.14117499e-05,2.21296050e-05,1443
20,28,1.40081784e-05,2.41502385e-05,2.07916110e-05,155
20,29,8.56164770e-05,6.69242654e-05,2.31049380e-05,47
20,30,8.31478828e-05,6.69783694e-05,2.81383545e-05,4746
20,31,1.01525016e-04,1.21061435e-04,2.42445949e-05,136
20,32,1.31598408e-05,3.96304531e-05,2.54369425e-05,270
20,33,1.30164090e-05,7.64677534e-05,2.66725256e-05,350
20,34,1.28450818e-04,3.88939552e-05,2.66725601e-05,108
20,35,1.30185479e-04,5.54529870e-05,3.34066390e-05,1824
20,36,1.05745821e-04,3.78373770e-05,3.53856558e-05,1031
20,37,5.49510441e-05,8.56989500e-05,3.56968230e-05,416
20,38,1.07877291e-04,3.31834854e-05,3.60683771e-05,264
20,39,2.65341278e-05,1.28442538e-04,3.78500336e-05,470
20,40,8.36743493e-05,5.31412734e-05,3.90112473e-05,553
20,41,6.38652855e-05,4.63415781e-05,4.07281586e-05,240
20,42,4.21441837e-05,1.33157155e-04,4.21773257e-05,639
20,43,1.08867273e-04,2.31931226e-05,4.15387003e-05,74
20,44,1.17786316e-04,3.85921958e-05,4.44424804e-05,1739
20,45,2.30160786e-05,2.76878382e-05,4.41752163e-05,824
20,46,5.13610612e-05,6.43051026e-05,4.32246852e-05,40
20,47,1.99813603e-05,5.60570697e-05,4.42818528e-05,32
20,48,1.43139850e-05,5.34968858e-05,4.57941242e-05,353
20,49,7.67148304e-05,5.49443794e-05,4.60894262e-05,376
20,50,7.14917696e-05,5.34760766e-05,4.60048395e-05,83
20,51,3.02406224e-05,2.12974119e-05,4.67143036e-05,28
20,52,6.30450813e-05,1.28810454e-04,4.96018947e-05,1563
20,53,4.50272091e-05,1.04922728e-04,5.10620339e-05,1256
20,54,1.84868059e-05,7.08779553e-05,5.08347621e-05,645
20,55,1.14332041e-04,2.49487530e-05,5.16322070e-05,914
20,56,6.79446894e-05,1.24175698e-04,5.32098857e-05,384
20,57,3.36285484e-05,9.01527455e-05,5.45895527e-05,1249
20,58,5.04295276e-05,8.99551960e-05,5.42584967e-05,325
20,59,4.69164014e-08,4.16541188e-05,5.56909690e-05,35
20,60,5.46932424e-05,1.13912583e-05,5.58087995e-05,13
20,61,6.22648731e-05,5.56163795e-05,5.89599003e-05,188
20,62,3.77305223e-05,1.87301121e-05,5.92351535e-05,219
20,63,5.55083934e-05,2.03406380e-05,6.08402297e-05,670
20,64,7.46375372e-05,6.40309736e-05,6.22204607e-05,474
20,65,4.24760583e-05,1.27158040e-04,6.27208719e-05,599
20,66,1.10280518e-04,2.37631139e-05,6.28266207e-05,567
20,67,6.94791379e-05,6.16096804e-05,6.23868473e-05,484
20,68,1.55183461e-05,9.99361364e-05,6.23561427e-05,778
20,69,4.50520820e-05,1.13664828e-04,6.17537662e-05,146
20,70,6.30943687e-05,1.01812235e-04,6.27706104e-05,297
20,71,8.35118190e-05,6.32139781e-05,6.26286783e-05,81
20,72,6.57379060e-05,8.95318226e-05,6.27363697e-05,36
21,1,2.63763231e-05,2.68299955e-05,6.06436470e-06,2791
21,2,9.89134696e-06,6.50156944e-05,2.92901791e-06,1578
21,3,7.72792482e-05,7.55686560e-05,2.02648130e-06,1481
21,4,8.84377951e-05,7.67725724e-05,1.01925446e-06,158
21,5,2.24370779e-05,8.32278893e-05,4.95425695e-07,242
21,6,1.21407036e-04,9.38262310e-05,6.04953186e-07,358
21,7,5.35561958e-05,9.97470706e-05,7.44842339e-07,999
21,8,1.03434315e-04,1.08808017e-04,0.00000000e+00,12
21,9,9.94613365e-05,1.16661722e-04,4.93265020e-07,565
21,10,9.77995151e-05,1.20370431e-04,1.84001166e-07,86
21,11,2.21452246e-05,8.52001758e-05,7.26633698e-06,593
21,12,1.93441356e-05,1.14454502e-04,7.00631836e-06,132
21,13,1.01813072e-04,1.19821612e-04,1.08969625e-05,1231
21,14,1.01698359e-04,1.11021851e-04,9.65693107e-06,67
21,15,9.35928983e-05,1.11864909e-04,1.09334796e-05,52
21,16,1.09522472e-04,4.73277396e-05,1.33772173e-05,421
21,17,8.59887223e-05,1.04931596e-05,1.43762272e-05,448
21,18,8.70490549e-05,3.96945725e-05,1.54144855e-05,97
21,19,1.25993058e-04,9.44553540e-05,1.94027743e-05,883
21,20,6.92005633e-05,1.30852859e-04,1.97027221e-05,1103
21,21,1.07010936e-04,1.07218781e-04,1.82423646e-05,85
21,22,1.24112848e-04,6.77019561e-05,1.96154069e-05,282
21,23,1.39634831e-05,2.44133898e-05,2.09180671e-05,262
21,24,5.40518740e-05,2.17410470e-05,2.25223321e-05,854
21,25,8.57370906e-05,6.67866116e-05,2.31301856e-05,50
21,26,1.31733177e-05,3.96801115e-05,2.51773890e-05,408
21,27,8.31994694e-05,6.69556903e-05,2.83465142e-05,4951
21,28,1.01594407e-04,1.20973244e-04,2.47304361e-05,78
21,29,1.36569170e-05,7.68735699e-05,2.66904663e-05,298
21,30,1.28408152e-04,3.96612631e-05,2.62365702e-05,72
21,31,1.33137350e-04,7.11541952e-06,2.98025752e-05,88
21,32,1.29981447e-04,5.51983430e-05,3.36956800e-05,779
21,33,1.07581720e-04,3.31391529e-05,3.58758516e-05,616
21,34,1.05638763e-04,3.78044606e-05,3.53489195e-05,1035
21,35,5.48910939e-05,8.57313498e-05,3.56208693e-05,201
21,36,2.65729086e-05,1.28407133e-04,3.78055011e-05,431
21,37,8.31036668e-05,5.32286904e-05,3.89515189e-05,600
21,38,1.09321380e-04,2.31658050e-05,4.11269721e-05,87
21,39,6.31875591e-05,4.58517789e-05,4.09471068e-05,255
21,40,4.21142613e-05,1.33157300e-04,4.20655633e-05,766
21,41,5.80248525e-05,8.67748895e-05,4.09547320e-05,11
21,42,1.17920361e-04,3.86037354e-05,4.39526048e-05,730
21,43,2.37367913e-05,2.74700997e-05,4.39965588e-05,772
21,44,5.12563638e-05,6.43290186e-05,4.32155830e-05,127
21,45,2.03042364e-05,5.61117704e-05,4.44588331e-05,12
21,46,1.43264515e-05,5.35318541e-05,4.58529757e-05,343
21,47,7.66105950e-05,5.48152602e-05,4.61976524e-05,405
21,48,1.23048494e-06,1.04222345e-04,4.62489479e-05,100
21,49,7.15853967e-05,5.34828760e-05,4.61173368e-05,89
21,50,6.30972791e-05,1.28421700e-04,4.98753288e-05,1863
21,51,4.50364169e-05,1.04977735e-04,5.09703314e-05,1032
21,52,1.14262766e-04,2.50283683e-05,5.16194305e-05,984
21,53,1.85445697e-05,7.07263680e-05,5.09419187e-05,485
21,54,3.37246129e-05,9.01952953e-05,5.45482144e-05,995
21,55,6.81055462e-05,1.24292477e-04,5.30575671e-05,162
21,56,5.02884177e-05,8.98947328e-05,5.42993257e-05,313
21,57,1.69189462e-07,1.16074421e-04,5.62409659e-05,81
21,58,1.17800468e-07,4.14371134e-05,5.75356280e-05,93
21,59,3.78423319e-05,1.87420337e-05,5.90846103e-05,311
21,60,6.19666607e-05,5.62060377e-05,5.91346907e-05,129
21,61,9.26470893e-05,1.18940334e-05,5.87499744e-05,20
21,62,5.56296800e-05,1.99582064e-05,6.05238638e-05,528
21,63,4.46521262e-05,1.14524846e-04,6.17776095e-05,321
21,64,1.40114607e-05,5.09714664e-05,6.13003285e-05,10
21,65,6.94098635e-05,6.15907120e-05,6.25767134e-05,490
21,66,1.58866715e-05,9.94522416e-05,6.23862361e-05,830
21,67,4.21322693e-05,1.27437932e-04,6.27382979e-05,450
21,68,1.10187750e-04,2.37384138e-05,6.31920266e-05,576
21,69,7.40656760e-05,6.42023224e-05,6.21566651e-05,151
21,70,6.60384758e-05,8.95579651e-05,6.25016473e-05,125
21,71,6.39029458e-05,1.01356782e-04,6.26152105e-05,299
21,72,8.36380350e-05,6.28652633e-05,6.23573505e-05,105
22,1,2.63737711e-05,2.67403284e-05,5.88835837e-06,2948
22,2,1.11275644e-04,4.49217550e-05,1.61868797e-07,40
22,3,1.09465851e-04,5.00274327e-05,8.52433359e-08,35
22,4,1.03189823e-05,6.56886332e-05,3.03820593e-06,1103
22,5,7.56692316e-05,7.60430921e-05,1.75212051e-07,51
22,6,7.82530551e-05,7.65297445e-05,3.55139065e-07,155
22,7,8.83041721e-05,7.67897218e-05,6.29870271e-07,118
22,8,2.26198263e-05,8.32563019e-05,2.25086481e-07,99
22,9,1.21496189e-04,9.37533259e-05,4.68503231e-07,186
22,10,5.36966108e-05,9.90322005e-05,6.41575525e-07,714
22,11,1.71600841e-05,1.13265807e-04,0.00000000e+00,20
22,12,2.20206875e-05,1.14744689e-04,2.83053765e-07,372
22,13,1.00000296e-04,1.16949333e-04,2.49876052e-07,325
22,14,4.78854054e-05,1.19675511e-04,1.81899704e-08,27
22,15,9.77268064e-05,1.20360106e-04,2.18940002e-07,137
22,16,7.69615872e-05,7.63272983e-05,3.52233610e-06,391
22,17,2.21973023e-05,8.52610247e-05,7.14986982e-06,446
22,18,2.32817201e-05,1.12421854e-04,6.86769317e-06,90
22,19,1.95243938e-05,1.14375580e-04,7.73145530e-06,246
22,20,1.01312675e-04,1.19987912e-04,1.09995735e-05,1541
22,21,1.01659854e-04,1.10935463e-04,9.59512909e-06,227
22,22,9.36239376e-05,1.12021589e-04,1.10000010e-05,10
22,23,1.10247711e-04,4.75846864e-05,1.32149435e-05,555
22,24,8.58114508e-05,1.08860868e-05,1.47945530e-05,485
22,25,1.06849002e-04,4.58898903e-05,1.53869951e-05,232
22,26,8.62979723e-05,3.98437114e-05,1.56808310e-05,155
22,27,6.90095476e-05,1.31098423e-04,1.90644150e-05,1979
22,28,1.26244297e-04,9.46335203e-05,2.01712555e-05,1341
22,29,1.06868407e-04,1.07100394e-04,1.82561143e-05,72
22,30,1.24405691e-04,6.71883536e-05,1.96322144e-05,341
22,31,5.42212583e-05,2.20840884e-05,2.29396956e-05,1680
22,32,1.40166685e-05,2.43932627e-05,2.06744571e-05,103
22,33,8.56302577e-05,6.67521672e-05,2.36028973e-05,34
22,34,1.32855512e-05,3.96841751e-05,2.52631544e-05,416
22,35,8.32109581e-05,6.69998626e-05,2.84162033e-05,4437
22,36,1.01643571e-04,1.20995428e-04,2.49025561e-05,62
22,37,1.41701657e-05,7.72125568e-05,2.64860646e-05,240
22,38,1.28491374e-04,4.03554332e-05,2.64286482e-05,267
22,39,1.32546164e-04,7.40119367e-06,2.93148460e-05,121
22,40,1.30053726e-04,5.49114484e-05,3.41497216e-05,1272
22,41,1.05803403e-04,3.78700970e-05,3.54640833e-05,1301
22,42,1.07376640e-04,3.29866853e-05,3.59038750e-05,971
22,43,5.48550743e-05,8.57101040e-05,3.55415068e-05,99
22,44,9.92702990e-05,1.12729076e-05,3.60758022e-05,72
22,45,2.66719962e-05,1.28454689e-04,3.74873125e-05,518
22,46,8.25646930e-05,5.31549704e-05,3.92387592e-05,513
22,47,1.09440014e-04,2.32865950e-05,4.05557803e-05,64
22,48,6.25799003e-05,4.52565073e-05,4.12676272e-05,418
22,49,5.82407447e-05,8.68846182e-05,4.06100044e-05,136
22,50,4.21893928e-05,1.33054447e-04,4.18670897e-05,1055
22,51,1.17916701e-04,3.82111102e-05,4.38374991e-05,1478
22,52,2.42486367e-05,2.69533703e-05,4.35385882e-05,804
22,53,5.11405960e-05,6.43236563e-05,4.33058449e-05,154
22,54,7.66266530e-05,5.48802527e-05,4.61919990e-05,685
22,55,2.00022823e-05,5.60707740e-05,4.44999932e-05,19
22,56,1.45556069e-05,5.34392420e-05,4.58541545e-05,158
22,57,7.15391652e-05,5.35137333e-05,4.61188647e-05,21
22,58,6.31575385e-05,1.28219253e-04,5.02548246e-05,1699
22,59,4.51183114e-05,1.05027801e-04,5.09993624e-05,1224
22,60,1.85038753e-05,7.06970022e-05,5.08917874e-05,367
22,61,1.14260285e-04,2.51083911e-05,5.17151166e-05,833
22,62,6.71259404e-05,1.24739439e-04,5.27583543e-05,622
22,63,3.37425336e-05,9.02237371e-05,5.45163057e-05,1097
22,64,5.02163784e-05,8.98851649e-05,5.41818808e-05,433
22,65,4.04162364e-07,1.16402320e-04,5.63227622e-05,425
22,66,5.44777722e-05,1.13438309e-05,5.59999935e-05,10
22,67,4.31279759e-08,4.15247741e-05,5.69212898e-05,19
22,68,9.24814594e-05,1.19006463e-05,5.88715375e-05,278
22,69,3.79279918e-05,1.94733821e-05,5.96413010e-05,726
22,70,6.14539531e-05,5.71768578e-05,5.95771016e-05,250
22,71,5.57299572e-05,1.93902488e-05,6.02105829e-05,395
22,72,1.57339055e-05,9.93889334e-05,6.23343367e-05,1230
22,73,6.93566035e-05,6.15511381e-05,6.24783279e-05,521
22,74,4.43309618e-05,1.15233343e-04,6.17452024e-05,121
22,75,6.45484106e-05,1.01193647e-04,6.27310728e-05,391
22,76,4.21327750e-05,1.27512365e-04,6.27283953e-05,196
22,77,1.09543638e-04,2.38083012e-05,6.29808201e-05,301
22,78,8.40392095e-05,6.20649735e-05,6.23287560e-05,123
22,79,6.62864986e-05,8.96066704e-05,6.25076718e-05,116
23,1,2.77435702e-05,2.65784292e-05,3.09061278e-07,372
23,2,2.61410878e-05,2.66777079e-05,6.36322829e-06,2541
23,3,2.63427301e-05,2.62853900e-05,0.00000000e+00,12
23,4,1.11393951e-04,4.47465864e-05,7.00660848e-07,525
23,5,1.16682995e-05,6.50344227e-05,3.32006096e-07,100
23,6,9.80994446e-06,6.78312063e-05,4.34859089e-07,212
23,7,7.64544602e-05,7.69519102e-05,1.87132457e-06,1518
23,8,8.83544562e-05,7.66813610e-05,8.27091924e-07,83
23,9,2.25257572e-05,8.33640297e-05,3.21798098e-07,103
23,10,1.21254845e-04,9.39232486e-05,4.43336319e-07,183
23,11,5.36504231e-05,9.81077465e-05,9.63954108e-07,1141
23,12,2.26439934e-05,1.14371156e-04,1.82992423e-07,38
23,13,2.10446378e-05,1.15849849e-04,1.61698367e-07,37
23,14,9.92293062e-05,1.17993695e-04,4.96552957e-07,1318
23,15,1.07025980e-05,6.64390245e-05,5.90633135e-06,451
23,16,2.41956368e-05,1.12419104e-04,7.04553941e-06,479
23,17,2.21512764e-05,8.52909216e-05,7.22590448e-06,479
23,18,1.94458607e-05,1.14335431e-04,7.63103253e-06,143
23,19,1.00857083e-04,1.20175042e-04,1.10841429e-05,2353
23,20,1.01782876e-04,1.11029643e-04,9.50088906e-06,82
23,21,1.10541194e-04,4.76637688e-05,1.32654523e-05,666
23,22,8.55162507e-05,1.12735943e-05,1.48612999e-05,238
23,23,1.06706604e-04,4.58131981e-05,1.53023975e-05,430
23,24,8.59629508e-05,4.00233148e-05,1.54768040e-05,85
23,25,6.87775391e-05,1.31559093e-04,1.82419008e-05,1521
23,26,1.26377330e-04,9.47211447e-05,2.05382239e-05,1604
23,27,1.24541315e-04,6.67215645e-05,1.94139793e-05,352
23,28,1.06885236e-04,1.06970467e-04,1.83225948e-05,76
23,29,1.40298862e-05,2.43577542e-05,2.07050507e-05,95
23,30,5.44603427e-05,2.24259657e-05,2.34637755e-05,876
23,31,1.34863712e-05,3.98858101e-05,2.52980317e-05,540
23,32,8.32465375e-05,6.69992223e-05,2.82859346e-05,3888
23,33,1.01738166e-04,1.20893201e-04,2.50079320e-05,67
23,34,1.46970997e-05,7.76997913e-05,2.65162307e-05,310
23,35,1.28751068e-04,4.10356261e-05,2.62643734e-05,264
23,36,1.30003857e-04,5.47077216e-05,3.44370346e-05,1667
23,37,1.05921208e-04,3.77933975e-05,3.53062314e-05,1147
23,38,1.07335582e-04,3.27993075e-05,3.60658560e-05,990
23,39,5.49087235e-05,8.58064595e-05,3.57161080e-05,166
23,40,9.93594658e-05,1.11057698e-05,3.63463369e-05,13
23,41,2.66221523e-05,1.28482396e-04,3.75176242e-05,423
23,42,8.18804983e-05,5.31347032e-05,3.93987721e-05,466
23,43,1.09542663e-04,2.31559479e-05,4.05323481e-05,142
23,44,1.18238044e-04,3.79676931e-05,4.30640357e-05,3143
23,45,5.81682070e-05,8.68032948e-05,4.05537758e-05,315
23,46,6.18817940e-05,4.47999701e-05,4.14570750e-05,388
23,47,4.23103011e-05,1.33104899e-04,4.20224496e-05,1245
23,48,2.49872937e-05,2.67424493e-05,4.32124034e-05,997
23,49,5.12626357e-05,6.41916849e-05,4.34328795e-05,53
23,50,7.66860612e-05,5.48633216e-05,4.62259304e-05,578
23,51,1.46645443e-05,5.34931896e-05,4.57858441e-05,49
23,52,7.14263733e-05,5.35514191e-05,4.59995026e-05,54
23,53,6.31202420e-05,1.27905543e-04,5.06594079e-05,1771
23,54,4.51915948e-05,1.05004015e-04,5.10385289e-05,1183
23,55,1.86558809e-05,7.06314167e-05,5.07012301e-05,208
23,56,1.14246970e-04,2.50774629e-05,5.18475244e-05,683
23,57,6.59493744e-05,1.24807761e-04,5.22677037e-05,381
23,58,3.38613063e-05,9.03502878e-05,5.48092758e-05,1076
23,59,1.40405973e-04,4.12950067e-05,5.43852002e-05,128
23,60,5.01469076e-05,8.98234139e-05,5.42543858e-05,370
23,61,3.18521870e-07,1.16324569e-04,5.62950154e-05,184
23,62,5.42584457e-05,1.14416034e-05,5.58931715e-05,61
23,63,9.26509165e-05,1.19778888e-05,5.87398354e-05,46
23,64,6.13402663e-05,5.79575208e-05,5.96946593e-05,190
23,65,5.58439824e-05,1.91514155e-05,6.00554049e-05,264
23,66,3.80408819e-05,2.01131224e-05,5.99366322e-05,236
23,67,1.54696027e-05,9.93445356e-05,6.22525477e-05,1477
23,68,6.93257680e-05,6.15076351e-05,6.24664026e-05,560
23,69,4.36592272e-05,1.16119394e-04,6.15805111e-05,111
23,70,1.08877226e-04,2.35518237e-05,6.28077614e-05,423
23,71,7.26539438e-05,6.42585073e-05,6.23768719e-05,126
23,72,6.51525552e-05,1.00830199e-04,6.26037072e-05,312
23,73,4.16532748e-05,1.27802079e-04,6.28916678e-05,149
23,74,8.44880997e-05,6.17304031e-05,6.26684414e-05,358
23,75,6.65543557e-05,8.95673948e-05,6.26517940e-05,134
24,1,2.63499569e-05,2.67322575e-05,5.21362836e-06,3847
24,2,1.11145906e-04,4.47141720e-05,1.18377741e-07,21
24,3,1.18865928e-05,6.52814269e-05,3.71295442e-07,132
24,4,1.02544927e-05,6.80591693e-05,7.59986278e-07,582
24,5,8.77730563e-05,7.67735182e-05,1.41324892e-06,1054
24,6,7.63351709e-05,7.74832588e-05,1.94136896e-06,1502
24,7,2.25620624e-05,8.33328741e-05,6.06330673e-07,401
24,8,1.21336576e-04,9.38965459e-05,4.27681300e-07,188
24,9,5.36429798e-05,9.72684284e-05,8.38774383e-07,978
24,10,1.72527089e-05,1.13827104e-04,1.42762005e-07,59
24,11,9.97309980e-05,1.17304902e-04,2.24790270e-07,215
24,12,9.81033882e-05,1.20524703e-04,2.54133795e-07,145
24,13,1.11277404e-05,6.67694476e-05,5.75885952e-06,703
24,14,2.21224727e-05,8.52056110e-05,7.25598056e-06,757
24,15,2.50135508e-05,1.12681410e-04,7.41431859e-06,109
24,16,1.95613520e-05,1.14310984e-04,7.89506066e-06,207
24,17,9.99824624e-05,1.20349432e-04,1.22722868e-05,428
24,18,1.10487847e-04,4.77991343e-05,1.31615643e-05,465
24,19,8.52042431e-05,1.17435347e-05,1.55691323e-05,172
24,20,8.58090134e-05,4.00706485e-05,1.55074886e-05,95
24,21,6.86092317e-05,1.31988301e-04,1.67402814e-05,269
24,22,1.06545609e-04,4.56385424e-05,1.56452534e-05,24
24,23,1.24903905e-04,6.62660968e-05,1.93846790e-05,375
24,24,1.26314189e-04,9.50049653e-05,2.06643053e-05,1230
24,25,1.07111293e-04,1.07088308e-04,1.83373886e-05,88
24,26,1.40794136e-05,2.43751256e-05,2.09238569e-05,33
24,27,5.47872987e-05,2.28218996e-05,2.38963967e-05,777
24,28,1.35442251e-05,3.98993761e-05,2.54451224e-05,384
24,29,1.01764541e-04,1.20880162e-04,2.46421223e-05,39
24,30,8.33536033e-05,6.70067384e-05,2.82153596e-05,3530
24,31,1.28849191e-04,4.17643823e-05,2.60007237e-05,275
24,32,1.53527199e-05,7.78527537e-05,2.65596645e-05,270
24,33,1.31047360e-04,7.82807911e-06,2.91637753e-05,132
24,34,1.29812513e-04,5.45967559e-05,3.48663561e-05,908
24,35,1.05969011e-04,3.78239965e-05,3.53437244e-05,1299
24,36,1.07186061e-04,3.27720772e-05,3.59218357e-05,478
24,37,5.49615397e-05,8.58304338e-05,3.58293983e-05,168
24,38,9.94335933e-05,1.11164645e-05,3.67310022e-05,13
24,39,2.66312891e-05,1.28578642e-04,3.75737509e-05,195
24,40,8.10829370e-05,5.30540456e-05,3.91922731e-05,371
24,41,1.09508110e-04,2.32507882e-05,4.07903717e-05,128
24,42,1.18385979e-04,3.81612663e-05,4.27879859e-05,1260
24,43,5.81251734e-05,8.67803101e-05,4.05709397e-05,138
24,44,4.23221245e-05,1.33103444e-04,4.19700445e-05,818
24,45,6.10896968e-05,4.44340767e-05,4.14531860e-05,341
24,46,2.54410079e-05,2.64363825e-05,4.29768588e-05,486
24,47,5.14302483e-05,6.41408042e-05,4.34999711e-05,25
24,48,7.67562233e-05,5.48250828e-05,4.61583768e-05,580
24,49,1.43586640e-05,5.35942127e-05,4.57807291e-05,141
24,50,6.30473151e-05,1.27728636e-04,5.13461273e-05,1199
24,51,4.51595879e-05,1.05029096e-04,5.10984428e-05,1310
24,52,1.86695761e-05,7.06147548e-05,5.05120661e-05,112
24,53,1.14327035e-04,2.50767316e-05,5.17318622e-05,776
24,54,3.38050049e-05,9.02449974e-05,5.45905204e-05,1486
24,55,5.02115363e-05,8.98111684e-05,5.42471680e-05,359
24,56,5.44509785e-05,1.13515962e-05,5.59032305e-05,52
24,57,3.74403655e-08,1.16562587e-04,5.67723837e-05,11
24,58,3.81058562e-05,2.08886431e-05,6.01749089e-05,663
24,59,5.62601526e-05,1.89011371e-05,6.02511136e-05,481
24,60,6.08937480e-05,5.87943432e-05,5.96768659e-05,161
24,61,4.30930013e-05,1.16785886e-04,6.15035824e-05,363
24,62,6.92442627e-05,6.15798926e-05,6.25294269e-05,476
24,63,1.53840574e-05,9.91508205e-05,6.23983069e-05,1388
24,64,7.20779281e-05,6.43947424e-05,6.20387946e-05,90
24,65,4.15878712e-05,1.28042928e-04,6.23096275e-05,137
24,66,1.08526052e-04,2.35170246e-05,6.28223643e-05,384
24,67,8.46924231e-05,6.14475211e-05,6.26374749e-05,231
24,68,6.58599965e-05,1.00093872e-04,6.26507681e-05,250
24,69,6.67659697e-05,8.95358098e-05,6.27571426e-05,35
25,1,2.81385728e-05,2.65383660e-05,2.81343318e-07,358
25,2,2.61848909e-05,2.68438944e-05,6.16157786e-06,2309
25,3,2.45104402e-05,2.78700973e-05,6.38138147e-08,39
25,4,1.13712476e-05,6.76389100e-05,2.97509223e-06,2147
25,5,8.79580693e-05,7.67430029e-05,1.40238228e-06,1060
25,6,7.55332367e-05,7.81122653e-05,1.91703862e-06,1375
25,7,2.24032483e-05,8.44363385e-05,4.58579916e-06,2282
25,8,2.02355368e-05,8.65368420e-05,1.53638240e-07,42
25,9,5.35684958e-05,9.62345512e-05,5.28647377e-07,506
25,10,9.97183815e-05,1.17224765e-04,1.86914676e-07,284
25,11,9.77898671e-05,1.20325829e-04,1.95852735e-07,101
25,12,2.59260996e-05,1.12786351e-04,7.51059179e-06,473
25,13,1.94695258e-05,1.14436087e-04,7.30687316e-06,214
25,14,1.01661637e-04,1.11241498e-04,9.55575433e-06,36
25,15,1.11474677e-04,4.79090704e-05,1.27337726e-05,570
25,16,9.92745554e-05,1.20578246e-04,1.33736085e-05,732
25,17,8.57400737e-05,4.03653394e-05,1.54031459e-05,111
25,18,6.85284685e-05,1.32487141e-04,1.64020621e-05,279
25,19,8.49541102e-05,1.23318750e-05,1.59083756e-05,205
25,20,1.07031963e-04,1.06922969e-04,1.83154843e-05,133
25,21,1.25107777e-04,6.59224606e-05,1.92408570e-05,397
25,22,1.26511601e-04,9.51950569e-05,2.12365849e-05,1960
25,23,1.41948540e-05,2.45180654e-05,2.09133650e-05,64
25,24,5.50366931e-05,2.32312650e-05,2.40891441e-05,1226
25,25,1.35333657e-05,3.99226010e-05,2.54401057e-05,286
25,26,1.28976244e-04,4.27031046e-05,2.56276562e-05,327
25,27,8.34437888e-05,6.70582085e-05,2.82569490e-05,3236
25,28,1.58714174e-05,7.80756818e-05,2.65503986e-05,266
25,29,1.30459521e-04,8.01756232e-06,2.86632185e-05,414
25,30,1.06060528e-04,3.77367360e-05,3.54287477e-05,1737
25,31,1.29770735e-04,5.42787384e-05,3.53964315e-05,1040
25,32,1.06865926e-04,3.28408569e-05,3.56585515e-05,268
25,33,5.49836259e-05,8.58016720e-05,3.59809928e-05,85
25,34,2.66210736e-05,1.28725384e-04,3.75325690e-05,257
25,35,8.06033058e-05,5.34596875e-05,3.87273649e-05,326
25,36,1.09445951e-04,2.31549166e-05,4.11536676e-05,316
25,37,1.18186756e-04,3.79506309e-05,4.23409838e-05,1210
25,38,4.24571081e-05,1.32913410e-04,4.17401498e-05,1050
25,39,5.81993918e-05,8.67227282e-05,4.07713524e-05,233
25,40,2.61014411e-05,2.62542471e-05,4.25672552e-05,1006
25,41,6.04173329e-05,4.39998003e-05,4.15478280e-05,250
25,42,5.14429012e-05,6.42265368e-05,4.32703200e-05,39
25,43,7.68755999e-05,5.49470969e-05,4.62990756e-05,592
25,44,2.04184871e-05,5.58252977e-05,4.45000042e-05,10
25,45,7.15391579e-05,5.32737176e-05,4.60792871e-05,195
25,46,1.42720182e-05,5.36707594e-05,4.58008726e-05,15
25,47,4.51952037e-05,1.05084146e-04,5.12290862e-05,965
25,48,6.31537332e-05,1.27283143e-04,5.17822409e-05,1392
25,49,1.86538036e-05,7.06388091e-05,5.05093558e-05,168
25,50,1.14272603e-04,2.50444900e-05,5.19557871e-05,699
25,51,6.51013615e-05,1.24747952e-04,5.13434061e-05,42
25,52,3.39337203e-05,9.01943495e-05,5.48643002e-05,1351
25,53,5.02207840e-05,8.97796417e-05,5.41652116e-05,240
25,54,5.42589696e-05,1.12533671e-05,5.58040447e-05,184
25,55,6.51117944e-07,1.16573763e-04,5.70387747e-05,531
25,56,3.83408042e-05,2.13999883e-05,6.05709283e-05,945
25,57,6.04722700e-05,5.96767568e-05,5.95631791e-05,272
25,58,5.66895469e-05,1.87428195e-05,6.04093148e-05,684
25,59,4.26372717e-05,1.17728647e-04,6.14508317e-05,101
25,60,6.91047753e-05,6.16900434e-05,6.23667802e-05,432
25,61,7.14907001e-05,6.45441687e-05,6.20104038e-05,159
25,62,1.53347337e-05,9.90537228e-05,6.25526955e-05,1427
25,63,1.07590335e-04,2.35090902e-05,6.24190652e-05,405
25,64,6.66199194e-05,9.98973337e-05,6.24116146e-05,292
25,65,8.52981029e-05,6.10515490e-05,6.27948029e-05,249
25,66,6.70116206e-05,8.93283868e-05,6.27322370e-05,56
