HOLOGRAM NUMBER,OBJECT NUMBER,X POSITION (m),Y POSITION (m),Z POSITION (m),NUMBER OF VOXEL
1,0,0.00000000e+00,0.00000000e+00,0.00000000e+00,0
2,0,0.00000000e+00,0.00000000e+00,0.00000000e+00,0
3,0,0.00000000e+00,0.00000000e+00,0.00000000e+00,0
4,0,0.00000000e+00,0.00000000e+00,0.00000000e+00,0
5,0,0.00000000e+00,0.00000000e+00,0.00000000e+00,0
6,0,0.00000000e+00,0.00000000e+00,0.00000000e+00,0
7,0,0.00000000e+00,0.00000000e+00,0.00000000e+00,0
