HOLOGRAM NUMBER,OBJECT NUMBER,X POSITION (m),Y POSITION (m),Z POSITION (m),NUMBER OF VOXEL
1,1,2.51890506e-05,2.91397537e-05,2.18313957e-07,95
1,2,8.72489982e-05,6.27479167e-05,4.75456289e-07,218
1,3,2.36500382e-05,7.39062161e-05,1.05484368e-07,32
1,4,8.85819463e-05,7.69008548e-05,3.55683767e-07,64
1,5,2.34425497e-05,8.40035718e-05,2.98141003e-07,181
1,6,2.05101733e-05,8.63201058e-05,4.05133818e-07,155
1,7,1.97999980e-05,8.63500682e-05,0.00000000e+00,3
1,8,1.21375131e-04,9.29645685e-05,2.26622390e-07,135
1,9,1.01401696e-04,1.08653068e-04,7.60876560e-07,375
1,10,1.85283589e-05,1.14493720e-04,4.67281779e-06,4056
1,11,5.60086264e-05,1.17077347e-04,8.07733898e-07,686
1,12,1.14939809e-04,1.18703712e-04,1.65656070e-06,906
1,13,9.74089417e-05,1.20214070e-04,0.00000000e+00,7
1,14,4.39083942e-06,1.04096638e-04,3.76643698e-06,15
1,15,2.18621790e-05,8.55785183e-05,7.08755442e-06,1293
1,16,9.37750010e-05,1.16883064e-06,5.00000033e-06,2
1,17,2.55934901e-05,2.71886292e-05,7.17631337e-06,625
1,18,8.51900404e-05,6.29319256e-05,6.17431397e-06,134
1,19,8.35255123e-05,9.00480591e-05,9.04075478e-06,48
1,20,1.01520243e-04,1.10820278e-04,9.80567711e-06,594
1,21,1.21935642e-04,9.12404794e-05,1.25171646e-05,1284
1,22,9.29063535e-05,1.11974572e-04,1.10999190e-05,383
1,23,4.90050370e-05,1.39670055e-05,1.67617618e-05,227
1,24,9.95428127e-05,4.61104319e-05,1.75895275e-05,224
1,25,7.85316734e-05,4.55841400e-05,1.77815564e-05,50
1,26,1.06182997e-04,1.07014261e-04,1.77199727e-05,77
1,27,1.20858684e-04,7.70328625e-05,2.03833351e-05,88
1,28,1.31269553e-04,5.69971489e-05,2.65339622e-05,890
1,29,8.21194553e-05,6.75356787e-05,2.79325232e-05,3454
1,30,1.00046796e-04,1.20883939e-04,2.47530425e-05,117
1,31,6.59974376e-06,7.05191051e-05,2.80176264e-05,30
1,32,7.58309616e-05,1.23557256e-04,3.20826148e-05,279
1,33,1.27914464e-04,2.60141096e-05,3.17578560e-05,31
1,34,1.05518433e-04,3.86113170e-05,3.50967603e-05,732
1,35,5.42217640e-05,8.60293512e-05,3.64895895e-05,363
1,36,2.56892399e-05,1.28465210e-04,3.73274052e-05,700
1,37,1.12231741e-04,3.59214646e-05,3.96083597e-05,52
1,38,9.42337647e-05,5.35229265e-05,4.00399986e-05,182
1,39,4.13593298e-05,1.33096037e-04,4.19490862e-05,1139
1,40,1.08261294e-04,2.24562609e-05,4.15258255e-05,237
1,41,5.73317520e-05,8.67533745e-05,4.05902283e-05,45
1,42,7.63816133e-05,5.64739275e-05,4.16483708e-05,224
1,43,6.55033946e-05,1.35679569e-04,4.22722223e-05,220
1,44,5.07209224e-05,6.33648888e-05,4.34011854e-05,25
1,45,7.05097409e-05,5.38237437e-05,4.61273848e-05,386
1,46,7.61734482e-05,5.50819896e-05,4.64917175e-05,697
1,47,1.84270339e-05,5.71053715e-05,4.47078964e-05,36
1,48,1.42084064e-05,5.29831741e-05,4.55000009e-05,3
1,49,1.15436058e-04,4.27484083e-05,5.06916658e-05,1090
1,50,1.36815259e-04,1.13066526e-04,5.03690899e-05,147
1,51,4.41937227e-05,1.04913743e-04,5.07997829e-05,224
1,52,1.76566973e-05,7.09449814e-05,5.10119826e-05,80
1,53,4.58502582e-05,1.24703452e-04,5.45464463e-05,1532
1,54,1.13162489e-04,2.45437532e-05,5.19999958e-05,2
1,55,3.35426666e-05,9.03033942e-05,5.35614381e-05,298
1,56,5.01278373e-05,9.04302142e-05,5.31625046e-05,157
1,57,1.13464463e-04,1.29352280e-04,5.41872469e-05,311
1,58,9.19979939e-05,1.18080949e-04,5.50896475e-05,39
1,59,7.73411011e-05,1.24428727e-04,5.75016020e-05,74
1,60,7.91903803e-05,1.24339189e-04,5.72140416e-05,14
1,61,6.37584235e-05,5.20734429e-05,5.98290935e-05,220
1,62,8.84740148e-05,6.68102948e-05,6.13863522e-05,843
1,63,7.88562611e-05,5.46287738e-05,6.12009389e-05,30
1,64,5.09197598e-05,2.55370942e-05,6.17597834e-05,83
1,65,5.32742924e-05,9.86241794e-05,6.18053164e-05,89
1,66,6.99366356e-05,6.24085151e-05,6.23029555e-05,160
1,67,6.70504378e-05,8.93196266e-05,6.26068068e-05,91
1,68,3.97686235e-05,3.27927701e-05,6.26028268e-05,43
1,69,1.41883620e-05,1.00077661e-04,6.24654785e-05,73
1,70,5.30079451e-05,1.02188154e-04,6.25866232e-05,164
2,1,2.51156052e-05,2.90273329e-05,1.97639793e-07,75
2,2,8.42185982e-05,6.21500003e-05,0.00000000e+00,2
2,3,8.45808536e-05,6.30762224e-05,1.32792408e-07,15
2,4,2.36227661e-05,7.37825976e-05,0.00000000e+00,5
2,5,2.32832990e-05,8.35267201e-05,0.00000000e+00,15
2,6,2.06377190e-05,8.68007337e-05,3.62411186e-07,146
2,7,1.21379060e-04,9.31321629e-05,3.50721280e-07,203
2,8,1.01364465e-04,1.08615575e-04,7.60541866e-07,584
2,9,1.02360988e-04,1.13594986e-04,1.55180402e-07,83
2,10,1.64388257e-05,1.14286595e-04,2.59291170e-07,156
2,11,1.86329598e-05,1.14407936e-04,5.16095179e-06,3455
2,12,1.78749997e-05,1.14193535e-04,0.00000000e+00,4
2,13,5.58650936e-05,1.16134906e-04,6.94377206e-07,530
2,14,1.14103255e-04,1.18697673e-04,2.04543949e-06,1190
2,15,8.48739801e-05,6.32413357e-05,5.83936617e-06,511
2,16,2.56594903e-05,2.71406552e-05,7.11872735e-06,640
2,17,2.18267469e-05,8.55566032e-05,7.13638383e-06,890
2,18,8.35561732e-05,8.99898878e-05,8.77749790e-06,107
2,19,1.01552214e-04,1.10807086e-04,9.66074458e-06,881
2,20,9.30332026e-05,1.12000205e-04,1.10437868e-05,252
2,21,1.22079495e-04,9.15292549e-05,1.27144694e-05,676
2,22,4.93775406e-05,1.42104855e-05,1.72098898e-05,233
2,23,1.00536199e-04,4.63276920e-05,1.71249449e-05,87
2,24,9.87429084e-05,4.58758441e-05,1.75966470e-05,104
2,25,7.91802522e-05,4.50175976e-05,1.77371930e-05,72
2,26,1.06189829e-04,1.06828775e-04,1.76167541e-05,51
2,27,1.21024168e-04,7.64869255e-05,2.02670981e-05,153
2,28,8.20275236e-05,6.74012626e-05,2.79141750e-05,3475
2,29,1.00233701e-04,1.20973033e-04,2.47933494e-05,108
2,30,1.31249340e-04,5.69955519e-05,2.69907086e-05,1036
2,31,1.20999994e-05,3.93249975e-05,2.49999994e-05,1
2,32,7.54142311e-05,1.23934675e-04,3.14765311e-05,623
2,33,1.27900508e-04,2.66623265e-05,3.12506018e-05,22
2,34,1.05459541e-04,3.84363630e-05,3.50348928e-05,437
2,35,5.42200069e-05,8.59626816e-05,3.62854917e-05,448
2,36,2.56416388e-05,1.28618281e-04,3.73687835e-05,584
2,37,9.36001234e-05,5.33750281e-05,3.97138319e-05,286
2,38,1.11995250e-04,3.58378493e-05,3.94240124e-05,59
2,39,4.13770722e-05,1.33022913e-04,4.17827832e-05,1129
2,40,5.73081961e-05,8.67214039e-05,4.04458115e-05,104
2,41,1.08280845e-04,2.25743479e-05,4.13774578e-05,204
2,42,7.59710383e-05,5.58563115e-05,4.13397793e-05,434
2,43,6.53709576e-05,1.35201451e-04,4.24748832e-05,269
2,44,5.24072566e-05,2.85214210e-05,4.26417100e-05,7
2,45,5.07965779e-05,6.36230543e-05,4.35000002e-05,7
2,46,1.85062527e-05,5.70868615e-05,4.45587575e-05,17
2,47,7.63102216e-05,5.51461417e-05,4.62410680e-05,706
2,48,1.40247103e-05,5.30686229e-05,4.55493355e-05,89
2,49,7.06167266e-05,5.38097411e-05,4.62755706e-05,318
2,50,1.15837749e-04,4.23964120e-05,5.04325326e-05,1167
2,51,1.37082112e-04,1.13415183e-04,5.06684446e-05,236
2,52,4.41825650e-05,1.04903338e-04,5.08662852e-05,258
2,53,1.75189998e-05,7.09970991e-05,5.11369290e-05,101
2,54,4.56661874e-05,1.24596845e-04,5.47817472e-05,1479
2,55,1.13162496e-04,2.46123345e-05,5.20000031e-05,5
2,56,3.36242119e-05,9.03316759e-05,5.36646476e-05,390
2,57,5.01818104e-05,9.05142515e-05,5.32621052e-05,275
2,58,1.12973743e-04,1.29740787e-04,5.38811619e-05,154
2,59,9.20935272e-05,1.18147393e-04,5.50490877e-05,246
2,60,7.86128949e-05,1.24631944e-04,5.68912510e-05,98
2,61,7.68625541e-05,1.24162441e-04,5.77496903e-05,8
2,62,6.42498198e-05,5.12993356e-05,5.95840793e-05,188
2,63,8.87478382e-05,6.64684485e-05,6.10702773e-05,742
2,64,5.26928525e-05,9.94112197e-05,6.20099017e-05,178
2,65,5.13804662e-05,2.52842910e-05,6.16946782e-05,137
2,66,7.00536984e-05,6.23717206e-05,6.21911167e-05,153
2,67,4.00437639e-05,3.22902597e-05,6.26550463e-05,92
2,68,6.71267553e-05,8.90933588e-05,6.26712281e-05,67
2,69,1.40452012e-05,1.00353478e-04,6.25518369e-05,163
2,70,5.32727900e-05,1.02390091e-04,6.25742759e-05,117
3,1,2.49730001e-05,2.88087140e-05,4.70085695e-08,21
3,2,8.43627276e-05,6.34000098e-05,2.25492954e-07,11
3,3,8.86790585e-05,7.69226826e-05,1.55177958e-07,16
3,4,2.30124606e-05,8.35079627e-05,1.64676479e-07,60
3,5,2.06421064e-05,8.68767820e-05,4.77152412e-07,217
3,6,1.21047553e-04,9.34147247e-05,2.17503555e-07,52
3,7,1.01348036e-04,1.08743785e-04,6.15288457e-07,461
3,8,1.84097153e-05,1.14433606e-04,4.57378110e-06,4595
3,9,5.55681108e-05,1.15174567e-04,5.15791896e-07,361
3,10,1.77992188e-05,1.16048213e-04,2.06652828e-07,60
3,11,1.13520175e-04,1.17654359e-04,1.33138172e-07,15
3,12,1.13513699e-04,1.19636286e-04,2.48191554e-07,36
3,13,1.13450078e-04,1.18649543e-04,3.16664091e-06,204
3,14,5.90979698e-06,1.04931460e-04,3.81248583e-06,58
3,15,8.46602270e-05,6.35040051e-05,5.91250864e-06,341
3,16,2.17918987e-05,8.55886028e-05,7.22371033e-06,1099
3,17,2.56895164e-05,2.70799883e-05,7.03616433e-06,536
3,18,8.35053725e-05,9.00366358e-05,8.89923285e-06,89
3,19,1.01505320e-04,1.10834204e-04,9.77914715e-06,665
3,20,9.31699396e-05,1.11858018e-04,1.09205075e-05,256
3,21,1.22277444e-04,9.16096396e-05,1.33590456e-05,1199
3,22,4.97125111e-05,1.47035516e-05,1.76925223e-05,438
3,23,7.96222666e-05,4.45591977e-05,1.77840866e-05,141
3,24,1.00171812e-04,4.59658841e-05,1.73415010e-05,249
3,25,1.06377229e-04,1.06965112e-04,1.78293594e-05,47
3,26,1.21168472e-04,7.59569812e-05,2.02044102e-05,87
3,27,8.20996793e-05,6.74757321e-05,2.80239128e-05,3438
3,28,1.31380832e-04,5.69884505e-05,2.71308490e-05,932
3,29,1.00461250e-04,1.21062687e-04,2.47936368e-05,46
3,30,7.49583114e-06,7.14330381e-05,2.74008871e-05,35
3,31,7.49921674e-05,1.24382248e-04,3.08370763e-05,902
3,32,1.05483421e-04,3.82461367e-05,3.50132977e-05,419
3,33,5.43022434e-05,8.60230502e-05,3.61422572e-05,331
3,34,2.56212679e-05,1.28729371e-04,3.72681570e-05,503
3,35,1.11613932e-04,3.55601769e-05,3.89505476e-05,50
3,36,9.31286777e-05,5.33326274e-05,3.96176438e-05,221
3,37,4.14947463e-05,1.32998670e-04,4.17216288e-05,1361
3,38,7.58495516e-05,5.52198253e-05,4.45205515e-05,1460
3,39,5.72345743e-05,8.68157367e-05,4.04697093e-05,127
3,40,1.08497319e-04,2.27435612e-05,4.12239024e-05,110
3,41,6.51524970e-05,1.34871501e-04,4.28171807e-05,271
3,42,5.08172925e-05,6.36695549e-05,4.37369927e-05,19
3,43,1.85841127e-05,5.70413758e-05,4.46265403e-05,32
3,44,7.07357976e-05,5.36291045e-05,4.61883756e-05,241
3,45,1.15891366e-04,4.24295431e-05,4.98323971e-05,227
3,46,4.41783159e-05,1.04808132e-04,5.09068486e-05,343
3,47,1.75670593e-05,7.12134279e-05,5.13503946e-05,146
3,48,1.13069880e-04,2.45417959e-05,5.19999994e-05,27
3,49,3.35277837e-05,9.03271430e-05,5.36610096e-05,209
3,50,4.52286185e-05,1.24728729e-04,5.54693761e-05,1705
3,51,5.05445241e-05,9.07906651e-05,5.29582867e-05,98
3,52,9.19095619e-05,1.18269403e-04,5.47948403e-05,292
3,53,1.12275520e-04,1.30333647e-04,5.37488741e-05,89
3,54,5.39242683e-05,1.16256997e-05,5.58303364e-05,29
3,55,7.69703111e-05,1.24402941e-04,5.70534685e-05,244
3,56,1.36126428e-05,3.76123280e-05,5.84555237e-05,11
3,57,6.46284388e-05,5.08046833e-05,5.95225720e-05,221
3,58,8.91774835e-05,6.65455809e-05,6.10491770e-05,816
3,59,5.22883893e-05,9.99738113e-05,6.20475330e-05,284
3,60,5.17097760e-05,2.54640618e-05,6.15972749e-05,67
3,61,7.00436794e-05,6.23155938e-05,6.22080188e-05,175
3,62,1.39476988e-05,1.00465280e-04,6.25067187e-05,213
3,63,3.99692835e-05,3.20687795e-05,6.25148896e-05,67
3,64,8.02811555e-05,5.60553126e-05,6.28815833e-05,121
3,65,6.71462913e-05,8.88050781e-05,6.26235123e-05,88
3,66,5.39553694e-05,1.02461869e-04,6.26995097e-05,116
4,1,2.49790319e-05,2.87373095e-05,0.00000000e+00,9
4,2,8.56616389e-05,6.54924588e-05,3.16801390e-07,143
4,3,8.89625007e-05,7.71372070e-05,0.00000000e+00,3
4,4,2.32091570e-05,8.36615582e-05,1.49302920e-07,53
4,5,2.06888217e-05,8.70412914e-05,4.60822577e-07,212
4,6,1.21000005e-04,9.32249968e-05,0.00000000e+00,1
4,7,1.01370024e-04,1.08689033e-04,4.45240090e-07,352
4,8,1.86061279e-05,1.14400907e-04,5.35094023e-06,3349
4,9,2.01210005e-05,1.13070622e-04,0.00000000e+00,3
4,10,5.55549195e-05,1.14123781e-04,6.91459888e-07,555
4,11,1.12787624e-04,1.18877702e-04,2.22944504e-06,1555
4,12,6.86662406e-06,1.05419967e-04,4.08105598e-06,108
4,13,2.56914864e-05,2.70291148e-05,7.08508196e-06,468
4,14,8.46184776e-05,6.41703155e-05,5.80145252e-06,151
4,15,2.18416917e-05,8.56749612e-05,7.31224645e-06,1000
4,16,8.34578896e-05,9.00228624e-05,8.85801819e-06,279
4,17,1.01414829e-04,1.10840672e-04,9.81399353e-06,557
4,18,9.32345793e-05,1.11797628e-04,1.09306438e-05,291
4,19,1.22459634e-04,9.16318313e-05,1.37234965e-05,941
4,20,1.00600919e-04,4.63050674e-05,1.70699386e-05,319
4,21,8.01263232e-05,4.41491575e-05,1.74253400e-05,83
4,22,1.06456617e-04,1.06859377e-04,1.78756054e-05,122
4,23,5.01331779e-05,1.55011203e-05,1.78681330e-05,106
4,24,1.21251804e-04,7.55872024e-05,2.01393232e-05,113
4,25,8.21457434e-05,6.74285111e-05,2.80786062e-05,3407
4,26,1.00400342e-04,1.20988552e-04,2.48597771e-05,75
4,27,1.20173481e-05,3.90226451e-05,2.44999974e-05,5
4,28,1.31347726e-04,5.67378593e-05,2.74332797e-05,689
4,29,7.46300575e-05,1.24743281e-04,3.02218687e-05,609
4,30,1.27828913e-04,2.79616997e-05,3.09359348e-05,123
4,31,1.05551000e-04,3.82323524e-05,3.49311013e-05,507
4,32,5.43654569e-05,8.62392262e-05,3.62032079e-05,177
4,33,2.56998374e-05,1.28681160e-04,3.74972842e-05,503
4,34,1.11164445e-04,3.54160438e-05,3.91066496e-05,135
4,35,9.26009743e-05,5.32813865e-05,3.95308125e-05,236
4,36,4.15298309e-05,1.33077978e-04,4.17878982e-05,1410
4,37,7.50148974e-05,5.47184791e-05,4.07274347e-05,421
4,38,1.08559812e-04,2.28424324e-05,4.12596237e-05,332
4,39,5.71311284e-05,8.69767318e-05,4.03774175e-05,70
4,40,6.48512287e-05,1.34535643e-04,4.32936940e-05,373
4,41,5.08888443e-05,6.36991026e-05,4.36479313e-05,41
4,42,1.87391124e-05,5.70228112e-05,4.44724974e-05,52
4,43,7.61732590e-05,5.51946796e-05,4.63379802e-05,563
4,44,7.08009538e-05,5.35309518e-05,4.61208510e-05,274
4,45,1.15807117e-04,4.20144206e-05,4.98832014e-05,268
4,46,4.41813791e-05,1.04788473e-04,5.08956655e-05,380
4,47,1.76373469e-05,7.12050678e-05,5.11936232e-05,167
4,48,1.13053284e-04,2.47836560e-05,5.18028683e-05,53
4,49,1.11802292e-04,1.30627290e-04,5.32050326e-05,249
4,50,3.33768876e-05,9.02313332e-05,5.36770276e-05,149
4,51,9.17590442e-05,1.18349060e-04,5.45840521e-05,480
4,52,4.52332606e-05,1.24732644e-04,5.57735075e-05,1243
4,53,7.63276257e-05,1.24252634e-04,5.67566349e-05,313
4,54,5.40442634e-05,1.14912800e-05,5.64697257e-05,64
4,55,6.48105488e-05,5.03863012e-05,5.93330151e-05,150
4,56,8.93544493e-05,6.69130313e-05,6.09679191e-05,1234
4,57,5.22779737e-05,2.35950774e-05,6.09999952e-05,5
4,58,5.17978333e-05,2.55065261e-05,6.16043908e-05,38
4,59,7.00106393e-05,6.23023807e-05,6.20667925e-05,208
4,60,1.39819695e-05,1.00689373e-04,6.22867228e-05,224
4,61,5.17828448e-05,1.00819401e-04,6.22257940e-05,109
4,62,8.06315293e-05,5.65007394e-05,6.27191330e-05,113
4,63,6.71774105e-05,8.84608889e-05,6.25698012e-05,43
4,64,5.44823924e-05,1.02666920e-04,6.27710178e-05,116
4,65,4.01107609e-05,3.11336771e-05,6.26420151e-05,7
5,1,8.52587254e-05,6.57583660e-05,3.38147828e-07,96
5,2,2.31074082e-05,8.35350729e-05,5.18013223e-08,19
5,3,2.05751203e-05,8.70520525e-05,1.90782700e-07,47
5,4,7.78792582e-06,1.06055661e-04,3.13986402e-06,477
5,5,1.01349513e-04,1.09215631e-04,0.00000000e+00,34
5,6,5.55635925e-05,1.13594928e-04,6.95178812e-07,587
5,7,1.70669518e-05,1.14184782e-04,1.24085304e-07,16
5,8,1.82790081e-05,1.14383023e-04,2.34566016e-07,93
5,9,1.87225287e-05,1.14405571e-04,6.04041179e-06,2805
5,10,1.12029615e-04,1.18789525e-04,2.33730998e-06,1458
5,11,2.57298834e-05,2.70680684e-05,7.06208084e-06,515
5,12,2.17804700e-05,8.56400511e-05,7.27313409e-06,707
5,13,8.39984714e-05,6.53797979e-05,7.26561848e-06,49
5,14,9.21057508e-05,3.19684614e-06,7.30714328e-06,36
5,15,8.34237289e-05,9.00675150e-05,9.01599014e-06,114
5,16,1.01239253e-04,1.10861562e-04,9.93961112e-06,218
5,17,9.30609240e-05,1.11966532e-04,1.05940017e-05,202
5,18,1.22583107e-04,9.17877405e-05,1.38867226e-05,764
5,19,8.08303885e-05,4.38165807e-05,1.72268883e-05,198
5,20,1.01080936e-04,4.61032687e-05,1.69462910e-05,315
5,21,5.02976400e-05,1.55735361e-05,1.82856274e-05,404
5,22,1.06418527e-04,1.06889369e-04,1.80079769e-05,122
5,23,1.21332218e-04,7.50627514e-05,2.01569819e-05,84
5,24,8.23564114e-05,6.72622336e-05,2.78488260e-05,3496
5,25,1.00427373e-04,1.20820318e-04,2.46142226e-05,58
5,26,1.19624983e-05,3.90499990e-05,2.47497992e-05,2
5,27,1.31006193e-04,5.66751442e-05,2.76549872e-05,844
5,28,2.85998976e-05,1.04203507e-04,2.59238550e-05,13
5,29,8.20421155e-06,7.25083810e-05,2.75000020e-05,3
5,30,7.42955963e-05,1.25051651e-04,2.95950758e-05,255
5,31,1.27737498e-04,2.86686591e-05,3.04999994e-05,2
5,32,1.05569743e-04,3.82370999e-05,3.50576265e-05,451
5,33,5.42649323e-05,8.60290820e-05,3.62898536e-05,449
5,34,2.56877702e-05,1.28636952e-04,3.74402771e-05,626
5,35,1.10819856e-04,3.49793554e-05,3.91758331e-05,230
5,36,9.20546809e-05,5.31316109e-05,3.92369875e-05,206
5,37,4.15477152e-05,1.33057067e-04,4.17686388e-05,1071
5,38,1.08589316e-04,2.27652199e-05,4.11780275e-05,386
5,39,7.45526195e-05,5.40061665e-05,4.02951409e-05,142
5,40,5.72839308e-05,8.70178046e-05,4.04285420e-05,99
5,41,6.46742119e-05,1.34273461e-04,4.38400784e-05,331
5,42,5.09889142e-05,6.38063430e-05,4.37417148e-05,89
5,43,1.87519090e-05,5.69054973e-05,4.46035847e-05,34
5,44,7.08913067e-05,5.34008432e-05,4.59480216e-05,152
5,45,7.62154232e-05,5.51178746e-05,4.65330631e-05,397
5,46,1.15888965e-04,4.17152733e-05,4.95206732e-05,1259
5,47,4.42015444e-05,1.04685823e-04,5.08454686e-05,428
5,48,1.37331124e-04,1.14155766e-04,5.12794759e-05,236
5,49,1.76891517e-05,7.11802568e-05,5.11362341e-05,55
5,50,1.13085785e-04,2.48145352e-05,5.15989159e-05,66
5,51,1.11256944e-04,1.31052162e-04,5.26439289e-05,155
5,52,3.34040487e-05,9.01602471e-05,5.35402396e-05,215
5,53,5.03285082e-05,9.06733549e-05,5.29958488e-05,273
5,54,9.17949219e-05,1.18361146e-04,5.44729119e-05,509
5,55,4.49019681e-05,1.24823579e-04,5.63768226e-05,1843
5,56,7.70916013e-05,1.24359052e-04,5.69046897e-05,21
5,57,8.88488066e-05,6.76618220e-05,6.16272882e-05,2164
5,58,9.22314939e-05,1.14683462e-05,5.93199948e-05,61
5,59,6.46106710e-05,5.06337965e-05,5.94785124e-05,194
5,60,6.99758966e-05,6.22506341e-05,6.18772319e-05,217
5,61,5.16191249e-05,2.54130300e-05,6.15875324e-05,63
5,62,4.00978643e-05,3.05988724e-05,6.22753432e-05,122
5,63,1.41007804e-05,1.00922465e-04,6.23429878e-05,186
5,64,6.71554008e-05,8.83104003e-05,6.25429602e-05,59
5,65,5.07998557e-05,1.01589823e-04,6.26087058e-05,73
5,66,5.48326716e-05,1.02873171e-04,6.28920752e-05,103
6,1,2.32262082e-05,8.37287516e-05,2.58366640e-07,84
6,2,2.05496035e-05,8.69444339e-05,5.39482755e-07,251
6,3,8.77617367e-06,1.06243780e-04,2.74947411e-06,429
6,4,5.51284247e-05,1.12736401e-04,5.98228667e-07,486
6,5,1.87209080e-05,1.14468472e-04,5.30590341e-06,3389
6,6,1.11402514e-04,1.17754760e-04,0.00000000e+00,5
6,7,1.11174304e-04,1.19050215e-04,2.70271539e-06,954
6,8,9.70933979e-05,1.19949844e-04,1.35831741e-07,22
6,9,2.17439756e-05,8.56705738e-05,7.15788519e-06,1109
6,10,8.32700753e-05,6.60337828e-05,5.56695977e-06,45
6,11,2.57198553e-05,2.68513340e-05,7.05276989e-06,310
6,12,9.15060737e-05,3.57052977e-06,8.06183289e-06,64
6,13,8.34628227e-05,9.00360901e-05,8.98057169e-06,26
6,14,1.01070873e-04,1.10857174e-04,9.95503251e-06,98
6,15,9.30884707e-05,1.11849273e-04,1.07541709e-05,283
6,16,1.22717029e-04,9.18629739e-05,1.42629078e-05,1290
6,17,8.51774748e-05,6.75029514e-05,1.50836886e-05,42
6,18,8.15049498e-05,4.33840869e-05,1.69817449e-05,253
6,19,1.01833837e-04,4.63692631e-05,1.66674981e-05,340
6,20,5.04634918e-05,1.61804692e-05,1.84512774e-05,484
6,21,1.06263840e-04,1.06837004e-04,1.78141672e-05,135
6,22,1.21641897e-04,7.46131191e-05,2.01168477e-05,157
6,23,8.24214803e-05,6.73755640e-05,2.78233274e-05,3496
6,24,1.00465564e-04,1.20899655e-04,2.48235519e-05,85
6,25,1.30951521e-04,5.65814080e-05,2.80002059e-05,690
6,26,7.40313772e-05,1.25336708e-04,2.87891598e-05,521
6,27,1.27651540e-04,2.91091583e-05,2.99693875e-05,153
6,28,1.05701707e-04,3.82285689e-05,3.51585077e-05,535
6,29,5.43687383e-05,8.60883592e-05,3.62330829e-05,453
6,30,2.56889525e-05,1.28599291e-04,3.73347611e-05,578
6,31,1.10685098e-04,3.46943307e-05,3.88194021e-05,257
6,32,9.16441204e-05,5.31716432e-05,3.93140399e-05,173
6,33,7.40160322e-05,5.32898630e-05,3.99362361e-05,158
6,34,5.72973477e-05,8.71426819e-05,4.02350161e-05,158
6,35,4.17516130e-05,1.32978545e-04,4.18846466e-05,1088
6,36,1.08599670e-04,2.27580185e-05,4.11132969e-05,412
6,37,6.44000902e-05,1.34068527e-04,4.42180790e-05,382
6,38,5.10081372e-05,6.38297570e-05,4.36096925e-05,64
6,39,7.08564839e-05,5.34774954e-05,4.60781048e-05,270
6,40,1.86307989e-05,5.69250042e-05,4.50000043e-05,2
6,41,7.61779957e-05,5.50664627e-05,4.66154524e-05,297
6,42,1.16106414e-04,4.15606337e-05,4.92206855e-05,830
6,43,4.42085366e-05,1.04732942e-04,5.08385710e-05,408
6,44,1.10815432e-04,1.31456894e-04,5.20053254e-05,503
6,45,1.78081973e-05,7.10946770e-05,5.10712562e-05,110
6,46,1.37530151e-04,1.14224298e-04,5.08865342e-05,40
6,47,1.13103240e-04,2.47522185e-05,5.17691551e-05,61
6,48,5.02660259e-05,9.05746638e-05,5.30856196e-05,236
6,49,3.35051482e-05,8.99741499e-05,5.37881824e-05,178
6,50,9.19452505e-05,1.18312913e-04,5.47475247e-05,551
6,51,4.48489554e-05,1.24967119e-04,5.68290052e-05,1381
6,52,7.44882345e-05,1.24020589e-04,5.59988475e-05,30
6,53,7.61208794e-05,1.24701925e-04,5.65113514e-05,123
6,54,6.43981693e-05,5.11127255e-05,5.95067577e-05,236
6,55,5.17770495e-05,2.45413557e-05,6.13763987e-05,110
6,56,8.86511407e-05,6.79309160e-05,6.18467893e-05,363
6,57,6.99404118e-05,6.21810832e-05,6.20791106e-05,161
6,58,5.01924187e-05,1.02300452e-04,6.23060259e-05,167
6,59,8.09227568e-05,5.82963148e-05,6.25792818e-05,141
6,60,1.41693054e-05,1.01151221e-04,6.24322784e-05,163
6,61,4.01731086e-05,2.96792041e-05,6.23615124e-05,55
6,62,6.70996160e-05,8.79874933e-05,6.25834946e-05,101
6,63,1.16531563e-04,2.63313923e-05,6.25000030e-05,4
6,64,5.52743295e-05,1.02907405e-04,6.28639827e-05,108
7,1,8.06300013e-05,6.48722780e-05,0.00000000e+00,5
7,2,8.34779930e-05,6.70099180e-05,6.04431477e-07,158
7,3,8.82030217e-05,7.68385507e-05,1.80338461e-07,66
7,4,2.32510538e-05,8.36626859e-05,2.13390805e-07,65
7,5,2.03779746e-05,8.66069022e-05,1.87738436e-07,53
7,6,1.01543701e-04,1.08831497e-04,0.00000000e+00,4
7,7,5.51299672e-05,1.11782574e-04,7.53245104e-07,764
7,8,1.71874999e-05,1.13849994e-04,0.00000000e+00,1
7,9,1.81500000e-05,1.14331538e-04,0.00000000e+00,4
7,10,1.88727299e-05,1.14404153e-04,6.54031010e-06,2110
7,11,9.95575247e-05,1.17095144e-04,2.84906065e-07,167
7,12,1.10453082e-04,1.19079821e-04,2.72500279e-06,1440
7,13,8.27153053e-05,6.65139451e-05,4.38841016e-06,812
7,14,9.65295203e-06,1.06821150e-04,4.29137617e-06,171
7,15,2.17238685e-05,8.55964536e-05,7.17813782e-06,835
7,16,2.59311801e-05,2.68027725e-05,7.07397339e-06,105
7,17,9.10989256e-05,4.11450583e-06,8.38527103e-06,39
7,18,8.35583705e-05,9.00103041e-05,8.84076871e-06,108
7,19,1.01118065e-04,1.10895977e-04,9.93811136e-06,49
7,20,9.32127732e-05,1.11860565e-04,1.07976011e-05,235
7,21,1.22956917e-04,9.19923841e-05,1.47318242e-05,868
7,22,8.51376171e-05,6.76577401e-05,1.60984655e-05,470
7,23,8.21197464e-05,4.31335939e-05,1.64618050e-05,126
7,24,1.01479738e-04,4.61923264e-05,1.69248015e-05,224
7,25,1.03120430e-04,4.65064077e-05,1.61532462e-05,26
7,26,8.08166224e-05,6.51706068e-05,1.64189642e-05,143
7,27,1.06181527e-04,1.06764346e-04,1.75865662e-05,130
7,28,5.09255224e-05,1.65979909e-05,1.86209345e-05,303
7,29,1.21636884e-04,7.42416742e-05,2.01707207e-05,140
7,30,8.24774543e-05,6.72977621e-05,2.79705000e-05,3320
7,31,1.00649690e-04,1.20886900e-04,2.49748882e-05,96
7,32,7.37463124e-05,1.25605220e-04,2.83337122e-05,1065
7,33,1.30932385e-04,5.64908587e-05,2.81411976e-05,283
7,34,8.05188120e-06,7.24901038e-05,2.74429931e-05,110
7,35,1.27759762e-04,2.98426767e-05,2.97759143e-05,31
7,36,1.05589614e-04,3.81903046e-05,3.51779054e-05,426
7,37,5.44628565e-05,8.60451546e-05,3.61726416e-05,286
7,38,2.58151795e-05,1.28613334e-04,3.73841212e-05,646
7,39,1.10454203e-04,3.46058368e-05,3.86090906e-05,132
7,40,9.10036324e-05,5.29781864e-05,3.91888461e-05,177
7,41,7.34258283e-05,5.26245021e-05,4.02326514e-05,167
7,42,5.73710677e-05,8.71768207e-05,4.04797647e-05,195
7,43,4.16658222e-05,1.33014517e-04,4.18188392e-05,1139
7,44,1.08566033e-04,2.29258239e-05,4.14356000e-05,321
7,45,5.09548481e-05,6.37817211e-05,4.37486851e-05,60
7,46,6.42070590e-05,1.33676556e-04,4.43616627e-05,272
7,47,7.08902080e-05,5.36102452e-05,4.61511190e-05,213
7,48,7.61500705e-05,5.50363438e-05,4.66947240e-05,312
7,49,1.16106457e-04,4.16621042e-05,4.88337246e-05,306
7,50,4.42278943e-05,1.04784791e-04,5.09118909e-05,427
7,51,1.10469548e-04,1.31829584e-04,5.19769819e-05,279
7,52,1.78012851e-05,7.11314860e-05,5.10712089e-05,28
7,53,3.33685821e-05,9.00232844e-05,5.36156804e-05,198
7,54,9.17678408e-05,1.18378644e-04,5.45239855e-05,597
7,55,5.05366443e-05,9.06745918e-05,5.31094265e-05,133
7,56,7.45017533e-05,1.24263344e-04,5.60066073e-05,410
7,57,4.45300502e-05,1.25094579e-04,5.75261547e-05,1857
7,58,6.44755273e-05,5.07736186e-05,5.95637248e-05,213
7,59,8.81133019e-05,6.82094760e-05,6.20411010e-05,266
7,60,5.21599250e-05,2.34917570e-05,6.14857781e-05,73
7,61,5.15863285e-05,2.53184044e-05,6.11728319e-05,23
7,62,6.98749427e-05,6.21549625e-05,6.23997694e-05,265
7,63,3.99855198e-05,2.90352837e-05,6.26766414e-05,172
7,64,1.42894287e-05,1.01081430e-04,6.26450128e-05,186
7,65,4.97655274e-05,1.03042752e-04,6.24445893e-05,188
7,66,8.07978940e-05,5.88428338e-05,6.26926994e-05,34
7,67,6.69505607e-05,8.77527418e-05,6.25373214e-05,79
7,68,5.56449741e-05,1.02929800e-04,6.28528287e-05,109
8,1,8.24708477e-05,6.72015085e-05,2.76711012e-06,1354
8,2,8.79505169e-05,7.66345620e-05,1.74545832e-07,54
8,3,2.34877498e-05,8.38120977e-05,1.57684141e-07,44
8,4,2.03436866e-05,8.62562010e-05,2.03274254e-07,22
8,5,1.07529386e-05,1.07269509e-04,3.23616268e-06,338
8,6,5.48784374e-05,1.10929257e-04,6.34853961e-07,667
8,7,1.71187075e-05,1.13712500e-04,0.00000000e+00,4
8,8,1.91370655e-05,1.14387229e-04,6.11452606e-06,2583
8,9,1.09656306e-04,1.17012496e-04,2.47320258e-07,4
8,10,1.09593835e-04,1.17585936e-04,4.13124326e-07,42
8,11,1.09449989e-04,1.18112490e-04,0.00000000e+00,1
8,12,1.09449997e-04,1.18868615e-04,0.00000000e+00,2
8,13,1.09838191e-04,1.19983015e-04,3.45125898e-07,23
8,14,1.09745728e-04,1.18742530e-04,4.65284620e-06,428
8,15,2.57079919e-05,2.67244413e-05,7.06046194e-06,301
8,16,2.18936802e-05,8.56114857e-05,7.26921826e-06,718
8,17,9.07205176e-05,4.61628497e-06,8.48065883e-06,107
8,18,8.35844403e-05,9.00494706e-05,8.87268561e-06,130
8,19,1.01032543e-04,1.10895577e-04,9.81292669e-06,117
8,20,9.33347692e-05,1.11902351e-04,1.05498139e-05,150
8,21,1.23249862e-04,9.22507388e-05,1.50958904e-05,1027
8,22,8.28319244e-05,4.25543403e-05,1.63875393e-05,202
8,23,1.03544189e-04,4.64503828e-05,1.58166895e-05,121
8,24,8.06649405e-05,6.53892857e-05,1.66814607e-05,592
8,25,8.47237534e-05,6.89666704e-05,1.74277684e-05,190
8,26,5.09647762e-05,1.69555387e-05,1.85729677e-05,676
8,27,1.02016857e-04,4.62564167e-05,1.69711893e-05,17
8,28,1.06316176e-04,1.06944724e-04,1.79750132e-05,152
8,29,1.21886354e-04,7.38297022e-05,2.02625506e-05,195
8,30,1.00704048e-04,1.20700752e-04,2.47833523e-05,108
8,31,8.25425595e-05,6.72595997e-05,2.80973109e-05,3187
8,32,7.34514470e-05,1.26016181e-04,2.79372889e-05,1080
8,33,1.30844055e-04,5.63706672e-05,2.84977250e-05,657
8,34,8.11593327e-06,7.23779740e-05,2.75189086e-05,128
8,35,1.27965628e-04,3.05917783e-05,2.94651418e-05,29
8,36,1.05529703e-04,3.82226135e-05,3.53586875e-05,419
8,37,5.44016548e-05,8.60176879e-05,3.63675645e-05,285
8,38,2.58771979e-05,1.28587097e-04,3.75059171e-05,790
8,39,1.10200272e-04,3.46014313e-05,3.84117011e-05,118
8,40,9.04232875e-05,5.29080462e-05,3.91249632e-05,185
8,41,5.74055157e-05,8.72483361e-05,4.04873463e-05,143
8,42,4.18044947e-05,1.32998219e-04,4.19623721e-05,1038
8,43,1.08431195e-04,2.27335004e-05,4.17508745e-05,205
8,44,6.40863727e-05,1.33210822e-04,4.48358369e-05,584
8,45,5.09863457e-05,6.38947968e-05,4.35702241e-05,58
8,46,7.59991817e-05,5.49480465e-05,4.64951700e-05,428
8,47,7.10425011e-05,5.35063919e-05,4.63319266e-05,321
8,48,1.15948773e-04,4.13332345e-05,4.84753218e-05,887
8,49,1.60016771e-05,2.97472470e-05,4.85474702e-05,73
8,50,4.44230172e-05,1.04931787e-04,5.09983292e-05,472
8,51,1.77990696e-05,7.11029716e-05,5.10380669e-05,56
8,52,1.37788506e-04,1.14408278e-04,5.24269490e-05,314
8,53,1.13135116e-04,2.49716504e-05,5.17481130e-05,40
8,54,1.09672052e-04,1.32338377e-04,5.17687804e-05,13
8,55,3.33982898e-05,9.00559025e-05,5.37263331e-05,475
8,56,5.05571843e-05,9.06792338e-05,5.30946963e-05,131
8,57,9.14652555e-05,1.18194046e-04,5.48817989e-05,90
8,58,7.40826799e-05,1.24002661e-04,5.55333172e-05,227
8,59,4.44233883e-05,1.25398656e-04,5.80921551e-05,1559
8,60,5.42259149e-05,1.14606628e-05,5.64176116e-05,48
8,61,9.22034087e-05,1.14494906e-05,5.88632283e-05,141
8,62,6.49016947e-05,5.02523035e-05,5.92090837e-05,146
8,63,5.17966691e-05,2.48940087e-05,6.11663709e-05,24
8,64,8.65536203e-05,6.83923718e-05,6.15674871e-05,151
8,65,5.24888019e-05,2.32073035e-05,6.15376994e-05,42
8,66,6.99089505e-05,6.21298605e-05,6.24522145e-05,296
8,67,6.66985361e-05,8.76681734e-05,6.25002067e-05,80
8,68,1.43529314e-05,1.01090118e-04,6.25871180e-05,237
8,69,4.93922489e-05,1.04104962e-04,6.24285385e-05,129
8,70,3.97979056e-05,2.77943527e-05,6.26165056e-05,68
8,71,8.04374940e-05,5.96060672e-05,6.25000030e-05,2
8,72,5.61562665e-05,1.03227954e-04,6.30377326e-05,145
9,1,3.18746220e-06,6.07746842e-05,4.47398598e-08,11
9,2,8.20177302e-05,6.77379285e-05,2.95102677e-06,1497
9,3,8.84403489e-05,7.70687038e-05,1.98761242e-07,10
9,4,1.17866366e-05,1.06585270e-04,1.66552866e-07,18
9,5,1.14353206e-05,1.08785185e-04,1.65776896e-07,6
9,6,5.46394949e-05,1.10074521e-04,5.52762344e-07,482
9,7,1.93009546e-05,1.14425435e-04,5.75689774e-06,2658
9,8,9.93749927e-05,1.16631039e-04,1.12561715e-07,22
9,9,1.09089327e-04,1.18772492e-04,2.82639940e-06,1519
9,10,9.96874951e-05,1.17012503e-04,0.00000000e+00,1
9,11,1.16376623e-05,1.07660257e-04,4.05904302e-06,394
9,12,2.57326956e-05,2.68949170e-05,6.80883250e-06,527
9,13,2.18818004e-05,8.55440885e-05,7.21882270e-06,412
9,14,9.02285319e-05,5.01063369e-06,8.59539978e-06,95
9,15,8.37925836e-05,8.98057115e-05,8.66584469e-06,15
9,16,1.00910045e-04,1.11033645e-04,9.66807420e-06,74
9,17,9.34307318e-05,1.11922876e-04,1.06557527e-05,163
9,18,1.23520891e-04,9.23102562e-05,1.57854811e-05,1402
9,19,7.99453337e-05,6.64984036e-05,1.52926277e-05,224
9,20,1.04282430e-04,4.65425364e-05,1.55300258e-05,85
9,21,8.34297753e-05,4.21169025e-05,1.62191063e-05,80
9,22,1.02479054e-04,4.64533696e-05,1.66537538e-05,26
9,23,8.48597047e-05,6.82679238e-05,1.78485843e-05,126
9,24,5.11775470e-05,1.73836943e-05,1.88823942e-05,504
9,25,1.06253407e-04,1.06753701e-04,1.77916463e-05,89
9,26,1.21928846e-04,7.35277426e-05,2.01238981e-05,156
9,27,1.00843230e-04,1.20722696e-04,2.47344324e-05,112
9,28,8.26533578e-05,6.74171970e-05,2.81556822e-05,2977
9,29,7.31063337e-05,1.26368657e-04,2.74670074e-05,531
9,30,1.30619708e-04,5.62202622e-05,2.88572483e-05,837
9,31,8.67959807e-06,7.29090898e-05,2.70000019e-05,8
9,32,1.28090280e-04,3.14277167e-05,2.92602399e-05,23
9,33,1.05506537e-04,3.82753860e-05,3.53509931e-05,439
9,34,2.60329634e-05,1.28615749e-04,3.74728224e-05,646
9,35,5.44606773e-05,8.58555723e-05,3.62973078e-05,112
9,36,1.09847555e-04,3.44401124e-05,3.82044927e-05,190
9,37,8.98882499e-05,5.28358541e-05,3.91325848e-05,281
9,38,7.15879360e-05,5.12232218e-05,3.99680648e-05,99
9,39,5.75666127e-05,8.72625824e-05,4.02345322e-05,151
9,40,4.17203482e-05,1.32884452e-04,4.20103825e-05,558
9,41,1.08514687e-04,2.27707660e-05,4.17702176e-05,298
9,42,5.10684040e-05,6.39880382e-05,4.35485526e-05,63
9,43,6.39382633e-05,1.32852671e-04,4.53475950e-05,508
9,44,7.59977338e-05,5.48313510e-05,4.65170961e-05,370
9,45,7.08212974e-05,5.35928484e-05,4.60317206e-05,228
9,46,1.16246236e-04,4.11704532e-05,4.80448944e-05,1446
9,47,1.63520072e-05,2.97218376e-05,4.84207012e-05,25
9,48,1.78789342e-05,7.10121676e-05,5.10385398e-05,105
9,49,1.38024290e-04,1.14554910e-04,5.26225122e-05,557
9,50,4.43402241e-05,1.05072693e-04,5.13786581e-05,353
9,51,1.09216271e-04,1.32692410e-04,5.15944230e-05,108
9,52,1.13100068e-04,2.48891211e-05,5.18013694e-05,122
9,53,3.33877870e-05,9.00562300e-05,5.36574553e-05,639
9,54,5.06571632e-05,9.05173365e-05,5.31980477e-05,53
9,55,9.16305798e-05,1.18131800e-04,5.48817443e-05,84
9,56,7.45914149e-05,1.24037339e-04,5.51600860e-05,117
9,57,7.28180021e-05,1.23979480e-04,5.54998551e-05,51
9,58,5.41658555e-05,1.15275188e-05,5.60955632e-05,75
9,59,4.43328900e-05,1.25449413e-04,5.85286980e-05,1713
9,60,9.22640393e-05,1.13137066e-05,5.91652934e-05,125
9,61,6.50060683e-05,5.00481001e-05,5.91978642e-05,129
9,62,8.58397834e-05,6.81256206e-05,6.17804617e-05,220
9,63,1.15001298e-04,2.51967213e-05,6.13126467e-05,8
9,64,4.91358915e-05,1.04999031e-04,6.20731371e-05,154
9,65,5.28274868e-05,2.28938607e-05,6.14999954e-05,10
9,66,5.14596250e-05,2.41886664e-05,6.16647958e-05,12
9,67,3.94584968e-05,2.71584267e-05,6.22375737e-05,166
9,68,6.99423545e-05,6.19875282e-05,6.28066555e-05,119
9,69,6.63868123e-05,8.75482438e-05,6.27409609e-05,128
9,70,1.44457736e-05,1.01126076e-04,6.27190311e-05,166
9,71,8.00308990e-05,6.04138622e-05,6.30137147e-05,97
9,72,5.65915980e-05,1.03251237e-04,6.29872447e-05,182
10,1,2.58510208e-05,2.70614873e-05,6.26484325e-06,1215
10,2,2.55201521e-05,2.71972986e-05,0.00000000e+00,5
10,3,2.62624999e-05,2.70874989e-05,0.00000000e+00,1
10,4,2.48919278e-05,2.84583184e-05,1.50242158e-07,33
10,5,3.40291967e-06,6.07747206e-05,6.16240072e-08,8
10,6,8.14966115e-05,6.80395169e-05,1.47241153e-07,37
10,7,8.27249096e-05,6.96318166e-05,1.93352264e-07,115
10,8,1.21733821e-04,9.29348535e-05,2.68972808e-08,18
10,9,1.24742428e-05,1.08035674e-04,2.94055735e-06,559
10,10,5.47090312e-05,1.09274042e-04,6.27398265e-07,569
10,11,1.72092441e-05,1.14226117e-04,1.62811958e-07,73
10,12,2.09415648e-05,1.13418231e-04,0.00000000e+00,23
10,13,1.66375012e-05,1.14491973e-04,1.64546478e-07,9
10,14,1.91816926e-05,1.14421600e-04,5.82757320e-06,2878
10,15,9.94999282e-05,1.16922965e-04,2.89794428e-07,123
10,16,1.08212487e-04,1.18868826e-04,0.00000000e+00,2
10,17,1.08789827e-04,1.20064826e-04,9.96095650e-08,5
10,18,8.17332839e-05,6.84910192e-05,4.59144758e-06,600
10,19,1.08471388e-04,1.18882730e-04,5.27938619e-06,977
10,20,2.19569010e-05,8.55236722e-05,7.26718326e-06,417
10,21,8.97130012e-05,5.43070382e-06,8.92484877e-06,59
10,22,8.39337590e-05,8.97677819e-05,8.64120375e-06,7
10,23,1.00858168e-04,1.11042616e-04,9.70820111e-06,152
10,24,9.34255368e-05,1.11988949e-04,1.06656016e-05,186
10,25,1.23790960e-04,9.24303167e-05,1.60050367e-05,979
10,26,8.00479538e-05,6.62197708e-05,1.62819324e-05,239
10,27,8.40663415e-05,4.16827170e-05,1.58988241e-05,169
10,28,1.04181585e-04,4.64247387e-05,1.55421840e-05,35
10,29,1.06408283e-04,1.07139931e-04,1.79793224e-05,150
10,30,5.15458159e-05,1.76607209e-05,1.94701970e-05,666
10,31,1.22025704e-04,7.30888059e-05,2.02793217e-05,143
10,32,1.00959041e-04,1.20831915e-04,2.49246423e-05,94
10,33,8.27526237e-05,6.75201882e-05,2.81135253e-05,3056
10,34,7.26508006e-05,1.26768311e-04,2.69980810e-05,511
10,35,8.97453901e-06,7.30699103e-05,2.70608616e-05,41
10,36,1.30613742e-04,5.61843699e-05,2.92017176e-05,581
10,37,1.28287502e-04,3.21062907e-05,2.90000007e-05,2
10,38,1.05552834e-04,3.82668732e-05,3.55873344e-05,486
10,39,5.42555208e-05,8.56752013e-05,3.62078717e-05,65
10,40,2.61100049e-05,1.28515778e-04,3.75107556e-05,555
10,41,1.09601919e-04,3.43056854e-05,3.81330246e-05,379
10,42,8.94700206e-05,5.29100835e-05,3.88138906e-05,191
10,43,7.12607871e-05,5.09948513e-05,4.00519493e-05,176
10,44,5.76463572e-05,8.72418823e-05,4.05091560e-05,164
10,45,4.18391428e-05,1.32862158e-04,4.17697811e-05,502
10,46,1.08676788e-04,2.28956123e-05,4.17287119e-05,275
10,47,5.30064572e-05,2.80500008e-05,4.19999997e-05,2
10,48,5.10866812e-05,6.40116778e-05,4.35792426e-05,83
10,49,6.37601188e-05,1.32590358e-04,4.56820417e-05,683
10,50,7.08630760e-05,5.33846396e-05,4.62979115e-05,318
10,51,7.61759729e-05,5.49164724e-05,4.65531557e-05,274
10,52,1.16384923e-04,4.09983113e-05,4.76238056e-05,399
10,53,1.66486516e-05,2.97586976e-05,4.83069998e-05,145
10,54,4.45146979e-05,1.04941093e-04,5.12696388e-05,318
10,55,1.79227045e-05,7.10650784e-05,5.10530299e-05,92
10,56,1.13370996e-04,2.48131964e-05,5.14815983e-05,173
10,57,1.08572349e-04,1.33093548e-04,5.19184177e-05,144
10,58,3.34486795e-05,8.98948783e-05,5.38556633e-05,611
10,59,7.32402113e-05,1.24044614e-04,5.51494013e-05,339
10,60,5.43940223e-05,1.17050395e-05,5.57331987e-05,32
10,61,4.42340242e-05,1.25731211e-04,5.89994488e-05,1673
10,62,9.22861218e-05,1.13893520e-05,5.90639102e-05,172
10,63,6.50440634e-05,5.00086680e-05,5.94453595e-05,101
10,64,3.93251721e-05,2.63894672e-05,6.19019702e-05,572
10,65,8.59237989e-05,6.78747529e-05,6.19249331e-05,266
10,66,1.14770424e-04,2.53178114e-05,6.20875071e-05,23
10,67,7.98542096e-05,6.09633171e-05,6.27627087e-05,169
10,68,4.87889774e-05,1.05929386e-04,6.24635868e-05,98
10,69,5.17002954e-05,2.35910884e-05,6.20699575e-05,7
10,70,6.99193552e-05,6.19938364e-05,6.27611807e-05,131
10,71,6.61701924e-05,8.75281767e-05,6.27549452e-05,134
10,72,1.44725145e-05,1.01050427e-04,6.27118789e-05,199
10,73,5.71768069e-05,1.03177270e-04,6.29482311e-05,225
11,1,2.46750296e-05,2.83250174e-05,4.51146995e-08,11
11,2,5.61460638e-06,5.94229386e-05,0.00000000e+00,6
11,3,8.11441205e-05,6.90868474e-05,2.80372365e-06,986
11,4,1.21793179e-04,9.29012531e-05,0.00000000e+00,17
11,5,5.45551520e-05,1.08281842e-04,7.45344551e-07,634
11,6,1.92389380e-05,1.14343195e-04,6.04741672e-06,2690
11,7,1.71818228e-05,1.14938186e-04,1.98410262e-07,95
11,8,1.07756088e-04,1.18949647e-04,8.72948078e-07,69
11,9,1.07537388e-04,1.20089884e-04,2.47705430e-07,34
11,10,1.07524997e-04,1.20724995e-04,0.00000000e+00,1
11,11,1.32051082e-05,1.08565531e-04,4.25148437e-06,424
11,12,2.57677657e-05,2.69973079e-05,6.62617731e-06,1356
11,13,1.07817359e-04,1.18690034e-04,6.18713693e-06,281
11,14,2.18704172e-05,8.55482140e-05,7.24164556e-06,419
11,15,1.00954552e-04,1.10994348e-04,9.77218679e-06,234
11,16,8.93359829e-05,6.06973072e-06,9.71326062e-06,7
11,17,9.33409101e-05,1.11985239e-04,1.08505701e-05,185
11,18,1.05701205e-04,4.65394660e-05,1.48313229e-05,363
11,19,1.23849808e-04,9.25373242e-05,1.63420791e-05,1252
11,20,8.46631592e-05,4.11814181e-05,1.57527520e-05,135
11,21,1.03702427e-04,4.65156118e-05,1.58000603e-05,10
11,22,1.06298270e-04,1.06792817e-04,1.78198625e-05,113
11,23,5.16398868e-05,1.79552753e-05,1.99557817e-05,991
11,24,1.22331257e-04,7.26492435e-05,2.00327740e-05,118
11,25,8.27170734e-05,6.75565680e-05,2.80732984e-05,3317
11,26,1.01098391e-04,1.20879020e-04,2.52544323e-05,138
11,27,7.23711491e-05,1.26919753e-04,2.65992148e-05,979
11,28,1.26499999e-05,3.91875001e-05,2.54999995e-05,1
11,29,9.02436386e-06,7.30233078e-05,2.72415491e-05,68
11,30,1.28310188e-04,3.27442358e-05,2.85725509e-05,221
11,31,1.30515138e-04,5.60082517e-05,2.96524249e-05,931
11,32,1.05589374e-04,3.81897917e-05,3.54958538e-05,464
11,33,5.41614245e-05,8.54071332e-05,3.62575520e-05,127
11,34,1.09557724e-04,3.40118713e-05,3.79080520e-05,343
11,35,2.61791611e-05,1.28510394e-04,3.76240714e-05,408
11,36,8.89183502e-05,5.28389282e-05,3.86682186e-05,264
11,37,7.02781253e-05,5.04099735e-05,4.00309509e-05,143
11,38,5.75599515e-05,8.73463941e-05,4.07081388e-05,97
11,39,4.17658266e-05,1.32834815e-04,4.18382333e-05,332
11,40,1.08700224e-04,2.30531750e-05,4.18371237e-05,152
11,41,5.30063626e-05,2.80499989e-05,4.19999960e-05,2
11,42,5.11123835e-05,6.40577709e-05,4.36434166e-05,112
11,43,6.36761979e-05,1.32150439e-04,4.63024044e-05,567
11,44,7.61247793e-05,5.47307536e-05,4.65060220e-05,412
11,45,7.09557644e-05,5.32817394e-05,4.66677593e-05,421
11,46,1.16247305e-04,4.07068801e-05,4.72899119e-05,319
11,47,1.65827514e-05,2.96101316e-05,4.82165560e-05,23
11,48,1.13483467e-04,2.47835596e-05,5.11311773e-05,282
11,49,1.78787450e-05,7.10168024e-05,5.08723133e-05,89
11,50,4.44739526e-05,1.04941588e-04,5.14843377e-05,303
11,51,3.34927317e-05,8.98986982e-05,5.40602632e-05,720
11,52,1.38370422e-04,1.14837057e-04,5.34272949e-05,110
11,53,7.23442790e-05,1.23876162e-04,5.47849086e-05,623
11,54,5.43540409e-05,1.18370435e-05,5.53703030e-05,23
11,55,4.40843469e-05,1.25737773e-04,5.92889628e-05,1613
11,56,9.23547705e-05,1.14821642e-05,5.89006122e-05,263
11,57,6.50705842e-05,5.03658339e-05,5.89299561e-05,98
11,58,5.28466553e-05,2.27894943e-05,6.12523872e-05,119
11,59,3.89276938e-05,2.56532148e-05,6.16487960e-05,243
11,60,8.55037651e-05,6.76071941e-05,6.18882841e-05,218
11,61,4.85840137e-05,1.06787098e-04,6.20587525e-05,73
11,62,6.98164222e-05,6.19698549e-05,6.26544934e-05,118
11,63,1.44384721e-05,1.00996542e-04,6.25360844e-05,254
11,64,7.93252912e-05,6.15585232e-05,6.29200804e-05,149
11,65,6.57774726e-05,8.75799669e-05,6.27801855e-05,126
11,66,5.75599079e-05,1.03210157e-04,6.29527203e-05,291
12,1,7.96513777e-05,6.87642096e-05,1.77678643e-07,39
12,2,8.16897882e-05,7.06454593e-05,3.23451758e-07,109
12,3,1.21804842e-04,9.28523368e-05,6.95795421e-08,14
12,4,5.43276692e-05,1.07490741e-04,7.42516363e-07,617
12,5,1.41184291e-05,1.09151748e-04,2.68630856e-06,1475
12,6,1.93756568e-05,1.14313021e-04,5.75874265e-06,2928
12,7,1.72708551e-05,1.14912174e-04,1.09060089e-07,41
12,8,1.07512220e-04,1.18161588e-04,1.90132084e-07,34
12,9,1.07202555e-04,1.18545497e-04,6.56494603e-06,877
12,10,2.57490374e-05,2.69756310e-05,6.97397581e-06,1006
12,11,8.07329125e-05,6.95515773e-05,6.39198015e-06,56
12,12,2.20007623e-05,8.55515682e-05,7.26603776e-06,359
12,13,8.37489060e-05,8.99367587e-05,8.29887904e-06,180
12,14,1.01096783e-04,1.11048976e-04,9.81533776e-06,250
12,15,9.32729236e-05,1.11951296e-04,1.07392298e-05,251
12,16,8.88249924e-05,6.54706719e-06,1.02687072e-05,13
12,17,1.05941828e-04,4.66843849e-05,1.48414074e-05,592
12,18,1.24096085e-04,9.25331915e-05,1.65711062e-05,1303
12,19,8.53101592e-05,4.08407432e-05,1.57044342e-05,123
12,20,1.04087223e-04,4.62790922e-05,1.51358981e-05,26
12,21,1.06315754e-04,1.06799656e-04,1.77697693e-05,90
12,22,5.19570494e-05,1.83319771e-05,2.02828414e-05,466
12,23,1.22449419e-04,7.20771641e-05,2.00467075e-05,112
12,24,8.27254480e-05,6.74844850e-05,2.80571585e-05,3272
12,25,7.21787146e-05,1.27328996e-04,2.61360146e-05,1054
12,26,1.01128884e-04,1.20840486e-04,2.54471615e-05,173
12,27,1.27871990e-05,3.93836672e-05,2.54298411e-05,7
12,28,9.32562853e-06,7.33358611e-05,2.71469489e-05,17
12,29,1.28425090e-04,3.35022050e-05,2.80769909e-05,46
12,30,1.30585890e-04,5.60783010e-05,3.01712807e-05,838
12,31,1.05608007e-04,3.81783502e-05,3.56839919e-05,753
12,32,5.42829985e-05,8.54079553e-05,3.61044113e-05,166
12,33,2.60484012e-05,1.28555810e-04,3.74911360e-05,457
12,34,1.09430541e-04,3.38545651e-05,3.75835443e-05,84
12,35,8.83748871e-05,5.27252560e-05,3.86561951e-05,253
12,36,6.98362055e-05,5.01395261e-05,4.00095923e-05,166
12,37,5.77051287e-05,8.72608143e-05,4.04748134e-05,194
12,38,4.18674135e-05,1.32868619e-04,4.17954980e-05,673
12,39,1.08877583e-04,2.30435198e-05,4.14831266e-05,108
12,40,5.12119404e-05,6.41822480e-05,4.34829526e-05,91
12,41,1.16231822e-04,4.03393169e-05,4.71597450e-05,1328
12,42,7.60830953e-05,5.47388845e-05,4.61705167e-05,466
12,43,6.37450503e-05,1.31799621e-04,4.64506884e-05,626
12,44,7.11196844e-05,5.32061931e-05,4.66404490e-05,369
12,45,1.80624502e-05,2.93522298e-05,4.68899052e-05,74
12,46,1.13488415e-04,2.48049946e-05,5.10076170e-05,294
12,47,1.79100552e-05,7.09880478e-05,5.10233731e-05,83
12,48,4.45956393e-05,1.04817038e-04,5.13902633e-05,441
12,49,3.34879842e-05,8.98387661e-05,5.40485780e-05,764
12,50,1.38654956e-04,1.15030751e-04,5.35393410e-05,265
12,51,5.04908639e-05,9.00766245e-05,5.35074068e-05,121
12,52,7.13780391e-05,1.24109720e-04,5.40266847e-05,125
12,53,9.15199489e-05,1.18277378e-04,5.43000060e-05,5
12,54,5.44557188e-05,1.18878661e-05,5.54582512e-05,24
12,55,7.30324391e-05,1.23659716e-04,5.55803708e-05,43
12,56,4.39517717e-05,1.26002924e-04,5.97536709e-05,1671
12,57,6.49543508e-05,5.07743498e-05,5.91964053e-05,98
12,58,9.22625841e-05,1.12159541e-05,5.92861070e-05,14
12,59,3.86696993e-05,2.47781245e-05,6.13241791e-05,740
12,60,5.32561062e-05,2.25155491e-05,6.10641728e-05,304
12,61,4.83447184e-05,1.07707659e-04,6.18510312e-05,296
12,62,8.57916530e-05,6.75231640e-05,6.19327693e-05,97
12,63,1.44918458e-05,1.01029334e-04,6.24685636e-05,255
12,64,6.98778604e-05,6.18281047e-05,6.26036999e-05,68
12,65,7.90147242e-05,6.19255952e-05,6.29229980e-05,150
12,66,6.54646283e-05,8.76675185e-05,6.28478738e-05,109
12,67,5.79415464e-05,1.03240127e-04,6.29350470e-05,242
13,1,7.84685762e-05,6.94522387e-05,3.05818702e-07,141
13,2,8.12983999e-05,7.10991226e-05,8.23179221e-07,279
13,3,5.39476787e-05,1.06787018e-04,7.62551508e-07,726
13,4,1.49074694e-05,1.09904657e-04,3.87400632e-06,1011
13,5,1.49189327e-05,1.11512491e-04,0.00000000e+00,4
13,6,1.92150019e-05,1.14383300e-04,6.03252192e-06,2689
13,7,1.73720637e-05,1.15259521e-04,2.02462871e-07,125
13,8,2.72250018e-05,2.69502634e-05,2.50000016e-06,3
13,9,2.57812917e-05,2.69128886e-05,6.80069070e-06,1171
13,10,8.01713904e-05,7.06835490e-05,5.47632044e-06,388
13,11,1.06557600e-04,1.18485033e-04,6.97036785e-06,246
13,12,2.19337508e-05,8.55466205e-05,7.20113803e-06,426
13,13,1.01162987e-04,1.10864581e-04,9.65772961e-06,296
13,14,8.84663095e-05,6.93883158e-06,1.04324226e-05,148
13,15,9.32839612e-05,1.12025147e-04,1.05862973e-05,266
13,16,1.06083280e-04,4.65379017e-05,1.48727968e-05,897
13,17,8.59509018e-05,4.04952152e-05,1.55001453e-05,132
13,18,1.24283499e-04,9.26375578e-05,1.67516137e-05,870
13,19,1.06436659e-04,1.06813779e-04,1.78897026e-05,74
13,20,5.21350012e-05,1.86880534e-05,2.06702334e-05,595
13,21,1.22602694e-04,7.15607821e-05,1.99955321e-05,116
13,22,7.19328964e-05,1.27432053e-04,2.54000006e-05,613
13,23,8.27704498e-05,6.73801551e-05,2.81509656e-05,3259
13,24,1.01177538e-04,1.20752557e-04,2.48164852e-05,49
13,25,1.28973425e-05,3.92703951e-05,2.55000014e-05,5
13,26,9.43621126e-06,7.39236129e-05,2.69999982e-05,8
13,27,1.28241634e-04,3.40131592e-05,2.78780753e-05,50
13,28,1.30594359e-04,5.59188738e-05,3.05021167e-05,763
13,29,1.05740568e-04,3.80933125e-05,3.55906632e-05,636
13,30,5.43940769e-05,8.55072431e-05,3.59536461e-05,200
13,31,2.61022742e-05,1.28448548e-04,3.72666873e-05,463
13,32,1.09246736e-04,3.38012142e-05,3.75010713e-05,40
13,33,8.79329018e-05,5.27412340e-05,3.84992672e-05,240
13,34,6.90014786e-05,4.94353590e-05,3.99818418e-05,135
13,35,5.77570609e-05,8.73107419e-05,4.06024083e-05,134
13,36,1.08943379e-04,2.30978967e-05,4.12833542e-05,163
13,37,4.19433745e-05,1.32959511e-04,4.18878517e-05,433
13,38,5.32119375e-05,2.80840177e-05,4.20000033e-05,4
13,39,5.10998725e-05,6.42760788e-05,4.34632930e-05,108
13,40,9.41991020e-05,7.49391984e-06,4.46232880e-05,12
13,41,1.16584080e-04,4.01892648e-05,4.69727966e-05,1005
13,42,7.62366763e-05,5.46605661e-05,4.62885619e-05,399
13,43,6.36836994e-05,1.31368462e-04,4.68095823e-05,510
13,44,1.90585542e-05,2.91082997e-05,4.61764066e-05,20
13,45,7.11246394e-05,5.33946295e-05,4.65385201e-05,249
13,46,1.13522612e-04,2.47535427e-05,5.09266974e-05,374
13,47,4.47622369e-05,1.04813713e-04,5.11436119e-05,623
13,48,1.80122624e-05,7.09501401e-05,5.09994752e-05,51
13,49,3.34428223e-05,8.98956496e-05,5.41035952e-05,1019
13,50,1.39093710e-04,1.15048824e-04,5.38023560e-05,74
13,51,5.04093550e-05,9.01060848e-05,5.37733140e-05,314
13,52,5.44496761e-05,1.19448950e-05,5.50884070e-05,89
13,53,9.15421042e-05,1.18399759e-04,5.46541305e-05,33
13,54,7.27379520e-05,1.23914666e-04,5.49006072e-05,5
13,55,4.39878495e-05,1.26019630e-04,6.01947941e-05,1289
13,56,6.47002453e-05,5.14895291e-05,5.94171179e-05,231
13,57,3.85414205e-05,2.41518155e-05,6.11306459e-05,271
13,58,5.34626415e-05,2.25439726e-05,6.09056879e-05,166
13,59,4.81468815e-05,1.08398526e-04,6.21585204e-05,250
13,60,8.53120873e-05,6.73116883e-05,6.20548526e-05,138
13,61,6.98360018e-05,6.18907143e-05,6.25066168e-05,133
13,62,1.46507919e-05,1.01142621e-04,6.23754531e-05,248
13,63,7.84275107e-05,6.25600806e-05,6.29954156e-05,204
13,64,6.52752788e-05,8.78420251e-05,6.28869821e-05,90
13,65,5.86425776e-05,1.03127488e-04,6.27658883e-05,219
14,1,7.83145369e-05,6.98000295e-05,2.63265548e-07,69
14,2,7.98723049e-05,7.12354522e-05,2.87701346e-06,1402
14,3,1.21771525e-04,9.28349182e-05,1.66659547e-07,18
14,4,5.37619235e-05,1.05984793e-04,8.63603304e-07,762
14,5,1.58987659e-05,1.10194524e-04,4.29131342e-06,645
14,6,1.55819453e-05,1.12235677e-04,1.51421290e-07,46
14,7,2.10171456e-05,1.13249225e-04,1.89127107e-07,68
14,8,1.53999990e-05,1.12749985e-04,0.00000000e+00,1
14,9,1.73810658e-05,1.15114417e-04,1.94197185e-07,97
14,10,1.67435883e-05,1.14779948e-04,1.14599658e-07,13
14,11,1.91131676e-05,1.14451665e-04,6.66410779e-06,2142
14,12,2.58811815e-05,2.68986078e-05,7.07855133e-06,1023
14,13,1.58125004e-05,1.09174995e-04,3.99999999e-06,1
14,14,1.05918625e-04,1.18652759e-04,7.53407357e-06,452
14,15,2.19222402e-05,8.55000180e-05,7.29514386e-06,514
14,16,1.01111305e-04,1.10967303e-04,9.83259906e-06,284
14,17,8.79908621e-05,7.41757776e-06,1.05838471e-05,285
14,18,9.32763942e-05,1.12068337e-04,1.07887681e-05,228
14,19,1.06151849e-04,4.67563623e-05,1.50695296e-05,716
14,20,1.24550483e-04,9.28795562e-05,1.72257969e-05,1355
14,21,8.64472313e-05,4.00758945e-05,1.55381767e-05,41
14,22,1.06443731e-04,1.07008353e-04,1.80408861e-05,174
14,23,5.23844938e-05,1.91029085e-05,2.06942532e-05,1006
14,24,1.22886369e-04,7.10826353e-05,1.98747712e-05,149
14,25,7.15498754e-05,1.27630585e-04,2.44457406e-05,541
14,26,8.27006879e-05,6.73251925e-05,2.82117398e-05,3448
14,27,1.01236496e-04,1.20843179e-04,2.48001925e-05,93
14,28,9.78643766e-06,7.40543619e-05,2.70396740e-05,52
14,29,1.30483808e-04,5.58110041e-05,3.09168354e-05,1001
14,30,1.05648513e-04,3.80287747e-05,3.53477117e-05,552
14,31,5.44539762e-05,8.55818435e-05,3.57447971e-05,161
14,32,2.61917339e-05,1.28490632e-04,3.73053736e-05,367
14,33,1.08940148e-04,3.37502097e-05,3.76080825e-05,131
14,34,8.72405872e-05,5.27948359e-05,3.85312305e-05,164
14,35,6.82551326e-05,4.88528385e-05,4.01254256e-05,252
14,36,5.78914587e-05,8.72917080e-05,4.06898216e-05,178
14,37,4.17212468e-05,1.33021065e-04,4.12848167e-05,35
14,38,1.08932778e-04,2.30474398e-05,4.15537324e-05,29
14,39,5.31144942e-05,2.80889763e-05,4.22137273e-05,7
14,40,5.10532300e-05,6.43350795e-05,4.33847927e-05,119
14,41,9.41647450e-05,7.44787030e-06,4.43337594e-05,6
14,42,1.89749990e-05,5.70624979e-05,4.45000005e-05,1
14,43,1.91624113e-05,2.92043133e-05,4.63810647e-05,231
14,44,1.16533847e-04,3.99898454e-05,4.63040851e-05,282
14,45,7.11740722e-05,5.32526174e-05,4.63542929e-05,273
14,46,7.63100397e-05,5.46457632e-05,4.64549703e-05,337
14,47,6.36353725e-05,1.31053981e-04,4.68776270e-05,655
14,48,1.13707967e-04,2.48395681e-05,5.09880592e-05,408
14,49,4.49121144e-05,1.04836479e-04,5.09826859e-05,464
14,50,1.80410389e-05,7.08999869e-05,5.09986967e-05,44
14,51,3.33851058e-05,9.00443119e-05,5.40654873e-05,1129
14,52,5.02310504e-05,9.00527957e-05,5.39591965e-05,461
14,53,7.17641087e-05,1.24221333e-04,5.43273345e-05,129
14,54,1.39124488e-04,1.15264593e-04,5.42947819e-05,119
14,55,5.45001749e-05,1.18137832e-05,5.52207384e-05,116
14,56,4.36921655e-05,1.26236584e-04,6.08808296e-05,1899
14,57,6.44674074e-05,5.18259403e-05,5.95817473e-05,236
14,58,3.82553662e-05,2.32376387e-05,6.08399496e-05,344
14,59,5.35650361e-05,2.24885753e-05,6.06102658e-05,186
14,60,6.98168296e-05,6.18033228e-05,6.21640938e-05,199
14,61,1.47544897e-05,1.01284219e-04,6.21099898e-05,248
14,62,8.47843621e-05,6.70288500e-05,6.21376457e-05,105
14,63,4.79621558e-05,1.09289009e-04,6.25059474e-05,138
14,64,7.79286202e-05,6.28865819e-05,6.30314025e-05,153
14,65,6.51814844e-05,8.80881053e-05,6.27735717e-05,113
14,66,5.93806362e-05,1.03178034e-04,6.28212583e-05,255
14,67,8.33553786e-05,6.56181001e-05,6.27770714e-05,9
14,68,1.12681271e-04,2.42000006e-05,6.29999995e-05,2
15,1,7.93495492e-05,7.16553259e-05,2.65451104e-06,1874
15,2,1.21949277e-04,9.29154921e-05,1.70785583e-07,32
15,3,5.36935295e-05,1.05192863e-04,7.14551504e-07,611
15,4,1.57926315e-05,1.12110007e-04,3.87682832e-07,375
15,5,2.10630260e-05,1.13337337e-04,1.95066420e-07,76
15,6,1.71874999e-05,1.14675167e-04,0.00000000e+00,7
15,7,2.08545553e-05,1.15225608e-04,0.00000000e+00,9
15,8,1.74968627e-05,1.15482966e-04,0.00000000e+00,16
15,9,1.00073419e-04,1.17036878e-04,2.44996841e-07,65
15,10,1.05306397e-04,1.18736301e-04,7.53066070e-06,1971
15,11,1.67784674e-05,1.10259003e-04,5.31915884e-06,463
15,12,1.90484989e-05,1.14437593e-04,7.27452789e-06,1718
15,13,2.58571363e-05,2.68693911e-05,6.99820021e-06,832
15,14,2.19694084e-05,8.54826940e-05,7.34525111e-06,448
15,15,8.37908228e-05,8.98395665e-05,8.25720417e-06,94
15,16,1.01122969e-04,1.11157940e-04,9.94859874e-06,308
15,17,8.77932980e-05,7.99633744e-06,1.07790056e-05,336
15,18,9.33466727e-05,1.12140347e-04,1.08408594e-05,284
15,19,1.06377585e-04,4.68784638e-05,1.49341249e-05,476
15,20,8.66660994e-05,3.99255478e-05,1.56531187e-05,69
15,21,1.24777813e-04,9.31464019e-05,1.74805355e-05,1088
15,22,1.06467291e-04,1.06930827e-04,1.78642076e-05,150
15,23,1.22963713e-04,7.05417551e-05,1.97531645e-05,132
15,24,5.25698051e-05,1.94433069e-05,2.08361816e-05,542
15,25,7.10154127e-05,1.28148400e-04,2.36480337e-05,458
15,26,8.27917102e-05,6.72875321e-05,2.82178389e-05,3351
15,27,1.01333339e-04,1.20974022e-04,2.49822406e-05,176
15,28,1.04577985e-05,7.45590514e-05,2.67359756e-05,72
15,29,2.84624984e-05,1.03674996e-04,2.59999997e-05,1
15,30,1.28091066e-04,3.55140910e-05,2.75000002e-05,7
15,31,1.30564134e-04,5.58592074e-05,3.13623968e-05,1041
15,32,1.05627267e-04,3.79672056e-05,3.54261683e-05,638
15,33,5.44174472e-05,8.55403850e-05,3.55200100e-05,180
15,34,1.08779175e-04,3.37096280e-05,3.73555631e-05,386
15,35,2.61418118e-05,1.28498432e-04,3.73076000e-05,290
15,36,8.66490009e-05,5.27563825e-05,3.86749925e-05,149
15,37,5.81312925e-05,8.71628436e-05,4.06240870e-05,257
15,38,6.75287229e-05,4.84418561e-05,4.05215433e-05,159
15,39,1.08984299e-04,2.30788792e-05,4.15767499e-05,13
15,40,4.19064127e-05,1.33083493e-04,4.22196281e-05,91
15,41,5.09673009e-05,6.42734449e-05,4.35104084e-05,84
15,42,1.16647330e-04,3.95813331e-05,4.62102180e-05,495
15,43,1.89064413e-05,5.69250005e-05,4.45000005e-05,2
15,44,7.62890268e-05,5.46503070e-05,4.64277400e-05,338
15,45,6.34443204e-05,1.30573026e-04,4.72872343e-05,859
15,46,7.12972906e-05,5.33186576e-05,4.63668730e-05,111
15,47,1.93186734e-05,2.92874975e-05,4.60000047e-05,2
15,48,4.48347018e-05,1.04871586e-04,5.09992606e-05,480
15,49,1.13813694e-04,2.46779018e-05,5.14507446e-05,397
15,50,1.80129373e-05,7.10162567e-05,5.08874837e-05,54
15,51,1.05826955e-04,1.35372844e-04,5.16094151e-05,51
15,52,3.34689248e-05,9.00799350e-05,5.42743146e-05,1119
15,53,1.39477284e-04,1.15393945e-04,5.44745089e-05,382
15,54,6.99211669e-05,1.24062572e-04,5.39399116e-05,315
15,55,5.01006980e-05,9.00239465e-05,5.40940200e-05,476
15,56,5.44811373e-05,1.18390399e-05,5.49503820e-05,58
15,57,9.13401527e-05,1.18300602e-04,5.45101757e-05,48
15,58,4.36888586e-05,1.26313258e-04,6.11709183e-05,1252
15,59,6.41719307e-05,5.21499314e-05,5.94943704e-05,179
15,60,3.82572980e-05,2.24215655e-05,6.06412141e-05,250
15,61,5.38006461e-05,2.18788482e-05,6.09090093e-05,61
15,62,4.73966211e-05,1.10115347e-04,6.21630534e-05,158
15,63,1.12119844e-04,2.39249730e-05,6.19582424e-05,12
15,64,6.97103751e-05,6.18030899e-05,6.22040534e-05,136
15,65,8.42527588e-05,6.62823222e-05,6.23781525e-05,146
15,66,1.49711123e-05,1.01312522e-04,6.20881838e-05,187
15,67,6.51197552e-05,8.83465837e-05,6.27894406e-05,90
15,68,6.01627034e-05,1.03115555e-04,6.27681438e-05,322
15,69,7.73368665e-05,6.32195297e-05,6.29989445e-05,90
15,70,8.28931152e-05,6.48524729e-05,6.28279813e-05,65
15,71,9.76249939e-05,6.18063641e-05,6.29999995e-05,2
16,1,7.76896850e-05,7.15567803e-05,3.67481420e-07,77
16,2,8.01577989e-05,7.28596133e-05,7.12364738e-07,78
16,3,1.21690588e-04,9.32558687e-05,2.85864985e-07,88
16,4,5.35690124e-05,1.04370789e-04,9.06206708e-07,848
16,5,1.66021637e-05,1.12536451e-04,3.72375865e-07,248
16,6,1.00002464e-04,1.17104566e-04,3.02139512e-07,64
16,7,7.91258863e-05,7.24888305e-05,4.57358101e-06,90
16,8,1.75933565e-05,1.10655463e-04,5.88304238e-06,378
16,9,1.91676227e-05,1.14415619e-04,7.22177492e-06,1084
16,10,2.58573345e-05,2.68384447e-05,7.32762874e-06,769
16,11,2.19887534e-05,8.54039608e-05,7.24684060e-06,492
16,12,1.04728155e-04,1.18815551e-04,8.68345614e-06,987
16,13,8.36630279e-05,8.99252555e-05,8.10928759e-06,253
16,14,1.00991791e-04,1.11209738e-04,9.65494291e-06,167
16,15,8.73981335e-05,8.20361220e-06,1.11457675e-05,269
16,16,9.32716284e-05,1.11998430e-04,1.10259980e-05,247
16,17,1.06900363e-04,4.69168299e-05,1.44039896e-05,436
16,18,8.73986573e-05,3.95996940e-05,1.54541467e-05,62
16,19,1.24872808e-04,9.33863776e-05,1.78142327e-05,958
16,20,1.06561318e-04,1.06915599e-04,1.79378367e-05,84
16,21,1.23065387e-04,6.99751472e-05,1.97848785e-05,205
16,22,5.26391559e-05,1.98087000e-05,2.09943446e-05,622
16,23,7.05763887e-05,1.28569169e-04,2.29634243e-05,887
16,24,8.28704215e-05,6.71810922e-05,2.79286487e-05,3319
16,25,1.01386002e-04,1.20949349e-04,2.51944384e-05,107
16,26,1.27629273e-05,3.95752031e-05,2.52641821e-05,17
16,27,2.82331857e-05,1.03773149e-04,2.58355103e-05,21
16,28,1.08841678e-05,7.50099935e-05,2.68438507e-05,144
16,29,1.28251908e-04,3.60382837e-05,2.72425659e-05,31
16,30,1.30620843e-04,5.58352513e-05,3.16963378e-05,693
16,31,1.05926149e-04,3.79538906e-05,3.54817566e-05,691
16,32,5.44617833e-05,8.56519400e-05,3.56031087e-05,163
16,33,1.08641980e-04,3.33748758e-05,3.73305593e-05,650
16,34,2.62844842e-05,1.28506494e-04,3.72072027e-05,279
16,35,9.91512570e-05,1.15226203e-05,3.67494868e-05,10
16,36,8.62339220e-05,5.27560733e-05,3.85716812e-05,80
16,37,5.82154753e-05,8.71936063e-05,4.08555679e-05,264
16,38,6.68902358e-05,4.80001545e-05,4.07506159e-05,135
16,39,4.18863092e-05,1.33056645e-04,4.17263363e-05,80
16,40,1.08891603e-04,2.30269598e-05,4.18010277e-05,30
16,41,5.08884114e-05,6.43656385e-05,4.32926427e-05,104
16,42,1.16960327e-04,3.92130823e-05,4.59215225e-05,1633
16,43,7.62237396e-05,5.46145639e-05,4.63752513e-05,466
16,44,2.01746716e-05,2.86150807e-05,4.61536220e-05,147
16,45,6.32719966e-05,1.30338027e-04,4.77597932e-05,1088
16,46,7.12930560e-05,5.35569634e-05,4.61882300e-05,24
16,47,4.48864776e-05,1.04825398e-04,5.09364545e-05,440
16,48,1.13797316e-04,2.47973658e-05,5.15516367e-05,255
16,49,1.79291837e-05,7.09959277e-05,5.09760830e-05,107
16,50,3.35859477e-05,9.00692685e-05,5.41803893e-05,880
16,51,5.00985989e-05,9.00182931e-05,5.41352019e-05,555
16,52,6.92923422e-05,1.24230341e-04,5.37265878e-05,55
16,53,5.44221621e-05,1.17702411e-05,5.52339807e-05,45
16,54,6.37375488e-05,5.29327845e-05,5.92165052e-05,111
16,55,4.31597728e-05,1.26535902e-04,6.15605240e-05,1612
16,56,3.80722704e-05,2.16298486e-05,6.02164837e-05,145
16,57,5.33022030e-05,2.17830657e-05,6.11029827e-05,67
16,58,5.51604462e-05,2.07854791e-05,6.12489166e-05,6
16,59,8.40084540e-05,6.59614670e-05,6.22539446e-05,145
16,60,4.69310871e-05,1.10868707e-04,6.21849540e-05,169
16,61,6.95682611e-05,6.17209007e-05,6.20540595e-05,47
16,62,1.50249498e-05,1.01265636e-04,6.19799539e-05,143
16,63,7.67458987e-05,6.34041353e-05,6.28712296e-05,64
16,64,6.50807124e-05,8.86275011e-05,6.28120542e-05,114
16,65,6.07775619e-05,1.02853897e-04,6.28388661e-05,282
16,66,8.30109129e-05,6.41725128e-05,6.29520291e-05,21
16,67,9.76249939e-05,6.19436978e-05,6.32497904e-05,4
17,1,7.84393269e-05,7.28943705e-05,2.34559479e-06,828
17,2,2.25499989e-05,8.30499994e-05,0.00000000e+00,1
17,3,1.21551660e-04,9.34257987e-05,5.37099822e-07,325
17,4,5.36384650e-05,1.03449252e-04,6.79797154e-07,559
17,5,1.87050919e-05,1.09328066e-04,1.13800070e-07,26
17,6,1.82280892e-05,1.12778886e-04,5.76255161e-07,432
17,7,1.85075678e-05,1.11134825e-04,5.67955749e-06,546
17,8,1.91375548e-05,1.14396702e-04,7.01894805e-06,1229
17,9,2.59031694e-05,2.68211243e-05,7.44569024e-06,737
17,10,8.04390584e-06,6.38688362e-05,5.50000004e-06,4
17,11,2.20497532e-05,8.52940648e-05,7.38612016e-06,598
17,12,1.04070197e-04,1.19045268e-04,9.54150619e-06,779
17,13,8.36828694e-05,9.00326704e-05,8.50901233e-06,60
17,14,1.01029073e-04,1.11177425e-04,9.42508996e-06,41
17,15,9.34044438e-05,1.11966663e-04,1.11601857e-05,344
17,16,8.71527300e-05,8.81969572e-06,1.15498442e-05,259
17,17,1.07192122e-04,4.69439219e-05,1.37639290e-05,268
17,18,8.77514394e-05,3.93301780e-05,1.54983572e-05,99
17,19,1.25211925e-04,9.35446515e-05,1.84231430e-05,1553
17,20,1.06759828e-04,1.07145548e-04,1.80938296e-05,105
17,21,1.23399746e-04,6.94471019e-05,1.95666471e-05,213
17,22,5.28514502e-05,2.00568647e-05,2.09568298e-05,896
17,23,7.04245977e-05,1.28984480e-04,2.22737326e-05,1183
17,24,8.29105775e-05,6.70828886e-05,2.80828008e-05,3153
17,25,1.30183589e-05,3.95944226e-05,2.55207233e-05,25
17,26,2.81875127e-05,1.03857703e-04,2.59169410e-05,43
17,27,1.01475132e-04,1.20965844e-04,2.54999977e-05,4
17,28,1.13420765e-05,7.52880005e-05,2.68846052e-05,189
17,29,1.30649991e-04,5.56520354e-05,3.21905245e-05,933
17,30,1.05744402e-04,3.80006677e-05,3.55275188e-05,659
17,31,5.44788854e-05,8.55054459e-05,3.57086756e-05,249
17,32,1.08482636e-04,3.32221607e-05,3.71520182e-05,494
17,33,2.64230930e-05,1.28531014e-04,3.73091170e-05,278
17,34,8.53190286e-05,5.27352349e-05,3.86488209e-05,75
17,35,5.81651148e-05,8.71412121e-05,4.06583167e-05,116
17,36,4.20792385e-05,1.33020498e-04,4.17682604e-05,446
17,37,6.60759251e-05,4.76349123e-05,4.05259889e-05,142
17,38,5.09259626e-05,6.43437670e-05,4.32911766e-05,122
17,39,1.17230949e-04,3.93096270e-05,4.55888476e-05,583
17,40,7.63523349e-05,5.47086929e-05,4.62475764e-05,643
17,41,2.17249999e-05,2.81874982e-05,4.45000005e-05,1
17,42,6.31362054e-05,1.29994878e-04,4.79530390e-05,1318
17,43,7.13074987e-05,5.38373824e-05,4.61054042e-05,103
17,44,1.40315620e-04,1.05327010e-04,4.73746913e-05,51
17,45,4.50244806e-05,1.04626226e-04,5.10275677e-05,561
17,46,1.82194763e-05,7.09076339e-05,5.09151760e-05,125
17,47,1.13897171e-04,2.48866309e-05,5.17853659e-05,357
17,48,3.36480334e-05,9.01443636e-05,5.42720009e-05,630
17,49,5.02993935e-05,9.00144805e-05,5.40851761e-05,389
17,50,1.39796117e-04,1.15644594e-04,5.47503005e-05,20
17,51,5.42453490e-05,1.17637637e-05,5.55015104e-05,45
17,52,6.34647295e-05,5.36744265e-05,5.95151469e-05,134
17,53,3.81750106e-05,2.08607053e-05,6.03111403e-05,323
17,54,4.31667759e-05,1.26696556e-04,6.19661732e-05,897
17,55,5.53117279e-05,2.07002813e-05,6.09368799e-05,71
17,56,5.37370797e-05,2.14415159e-05,6.15050885e-05,90
17,57,1.49250855e-05,1.01196369e-04,6.17933983e-05,211
17,58,4.65255653e-05,1.11599984e-04,6.22007137e-05,243
17,59,6.51457813e-05,8.88449795e-05,6.27532427e-05,200
17,60,6.95669296e-05,6.16812831e-05,6.22650550e-05,17
17,61,8.36053223e-05,6.55351178e-05,6.26331166e-05,26
17,62,6.14313176e-05,1.02770733e-04,6.29495917e-05,356
17,63,7.61298215e-05,6.34744865e-05,6.27564878e-05,43
17,64,4.46892591e-06,8.53192032e-05,6.24999957e-05,8
17,65,8.31326906e-05,6.37724079e-05,6.29999995e-05,5
18,1,7.71253544e-05,7.30609900e-05,5.44766863e-07,163
18,2,7.94889929e-05,7.41121476e-05,4.97584871e-08,10
18,3,8.85529007e-05,7.67877646e-05,1.04474032e-06,59
18,4,1.21526187e-04,9.37266595e-05,5.23490087e-07,239
18,5,5.36632288e-05,1.02649159e-04,7.14011662e-07,633
18,6,1.94474596e-05,1.11317306e-04,3.55592505e-07,57
18,7,1.84249911e-05,1.12943861e-04,1.74242814e-07,17
18,8,1.85624995e-05,1.13575006e-04,0.00000000e+00,1
18,9,7.82371717e-05,7.36130751e-05,3.95157349e-06,220
18,10,8.79577638e-05,7.70526967e-05,3.88413082e-06,13
18,11,1.91135623e-05,1.14350150e-04,6.90051502e-06,720
18,12,2.59569915e-05,2.67147534e-05,7.68349855e-06,527
18,13,2.20418497e-05,8.52193043e-05,7.10355107e-06,435
18,14,1.94261611e-05,1.11416281e-04,6.43578869e-06,162
18,15,1.03392995e-04,1.19107659e-04,1.02040540e-05,605
18,16,8.35881146e-05,9.01580570e-05,8.60791351e-06,23
18,17,1.01639387e-04,1.11234483e-04,9.74839259e-06,128
18,18,9.33745323e-05,1.11904752e-04,1.12430516e-05,327
18,19,8.67281778e-05,9.28403642e-06,1.20765571e-05,214
18,20,1.07647196e-04,4.70619671e-05,1.38367113e-05,667
18,21,8.76499253e-05,3.92324146e-05,1.55320158e-05,166
18,22,1.25412698e-04,9.36658107e-05,1.86298985e-05,1176
18,23,1.06719046e-04,1.06889180e-04,1.80673815e-05,95
18,24,1.23488280e-04,6.90749293e-05,1.97000136e-05,214
18,25,5.30604120e-05,2.05660199e-05,2.09716545e-05,511
18,26,7.01630051e-05,1.29509775e-04,2.17005654e-05,697
18,27,8.29783457e-05,6.70510854e-05,2.82001274e-05,3286
18,28,1.01317994e-04,1.20950368e-04,2.48170145e-05,44
18,29,1.30420221e-05,3.94903873e-05,2.54492697e-05,39
18,30,2.81843022e-05,1.03978527e-04,2.57495376e-05,48
18,31,1.28278349e-04,3.74792508e-05,2.71292938e-05,102
18,32,1.19470851e-05,7.57979142e-05,2.69889115e-05,223
18,33,1.30519387e-04,5.57439780e-05,3.26212685e-05,880
18,34,1.05827152e-04,3.78935038e-05,3.52173047e-05,573
18,35,5.45822149e-05,8.55715916e-05,3.55836964e-05,200
18,36,1.08457396e-04,3.32150630e-05,3.67165012e-05,296
18,37,9.94581860e-05,1.15500006e-05,3.63347826e-05,3
18,38,2.64844057e-05,1.28566273e-04,3.74694428e-05,306
18,39,8.46905095e-05,5.29679201e-05,3.84130835e-05,126
18,40,6.53569150e-05,4.73045402e-05,4.04696148e-05,285
18,41,5.83066503e-05,8.70796430e-05,4.07434709e-05,235
18,42,4.20063952e-05,1.33096401e-04,4.19569951e-05,516
18,43,5.10860300e-05,6.42735977e-05,4.33443092e-05,125
18,44,1.17121635e-04,3.91498652e-05,4.50874322e-05,462
18,45,2.17586839e-05,2.81576595e-05,4.47790990e-05,194
18,46,7.65232762e-05,5.47150303e-05,4.61733216e-05,447
18,47,7.12420515e-05,5.37918932e-05,4.59230578e-05,128
18,48,6.29962087e-05,1.29650260e-04,4.85346172e-05,1161
18,49,4.49985782e-05,1.04702318e-04,5.10691243e-05,714
18,50,1.81614687e-05,7.08465595e-05,5.10150712e-05,179
18,51,1.14025614e-04,2.48188844e-05,5.20913454e-05,455
18,52,3.36426710e-05,9.02163520e-05,5.42767339e-05,912
18,53,6.87018037e-05,1.24199025e-04,5.35844374e-05,217
18,54,5.02576295e-05,8.99806182e-05,5.41279696e-05,407
18,55,1.40087766e-04,1.15858042e-04,5.50163168e-05,476
18,56,9.17215366e-05,1.18014010e-04,5.49763317e-05,46
18,57,5.42065063e-05,1.15915582e-05,5.59431319e-05,36
18,58,6.30566719e-05,5.41920526e-05,5.93385230e-05,182
18,59,3.78162076e-05,2.02649735e-05,5.98024235e-05,92
18,60,4.28282692e-05,1.26800907e-04,6.23274609e-05,1029
18,61,5.47816890e-05,2.09031277e-05,6.11956493e-05,410
18,62,1.11307076e-04,2.39927704e-05,6.21967483e-05,426
18,63,4.59330986e-05,1.12259091e-04,6.17720289e-05,233
18,64,1.46602697e-05,1.01004567e-04,6.15211611e-05,115
18,65,6.95546260e-05,6.16319085e-05,6.22582884e-05,162
18,66,6.52736926e-05,8.91079544e-05,6.28573325e-05,213
18,67,6.18697668e-05,1.02438607e-04,6.29219794e-05,383
18,68,8.33880258e-05,6.30686918e-05,6.22729422e-05,22
18,69,7.56234949e-05,6.37661360e-05,6.27622358e-05,61
18,70,8.35711544e-05,6.50345028e-05,6.30312570e-05,47
19,1,7.87179033e-06,6.57592973e-05,0.00000000e+00,8
19,2,7.77567911e-05,7.42589982e-05,2.29172133e-06,1319
19,3,8.85040208e-05,7.67859237e-05,8.17965372e-07,92
19,4,1.21405588e-04,9.39448219e-05,7.14149905e-07,323
19,5,5.35309227e-05,1.01904523e-04,5.45258956e-07,419
19,6,1.00112491e-04,1.16714938e-04,2.42879850e-07,55
19,7,8.79311701e-05,7.69999970e-05,3.49999982e-06,2
19,8,1.89849416e-05,1.14447947e-04,6.93887705e-06,984
19,9,2.59774715e-05,2.67449468e-05,7.69464532e-06,670
19,10,8.53588608e-06,6.44058164e-05,5.77000674e-06,37
19,11,2.20834227e-05,8.53036181e-05,7.31623641e-06,447
19,12,2.05976885e-05,1.11688052e-04,6.44272041e-06,187
19,13,9.34455384e-05,1.11796930e-04,1.11756035e-05,332
19,14,1.02529571e-04,1.19330478e-04,1.11466879e-05,447
19,15,8.65957118e-05,9.64508945e-06,1.28299962e-05,262
19,16,1.07731983e-04,4.71117310e-05,1.39363647e-05,385
19,17,8.77962593e-05,3.92828952e-05,1.56356436e-05,160
19,18,1.25572813e-04,9.39772435e-05,1.88536778e-05,1051
19,19,1.06623789e-04,1.06778971e-04,1.79604649e-05,38
19,20,1.23886421e-04,6.86501226e-05,1.96659676e-05,200
19,21,6.98383374e-05,1.29993656e-04,2.10119142e-05,499
19,22,5.33360544e-05,2.09617247e-05,2.17643883e-05,803
19,23,1.01260943e-04,1.21017511e-04,2.44574076e-05,159
19,24,1.31255820e-05,3.95260686e-05,2.55053128e-05,105
19,25,8.29309720e-05,6.69350920e-05,2.80929144e-05,3036
19,26,2.81049925e-05,1.03836675e-04,2.56555268e-05,111
19,27,1.24430753e-05,7.60575494e-05,2.68723179e-05,288
19,28,1.30406144e-04,5.57343847e-05,3.30028997e-05,784
19,29,1.05828665e-04,3.78967270e-05,3.52402894e-05,400
19,30,5.47140407e-05,8.55969629e-05,3.55447482e-05,245
19,31,1.08276749e-04,3.32867894e-05,3.65689921e-05,131
19,32,2.65025210e-05,1.28606145e-04,3.75881682e-05,349
19,33,8.42004665e-05,5.30557154e-05,3.88030712e-05,336
19,34,6.46165572e-05,4.68269027e-05,4.05588471e-05,270
19,35,5.81709719e-05,8.72173114e-05,4.07720581e-05,138
19,36,4.21209043e-05,1.33136607e-04,4.18876298e-05,589
19,37,1.08704371e-04,2.30564965e-05,4.18230811e-05,28
19,38,1.17414471e-04,3.86553220e-05,4.46809208e-05,1393
19,39,5.11422732e-05,6.43805615e-05,4.32004672e-05,92
19,40,2.28093031e-05,2.78255775e-05,4.41561315e-05,114
19,41,7.66108860e-05,5.47314012e-05,4.62352000e-05,316
19,42,7.11837056e-05,5.38046406e-05,4.59719267e-05,53
19,43,3.31842045e-07,1.04830629e-04,4.67930768e-05,163
19,44,6.29950955e-05,1.29223670e-04,4.90322709e-05,1259
19,45,4.49817744e-05,1.04883009e-04,5.10335340e-05,823
19,46,1.82154781e-05,7.08441366e-05,5.08982666e-05,230
19,47,1.14189206e-04,2.50199137e-05,5.17846711e-05,291
19,48,6.83098333e-05,1.24260303e-04,5.35916697e-05,873
19,49,3.36883859e-05,9.02101165e-05,5.45411931e-05,890
19,50,5.03093288e-05,8.99932929e-05,5.42098896e-05,419
19,51,1.40359523e-04,1.15853094e-04,5.50910227e-05,165
19,52,9.20126549e-05,1.17902033e-04,5.48055577e-05,146
19,53,8.11445986e-08,1.15959141e-04,5.56395389e-05,35
19,54,3.78041223e-05,1.94635704e-05,5.96393984e-05,350
19,55,6.27177287e-05,5.49785254e-05,5.92504039e-05,134
19,56,5.52514866e-05,2.04435310e-05,6.09550516e-05,288
19,57,4.26214938e-05,1.27238003e-04,6.23221204e-05,594
19,58,4.54920846e-05,1.13092938e-04,6.21010986e-05,224
19,59,6.95218696e-05,6.15028766e-05,6.22953667e-05,292
19,60,7.51242842e-05,6.39918435e-05,6.26751207e-05,158
19,61,6.23994783e-05,1.02084305e-04,6.28850394e-05,377
19,62,8.36612235e-05,6.25471148e-05,6.24453241e-05,9
19,63,6.54153555e-05,8.93005272e-05,6.29132046e-05,125
19,64,1.59696247e-05,9.98644391e-05,6.20000064e-05,7
19,65,8.34559251e-05,6.45590917e-05,6.29406859e-05,78
19,66,4.38289135e-06,8.53701422e-05,6.25000102e-05,8
20,1,8.31612851e-06,6.58355493e-05,3.02151818e-07,46
20,2,7.66724843e-05,7.44411882e-05,4.36254851e-07,97
20,3,7.86319797e-05,7.52552514e-05,5.52021504e-07,101
20,4,8.84110268e-05,7.67902748e-05,9.80111508e-07,221
20,5,2.27357705e-05,8.28041957e-05,1.96809893e-07,43
20,6,1.21431323e-04,9.39714810e-05,7.48023695e-07,326
20,7,5.34246137e-05,1.00723686e-04,5.98830695e-07,413
20,8,2.07969733e-05,1.13741895e-04,3.30285303e-07,308
20,9,1.00018340e-04,1.16615440e-04,1.52493215e-07,52
20,10,9.77625314e-05,1.20587792e-04,0.00000000e+00,5
20,11,7.76421293e-05,7.48280363e-05,3.33304274e-06,389
20,12,2.12421928e-05,1.11865913e-04,6.58326144e-06,633
20,13,1.90742721e-05,1.14407121e-04,6.92614913e-06,741
20,14,2.60838533e-05,2.67908199e-05,7.61668525e-06,707
20,15,2.21197224e-05,8.51604054e-05,7.43576857e-06,626
20,16,1.02321232e-04,1.19630749e-04,1.08063514e-05,1529
20,17,9.33907941e-05,1.11790359e-04,1.10144993e-05,249
20,18,8.62684756e-05,1.00127600e-05,1.36298040e-05,280
20,19,1.08296983e-04,4.67660029e-05,1.39602025e-05,173
20,20,1.09939749e-04,4.74976187e-05,1.36249691e-05,16
20,21,2.09610589e-05,1.13498572e-04,1.37780198e-05,9
20,22,8.76387057e-05,3.96116629e-05,1.54733789e-05,200
20,23,1.25812221e-04,9.41468388e-05,1.93107135e-05,1185
20,24,1.06756015e-04,1.07019070e-04,1.82190834e-05,34
20,25,6.94119371e-05,1.30391389e-04,2.03301588e-05,732
20,26,1.24069789e-04,6.81695383e-05,1.95778412e-05,173
20,27,5.37058586e-05,2.14604279e-05,2.22382387e-05,673
20,28,1.01487996e-04,1.21070174e-04,2.44741077e-05,178
20,29,8.30910285e-05,6.69884103e-05,2.81283938e-05,2871
20,30,1.31747120e-05,3.95878596e-05,2.54554470e-05,11
20,31,2.80859422e-05,1.03758102e-04,2.57939337e-05,68
20,32,1.29927503e-05,7.64365759e-05,2.66893130e-05,188
20,33,1.28425163e-04,3.88851149e-05,2.66969782e-05,25
20,34,1.30170869e-04,5.54586441e-05,3.33345852e-05,1089
20,35,1.05679566e-04,3.78249097e-05,3.53136384e-05,566
20,36,5.48966091e-05,8.56422921e-05,3.57259705e-05,303
20,37,1.07880689e-04,3.32301643e-05,3.60712220e-05,109
20,38,2.65064664e-05,1.28460786e-04,3.77503675e-05,381
20,39,8.36188847e-05,5.31738297e-05,3.90338209e-05,367
20,40,6.38712008e-05,4.63560427e-05,4.07463995e-05,178
20,41,5.82593239e-05,8.70381991e-05,4.08456290e-05,93
20,42,4.21316290e-05,1.33166832e-04,4.20465913e-05,479
20,43,1.08808134e-04,2.31918457e-05,4.16103758e-05,9
20,44,1.17804244e-04,3.85933781e-05,4.43929894e-05,943
20,45,5.12294573e-05,6.43983003e-05,4.31526751e-05,43
20,46,2.30034821e-05,2.77116160e-05,4.41215270e-05,205
20,47,7.66882949e-05,5.49685828e-05,4.61689924e-05,279
20,48,7.12758920e-05,5.36185944e-05,4.58955510e-05,43
20,49,6.30417853e-05,1.28840431e-04,4.95918939e-05,1308
20,50,4.49843683e-05,1.04922714e-04,5.09715755e-05,1082
20,51,1.84333094e-05,7.08906446e-05,5.08096091e-05,370
20,52,1.14285438e-04,2.49833793e-05,5.16654327e-05,332
20,53,6.79554068e-05,1.24211394e-04,5.32794693e-05,447
20,54,3.36244448e-05,9.01745807e-05,5.45933399e-05,1024
20,55,5.04845520e-05,9.00410450e-05,5.42369125e-05,220
20,56,5.44499999e-05,1.13666883e-05,5.58332395e-05,3
20,57,1.40607561e-04,1.15885028e-04,5.58002102e-05,5
20,58,6.22740481e-05,5.56199593e-05,5.89326810e-05,163
20,59,3.76971620e-05,1.85921399e-05,5.92179167e-05,32
20,60,5.55005499e-05,2.03860727e-05,6.08175069e-05,248
20,61,7.46337610e-05,6.40641811e-05,6.22666921e-05,344
20,62,4.50730695e-05,1.13669637e-04,6.17569603e-05,207
20,63,4.24952923e-05,1.27124236e-04,6.27017362e-05,459
20,64,6.94673436e-05,6.15523168e-05,6.23545711e-05,330
20,65,1.60424806e-05,9.95055889e-05,6.24846725e-05,207
20,66,1.44120522e-05,1.00683610e-04,6.19096390e-05,33
20,67,6.30485592e-05,1.01884536e-04,6.27428890e-05,311
20,68,1.09679051e-04,2.36041815e-05,6.26108958e-05,9
20,69,6.55958647e-05,8.95445482e-05,6.28046546e-05,95
20,70,8.38688720e-05,6.21771251e-05,6.27224290e-05,20
20,71,8.32766164e-05,6.40632061e-05,6.27495392e-05,34
21,1,7.71898558e-05,7.54553403e-05,2.32133425e-06,578
21,2,8.84863766e-05,7.68363825e-05,9.92896048e-07,161
21,3,1.21516699e-04,9.38596058e-05,6.45582077e-07,245
21,4,5.35444415e-05,9.98578616e-05,5.86617318e-07,513
21,5,1.03193423e-04,1.08802131e-04,1.42384948e-07,14
21,6,2.21920327e-05,1.12089590e-04,0.00000000e+00,5
21,7,9.95927840e-05,1.16658630e-04,5.40317387e-07,486
21,8,2.61038331e-05,2.67129999e-05,7.46082560e-06,813
21,9,1.00374828e-05,6.55874901e-05,5.25033010e-06,6
21,10,2.21854843e-05,8.52197409e-05,7.42802740e-06,529
21,11,1.92203916e-05,1.14462993e-04,7.24359188e-06,192
21,12,2.20046604e-05,1.12285677e-04,7.02790931e-06,53
21,13,1.02248108e-04,1.19934506e-04,7.99999907e-06,8
21,14,1.01421763e-04,1.11026711e-04,9.74974319e-06,120
21,15,9.33475822e-05,1.11732021e-04,1.09468674e-05,242
21,16,1.01786412e-04,1.19758093e-04,1.12533617e-05,825
21,17,8.59894426e-05,1.05130230e-05,1.43542156e-05,388
21,18,1.08592489e-04,4.71727944e-05,1.32908299e-05,26
21,19,1.10283851e-04,4.75706875e-05,1.36594726e-05,69
21,20,8.70824515e-05,3.97097683e-05,1.54548707e-05,157
21,21,1.25976076e-04,9.44612548e-05,1.94501281e-05,713
21,22,6.92023459e-05,1.30843153e-04,1.97532063e-05,1076
21,23,1.06866835e-04,1.07141328e-04,1.81366504e-05,113
21,24,1.24105485e-04,6.77433200e-05,1.96335313e-05,175
21,25,5.40573747e-05,2.17859306e-05,2.26129778e-05,455
21,26,1.01536898e-04,1.20992787e-04,2.47960725e-05,143
21,27,1.31840870e-05,3.96605865e-05,2.52228565e-05,72
21,28,8.31490033e-05,6.69785150e-05,2.83255613e-05,3103
21,29,1.38264615e-04,9.11754178e-05,2.55991417e-05,41
21,30,2.82130804e-05,1.03629216e-04,2.59945136e-05,84
21,31,1.36493327e-05,7.68613390e-05,2.66760871e-05,183
21,32,1.29961423e-04,5.52083256e-05,3.36589001e-05,479
21,33,1.05580606e-04,3.78072218e-05,3.53451396e-05,637
21,34,1.07583299e-04,3.31542979e-05,3.58643301e-05,350
21,35,5.47698437e-05,8.55943290e-05,3.56871606e-05,178
21,36,2.65422204e-05,1.28428437e-04,3.77412616e-05,374
21,37,9.92455607e-05,1.14322211e-05,3.69278532e-05,14
21,38,8.30937206e-05,5.32405029e-05,3.90332898e-05,458
21,39,5.80539927e-05,8.69493815e-05,4.07895132e-05,152
21,40,6.32081137e-05,4.58610266e-05,4.09564309e-05,223
21,41,4.21101613e-05,1.33168869e-04,4.19697644e-05,626
21,42,1.17904172e-04,3.86230931e-05,4.39728501e-05,407
21,43,5.11664948e-05,6.43944222e-05,4.32216984e-05,135
21,44,2.37477252e-05,2.74646845e-05,4.39480136e-05,208
21,45,7.14117632e-05,5.35979962e-05,4.59160728e-05,72
21,46,7.66048688e-05,5.48110947e-05,4.62701391e-05,316
21,47,1.23718462e-06,1.04250801e-04,4.63595134e-05,138
21,48,6.30850627e-05,1.28437707e-04,4.98583468e-05,1587
21,49,4.50054140e-05,1.04979576e-04,5.09103229e-05,975
21,50,1.84686578e-05,7.07428990e-05,5.09444872e-05,270
21,51,1.14219962e-04,2.50720605e-05,5.16422115e-05,349
21,52,6.83944090e-05,1.24315658e-04,5.31114965e-05,224
21,53,3.37400379e-05,9.02209431e-05,5.45934381e-05,886
21,54,6.65650368e-05,1.24602811e-04,5.26141775e-05,35
21,55,5.03280244e-05,9.00253799e-05,5.42503913e-05,255
21,56,9.16560384e-05,1.18173477e-04,5.45551666e-05,27
21,57,2.39231554e-07,1.16176809e-04,5.61443703e-05,129
21,58,1.40485339e-04,1.16146693e-04,5.60713997e-05,55
21,59,6.19707935e-05,5.61608431e-05,5.90234085e-05,125
21,60,3.78454715e-05,1.87098995e-05,5.90606323e-05,74
21,61,5.55685183e-05,2.00830218e-05,6.05661771e-05,239
21,62,4.46401173e-05,1.14526949e-04,6.17455444e-05,370
21,63,6.94199189e-05,6.15326426e-05,6.24923414e-05,369
21,64,7.41290569e-05,6.42439991e-05,6.21165091e-05,129
21,65,1.60450272e-05,9.93287249e-05,6.25008470e-05,428
21,66,6.58973877e-05,8.95952326e-05,6.25921602e-05,179
21,67,1.43589850e-05,1.00335397e-04,6.15000026e-05,7
21,68,6.39499340e-05,1.01386177e-04,6.25677349e-05,341
21,69,4.20898104e-05,1.27475156e-04,6.28150156e-05,381
21,70,1.10563305e-04,2.38806806e-05,6.27973568e-05,50
21,71,8.34150196e-05,6.35474571e-05,6.25434695e-05,61
21,72,8.40810317e-05,6.18062550e-05,6.25000030e-05,4
22,1,7.82197822e-05,7.64586439e-05,6.16547737e-08,16
22,2,8.83769389e-05,7.69123799e-05,9.47172737e-07,91
22,3,1.21644895e-04,9.38630474e-05,3.54721578e-07,92
22,4,5.37246888e-05,9.90527333e-05,4.41241866e-07,256
22,5,2.23312618e-05,1.14517075e-04,4.67529134e-07,590
22,6,9.99500990e-05,1.16741932e-04,3.76949515e-07,252
22,7,9.77127056e-05,1.20562639e-04,0.00000000e+00,11
22,8,7.69197723e-05,7.61968986e-05,3.45900207e-06,12
22,9,2.32941002e-05,1.12461690e-04,6.81413076e-06,401
22,10,2.60992947e-05,2.67610540e-05,7.28536770e-06,753
22,11,1.02297727e-05,6.58532299e-05,5.53304153e-06,15
22,12,2.22562394e-05,8.52715384e-05,7.31684258e-06,397
22,13,1.95581688e-05,1.14452174e-04,7.85928933e-06,295
22,14,1.01474267e-04,1.10999426e-04,9.72838006e-06,261
22,15,1.01314319e-04,1.19962024e-04,1.11923609e-05,1106
22,16,9.33331612e-05,1.11809532e-04,1.09796874e-05,181
22,17,1.10894100e-04,4.79070732e-05,1.32277537e-05,70
22,18,8.58152343e-05,1.08773556e-05,1.47363189e-05,395
22,19,1.09083318e-04,4.71171188e-05,1.32510304e-05,6
22,20,1.06893880e-04,4.60160009e-05,1.53465498e-05,128
22,21,8.63007881e-05,3.98645243e-05,1.56496935e-05,169
22,22,6.90062807e-05,1.31098539e-04,1.91193940e-05,1644
22,23,1.26240542e-04,9.46533619e-05,2.01666135e-05,1016
22,24,1.06734697e-04,1.06964573e-04,1.81144169e-05,78
22,25,1.24399579e-04,6.72507667e-05,1.96204383e-05,192
22,26,5.42235284e-05,2.21067039e-05,2.30703681e-05,920
22,27,1.01590995e-04,1.21026125e-04,2.49358291e-05,122
22,28,1.32746854e-05,3.96390533e-05,2.52673144e-05,77
22,29,8.31637444e-05,6.70216032e-05,2.83549725e-05,2762
22,30,1.42061708e-05,7.72045896e-05,2.64697774e-05,143
22,31,1.38341435e-04,9.12123651e-05,2.58215932e-05,25
22,32,2.82810179e-05,1.03631901e-04,2.61312616e-05,101
22,33,1.28466403e-04,4.04147577e-05,2.65186773e-05,81
22,34,1.30050903e-04,5.49094038e-05,3.41325140e-05,759
22,35,1.05777450e-04,3.78804725e-05,3.54509903e-05,756
22,36,1.07388936e-04,3.30147996e-05,3.58833204e-05,525
22,37,5.46973279e-05,8.56107872e-05,3.56136807e-05,133
22,38,9.93453650e-05,1.13362048e-05,3.63131076e-05,72
22,39,2.66403713e-05,1.28464220e-04,3.74088377e-05,415
22,40,8.25585812e-05,5.31886471e-05,3.92800684e-05,358
22,41,3.28272517e-06,1.05170468e-04,3.87494183e-05,8
22,42,5.82370994e-05,8.69098076e-05,4.06225627e-05,237
22,43,4.21623299e-05,1.33079069e-04,4.18495438e-05,842
22,44,6.25351022e-05,4.52490422e-05,4.12604495e-05,334
22,45,1.17924203e-04,3.81982500e-05,4.37964482e-05,760
22,46,5.10748469e-05,6.43515959e-05,4.33006717e-05,141
22,47,2.41251273e-05,2.69941302e-05,4.36436239e-05,207
22,48,7.66399171e-05,5.48805401e-05,4.62488460e-05,482
22,49,7.13076370e-05,5.36525695e-05,4.60000047e-05,5
22,50,6.31423609e-05,1.28210755e-04,5.02565927e-05,1366
22,51,4.50947337e-05,1.05046725e-04,5.09426500e-05,1120
22,52,1.84109122e-05,7.07236031e-05,5.09316415e-05,199
22,53,1.14214577e-04,2.51725505e-05,5.16118744e-05,269
22,54,6.71517337e-05,1.24788668e-04,5.27853226e-05,576
22,55,3.37470156e-05,9.02639513e-05,5.44525028e-05,884
22,56,5.02672992e-05,9.00115265e-05,5.41439294e-05,354
22,57,4.71335085e-07,1.16398558e-04,5.63474023e-05,405
22,58,9.19185695e-05,1.18250093e-04,5.47496675e-05,12
22,59,9.24504420e-05,1.19026445e-05,5.88191469e-05,97
22,60,3.79288686e-05,1.94786444e-05,5.96387181e-05,257
22,61,6.14265737e-05,5.72162025e-05,5.95185338e-05,197
22,62,5.65237133e-05,1.87674887e-05,5.99673622e-05,49
22,63,5.51170560e-05,1.98490070e-05,6.03124208e-05,77
22,64,4.43323261e-05,1.15249211e-04,6.17185578e-05,178
22,65,6.93354523e-05,6.15013851e-05,6.23988817e-05,353
22,66,1.57688664e-05,9.93479116e-05,6.24227614e-05,744
22,67,7.31374967e-05,6.42847372e-05,6.22181688e-05,23
22,68,6.62204693e-05,8.96487836e-05,6.25030807e-05,176
22,69,6.45557957e-05,1.01221187e-04,6.27004047e-05,381
22,70,8.44322785e-05,6.13405646e-05,6.25387329e-05,52
22,71,8.34734528e-05,6.31948133e-05,6.24180175e-05,25
22,72,4.22857665e-05,1.27386011e-04,6.27468253e-05,125
23,1,1.11130947e-04,4.52828463e-05,2.01968732e-07,27
23,2,7.57044036e-05,7.61161209e-05,1.80098297e-07,33
23,3,8.83432149e-05,7.67817764e-05,8.50265565e-07,68
23,4,1.21557379e-04,9.39991223e-05,2.08672759e-07,19
23,5,5.37155684e-05,9.81267149e-05,7.27326722e-07,432
23,6,2.30681781e-05,1.14413284e-04,3.22426587e-07,147
23,7,2.12076739e-05,1.15748684e-04,1.18041037e-07,21
23,8,9.97384923e-05,1.16850926e-04,6.67261702e-07,696
23,9,9.81110425e-05,1.20121411e-04,2.50494651e-07,174
23,10,7.64291108e-05,7.70674014e-05,3.52222787e-06,221
23,11,2.44322655e-05,1.11275018e-04,3.79211474e-06,29
23,12,2.41753878e-05,1.12474758e-04,6.86926614e-06,883
23,13,2.60805464e-05,2.67196810e-05,6.95534345e-06,709
23,14,2.22153594e-05,8.53200836e-05,7.38245353e-06,445
23,15,1.94316763e-05,1.14343398e-04,7.71951090e-06,147
23,16,1.00807192e-04,1.20158809e-04,1.12939224e-05,1669
23,17,1.01559999e-04,1.11141133e-04,9.64326227e-06,118
23,18,9.33887568e-05,1.11975860e-04,1.10179990e-05,54
23,19,8.55072649e-05,1.12770049e-05,1.47753153e-05,223
23,20,1.10325891e-04,4.76158821e-05,1.32640535e-05,78
23,21,1.06688400e-04,4.59057846e-05,1.53090605e-05,212
23,22,8.59614811e-05,4.00600111e-05,1.54379904e-05,134
23,23,6.87823122e-05,1.31545487e-04,1.82880121e-05,1273
23,24,1.06759719e-04,1.06791042e-04,1.81653031e-05,86
23,25,1.26365310e-04,9.47362641e-05,2.05508732e-05,1159
23,26,1.24535611e-04,6.67544227e-05,1.93556261e-05,179
23,27,5.44658687e-05,2.24331725e-05,2.34774707e-05,449
23,28,1.34759985e-05,3.98793782e-05,2.52860555e-05,142
23,29,1.01612612e-04,1.20920187e-04,2.51098518e-05,139
23,30,8.31959187e-05,6.70250447e-05,2.81986813e-05,2451
23,31,1.28689062e-04,4.11086512e-05,2.60953966e-05,74
23,32,1.46925031e-05,7.76886300e-05,2.64871069e-05,212
23,33,2.83336503e-05,1.03716033e-04,2.60316301e-05,63
23,34,1.30010740e-04,5.46988849e-05,3.44670916e-05,1005
23,35,1.05920888e-04,3.77922042e-05,3.53293981e-05,655
23,36,1.07339329e-04,3.27957496e-05,3.59680853e-05,513
23,37,5.47815762e-05,8.57221021e-05,3.57336394e-05,150
23,38,2.65936760e-05,1.28499873e-04,3.73819421e-05,351
23,39,9.93953145e-05,1.12233720e-05,3.65630731e-05,8
23,40,8.18726112e-05,5.31358455e-05,3.94749586e-05,328
23,41,5.82044850e-05,8.68134885e-05,4.05507708e-05,365
23,42,4.22782650e-05,1.33095018e-04,4.19311400e-05,982
23,43,1.18233023e-04,3.79658086e-05,4.30468972e-05,1773
23,44,6.18664635e-05,4.48106148e-05,4.14641618e-05,280
23,45,1.09450004e-04,2.30312944e-05,4.04999992e-05,2
23,46,2.49925179e-05,2.67431878e-05,4.31895896e-05,327
23,47,5.11380167e-05,6.42500308e-05,4.34210633e-05,59
23,48,9.46617511e-05,7.02805210e-06,4.48318751e-05,9
23,49,7.66738885e-05,5.48690077e-05,4.62668613e-05,427
23,50,7.11563989e-05,5.38312997e-05,4.60000047e-05,4
23,51,6.31032017e-05,1.27904073e-04,5.06979850e-05,1420
23,52,4.51525266e-05,1.05009196e-04,5.09858401e-05,1059
23,53,1.85870776e-05,7.05939892e-05,5.07384102e-05,46
23,54,1.14195660e-04,2.51330766e-05,5.17523258e-05,188
23,55,6.58025456e-05,1.24887127e-04,5.22092232e-05,452
23,56,3.38768441e-05,9.04007902e-05,5.47430609e-05,861
23,57,5.02360854e-05,8.99725055e-05,5.42228154e-05,266
23,58,4.83181054e-07,1.16329800e-04,5.63669273e-05,208
23,59,5.40929686e-05,1.14768400e-05,5.59495857e-05,30
23,60,6.13052689e-05,5.79341504e-05,5.96147984e-05,137
23,61,5.67227398e-05,1.87000078e-05,5.97093676e-05,19
23,62,5.51928242e-05,1.94370241e-05,6.03861881e-05,61
23,63,3.80118618e-05,2.01216571e-05,5.99573032e-05,47
23,64,1.54770642e-05,9.93233771e-05,6.22632651e-05,869
23,65,4.37169438e-05,1.16132163e-04,6.15441895e-05,179
23,66,6.93262045e-05,6.14435849e-05,6.24253153e-05,360
23,67,7.27117440e-05,6.42824161e-05,6.24687382e-05,118
23,68,6.65195403e-05,8.95987978e-05,6.26013425e-05,195
23,69,6.51831651e-05,1.00817633e-04,6.26143374e-05,349
23,70,1.08966022e-04,2.35436946e-05,6.27501504e-05,54
23,71,8.48154450e-05,6.13182710e-05,6.27722693e-05,147
23,72,8.35061655e-05,6.28380512e-05,6.23207816e-05,25
23,73,4.19802782e-05,1.27553489e-04,6.28139314e-05,59
24,1,8.79879444e-05,7.67996171e-05,1.37968777e-06,726
24,2,7.52433116e-05,7.72671701e-05,1.37353894e-07,18
24,3,7.72830535e-05,7.78194808e-05,3.44024556e-07,79
24,4,2.26586653e-05,8.31747457e-05,1.48026729e-07,47
24,5,1.21534729e-04,9.39728998e-05,4.05869201e-07,101
24,6,5.36408625e-05,9.72043563e-05,6.59618252e-07,447
24,7,9.96903618e-05,1.16957308e-04,4.38851004e-07,295
24,8,9.81183111e-05,1.20683755e-04,1.49027443e-07,43
24,9,7.62575000e-05,7.74268701e-05,3.40364113e-06,245
24,10,2.61060068e-05,2.67338910e-05,6.87899228e-06,1080
24,11,1.12549615e-05,6.68837165e-05,5.94696212e-06,47
24,12,2.21728242e-05,8.52143858e-05,7.43585542e-06,722
24,13,2.50335816e-05,1.12739188e-04,7.45171383e-06,378
24,14,1.96067995e-05,1.14362017e-04,7.96698805e-06,328
24,15,1.00264908e-04,1.20972749e-04,7.90050035e-06,5
24,16,1.01409918e-04,1.11204208e-04,9.67944652e-06,36
24,17,9.32584007e-05,1.11848341e-04,1.10709470e-05,50
24,18,9.99136028e-05,1.20300923e-04,1.26064006e-05,467
24,19,1.10063731e-04,4.77507274e-05,1.31599527e-05,147
24,20,8.51736186e-05,1.17448817e-05,1.55078214e-05,206
24,21,8.58643543e-05,4.01130419e-05,1.55409743e-05,167
24,22,1.06557498e-04,4.58369686e-05,1.54378358e-05,86
24,23,6.86377680e-05,1.32039859e-04,1.70296880e-05,420
24,24,1.07004926e-04,1.06956424e-04,1.83820630e-05,134
24,25,1.26317798e-04,9.50208778e-05,2.06986733e-05,1002
24,26,1.24885744e-04,6.62743623e-05,1.93986743e-05,242
24,27,5.47807322e-05,2.28184217e-05,2.39079491e-05,512
24,28,1.01648358e-04,1.20879959e-04,2.46918062e-05,137
24,29,1.35156051e-05,3.98941411e-05,2.54348834e-05,116
24,30,8.32942897e-05,6.70345107e-05,2.81536813e-05,2397
24,31,1.28805128e-04,4.17920710e-05,2.58782620e-05,124
24,32,2.84206908e-05,1.03813807e-04,2.61129899e-05,92
24,33,1.53473429e-05,7.78419708e-05,2.65662529e-05,214
24,34,1.29815380e-04,5.46036281e-05,3.49008551e-05,617
24,35,1.05964842e-04,3.78327604e-05,3.53680407e-05,860
24,36,1.07201296e-04,3.27797497e-05,3.58498801e-05,295
24,37,5.48563003e-05,8.57312116e-05,3.58588295e-05,211
24,38,9.94959191e-05,1.10291148e-05,3.67871653e-05,33
24,39,2.66659408e-05,1.28600368e-04,3.75582495e-05,243
24,40,8.11212522e-05,5.30609104e-05,3.92137008e-05,277
24,41,5.81685927e-05,8.67895142e-05,4.05267383e-05,316
24,42,4.23271704e-05,1.33110429e-04,4.19212301e-05,793
24,43,1.09318767e-04,2.32031434e-05,4.10417524e-05,24
24,44,1.18376367e-04,3.81526042e-05,4.27525447e-05,751
24,45,6.11228097e-05,4.44857578e-05,4.14803217e-05,309
24,46,5.33499988e-05,2.88063839e-05,4.14999995e-05,2
24,47,2.53554444e-05,2.64742430e-05,4.28950916e-05,100
24,48,5.12406950e-05,6.42314044e-05,4.34531867e-05,67
24,49,9.48150264e-05,7.12411202e-06,4.45927399e-05,16
24,50,7.67202364e-05,5.48373391e-05,4.62533790e-05,498
24,51,4.51094820e-05,1.05049374e-04,5.10484897e-05,1245
24,52,6.30336726e-05,1.27740248e-04,5.13372361e-05,1168
24,53,1.85832432e-05,7.05774219e-05,5.05886564e-05,34
24,54,1.14284587e-04,2.51203801e-05,5.17326807e-05,291
24,55,6.48977439e-05,1.25044433e-04,5.17465123e-05,61
24,56,3.38174177e-05,9.02677129e-05,5.45618968e-05,1268
24,57,6.66191336e-05,1.24575003e-04,5.24999996e-05,2
24,58,5.02657567e-05,8.99178631e-05,5.42601738e-05,343
24,59,5.42723974e-05,1.13609731e-05,5.58959146e-05,24
24,60,4.54245765e-07,1.16491021e-04,5.68150281e-05,109
24,61,6.08514165e-05,5.88406219e-05,5.96531900e-05,170
24,62,5.61084780e-05,1.90230312e-05,6.02194086e-05,267
24,63,3.80995116e-05,2.08877100e-05,6.01875181e-05,296
24,64,4.31112130e-05,1.16799260e-04,6.14602468e-05,433
24,65,1.54164809e-05,9.91322668e-05,6.24057866e-05,980
24,66,6.92220274e-05,6.15335812e-05,6.24899185e-05,383
24,67,7.20067619e-05,6.44011161e-05,6.20742649e-05,141
24,68,8.51334844e-05,6.10318384e-05,6.26602923e-05,150
24,69,6.67427157e-05,8.95276244e-05,6.27108966e-05,148
24,70,6.58992940e-05,1.00120567e-04,6.25885514e-05,354
24,71,4.16991425e-05,1.28021973e-04,6.23760934e-05,113
24,72,8.36924810e-05,6.22975713e-05,6.23218803e-05,28
24,73,1.07653010e-04,2.33567062e-05,6.27003319e-05,15
24,74,1.08981520e-04,2.35652169e-05,6.28554480e-05,63
25,1,2.38929824e-05,7.45165671e-05,0.00000000e+00,17
25,2,8.81285159e-05,7.67682141e-05,1.37843847e-06,780
25,3,7.54984285e-05,7.81151830e-05,2.43053159e-06,607
25,4,7.65319419e-05,7.90291233e-05,3.34079232e-07,74
25,5,2.28508779e-05,8.33206504e-05,6.49789968e-07,281
25,6,2.02199917e-05,8.65292750e-05,1.65393786e-07,36
25,7,5.36333282e-05,9.61728656e-05,4.91001913e-07,337
25,8,2.69805496e-05,1.10488807e-04,5.52802319e-08,9
25,9,9.95203809e-05,1.16941846e-04,3.63742373e-07,249
25,10,2.61658079e-05,2.68364984e-05,6.73046816e-06,695
25,11,1.18199941e-05,6.76837808e-05,5.66709195e-06,69
25,12,2.21922273e-05,8.51318109e-05,7.35590083e-06,1031
25,13,2.59099252e-05,1.12786940e-04,7.61161891e-06,716
25,14,1.94906806e-05,1.14474657e-04,7.54499342e-06,341
25,15,1.01466234e-04,1.11408539e-04,9.51524999e-06,130
25,16,9.34326017e-05,1.11972564e-04,1.10353021e-05,58
25,17,9.92554633e-05,1.20499630e-04,1.35063028e-05,672
25,18,1.10661691e-04,4.76597088e-05,1.30787876e-05,102
25,19,1.12506707e-04,4.83091717e-05,1.27853345e-05,35
25,20,8.49467979e-05,1.23153723e-05,1.58666007e-05,210
25,21,8.57799023e-05,4.03660997e-05,1.54300124e-05,168
25,22,1.06581014e-04,4.58271788e-05,1.51638887e-05,52
25,23,6.85223276e-05,1.32525980e-04,1.65304355e-05,472
25,24,1.07020300e-04,1.06789019e-04,1.83138727e-05,170
25,25,1.25106657e-04,6.58893114e-05,1.91805975e-05,228
25,26,1.26501342e-04,9.52023474e-05,2.12511513e-05,1479
25,27,5.50332479e-05,2.32132024e-05,2.41086454e-05,797
25,28,1.01792844e-04,1.20956727e-04,2.46247255e-05,16
25,29,1.35038099e-05,3.98735101e-05,2.53904363e-05,67
25,30,8.33824161e-05,6.70841182e-05,2.82114997e-05,2211
25,31,1.28924701e-04,4.27350278e-05,2.56962157e-05,149
25,32,2.84591388e-05,1.03777726e-04,2.59724493e-05,135
25,33,1.59052870e-05,7.81016279e-05,2.65368908e-05,211
25,34,1.06044783e-04,3.77355391e-05,3.53971373e-05,1111
25,35,1.29762659e-04,5.42776288e-05,3.53993564e-05,681
25,36,1.06873777e-04,3.28479291e-05,3.56141063e-05,148
25,37,5.48085663e-05,8.57484411e-05,3.59294245e-05,124
25,38,2.66645238e-05,1.28729502e-04,3.74920746e-05,301
25,39,8.06935350e-05,5.33457132e-05,3.87379914e-05,197
25,40,5.82231587e-05,8.66917471e-05,4.07030275e-05,339
25,41,4.24365062e-05,1.32931396e-04,4.17766496e-05,907
25,42,1.18194541e-04,3.79690609e-05,4.22983576e-05,667
25,43,1.09359338e-04,2.31231152e-05,4.12249719e-05,137
25,44,6.03955268e-05,4.40260883e-05,4.16007861e-05,252
25,45,2.61017303e-05,2.62504600e-05,4.25362305e-05,386
25,46,5.13789055e-05,6.42467785e-05,4.33050118e-05,82
25,47,7.68647587e-05,5.49671895e-05,4.63071847e-05,517
25,48,7.14696725e-05,5.33260463e-05,4.59749936e-05,140
25,49,6.31158764e-05,1.27344829e-04,5.17184162e-05,1293
25,50,4.51518463e-05,1.05095394e-04,5.11821017e-05,1004
25,51,1.85766421e-05,7.06359351e-05,5.07381847e-05,67
25,52,6.44643151e-05,1.25002683e-04,5.11863473e-05,89
25,53,1.14242466e-04,2.51076890e-05,5.19322020e-05,229
25,54,6.63275277e-05,1.25060295e-04,5.22839509e-05,97
25,55,3.39367907e-05,9.02085158e-05,5.48164026e-05,1146
25,56,5.03313386e-05,8.99043443e-05,5.41413829e-05,221
25,57,9.21916071e-05,1.18094169e-04,5.47882701e-05,113
25,58,5.41311128e-05,1.12297566e-05,5.58214269e-05,109
25,59,7.91128173e-07,1.16575429e-04,5.71045166e-05,516
25,60,6.04467314e-05,5.96970822e-05,5.95868914e-05,252
25,61,3.83349361e-05,2.13889361e-05,6.06439353e-05,461
25,62,5.66774434e-05,1.87463465e-05,6.04147281e-05,429
25,63,7.15005299e-05,6.45264372e-05,6.19827406e-05,201
25,64,1.53456549e-05,9.90569097e-05,6.25796820e-05,1025
25,65,4.26416518e-05,1.17730408e-04,6.14921810e-05,155
25,66,6.90620436e-05,6.16331017e-05,6.22935841e-05,347
25,67,6.66284905e-05,9.99105177e-05,6.24021850e-05,394
25,68,6.70096415e-05,8.94146797e-05,6.26490291e-05,143
25,69,1.07390937e-04,2.34586914e-05,6.25007960e-05,156
25,70,8.56719562e-05,6.07983129e-05,6.27431000e-05,150
25,71,4.16876828e-05,1.28024738e-04,6.25447283e-05,11
25,72,8.41894725e-05,6.18350023e-05,6.28237249e-05,17
26,1,8.79986546e-05,7.68474929e-05,1.39379506e-06,839
26,2,7.42629200e-05,7.87392273e-05,4.98450049e-07,73
26,3,7.62831332e-05,7.90916893e-05,3.65076460e-07,88
26,4,2.28401695e-05,8.30354984e-05,3.68139951e-07,189
26,5,5.36834741e-05,9.55070864e-05,5.35040897e-07,418
26,6,2.71563240e-05,1.12406145e-04,0.00000000e+00,4
26,7,2.61095320e-05,1.14620583e-04,3.47985861e-07,67
26,8,9.91870838e-05,1.17511852e-04,0.00000000e+00,19
26,9,9.72716443e-05,1.20177116e-04,2.98853564e-07,259
26,10,7.52126143e-05,7.89914411e-05,3.09704706e-06,336
26,11,2.61682781e-05,2.67455998e-05,6.69111478e-06,646
26,12,1.21406210e-05,6.79444638e-05,5.44305021e-06,227
26,13,2.23575717e-05,8.52456433e-05,7.56106601e-06,720
26,14,2.68011190e-05,1.12990034e-04,7.65420555e-06,661
26,15,1.94138011e-05,1.14550101e-04,7.22049708e-06,376
26,16,8.28112097e-05,9.07792346e-05,8.15842486e-06,19
26,17,1.01022320e-04,1.11447829e-04,9.41296821e-06,17
26,18,9.84806175e-05,1.20945129e-04,1.32647765e-05,924
26,19,9.34314739e-05,1.12131078e-04,1.12481930e-05,8
26,20,1.13035851e-04,4.81628376e-05,1.22706870e-05,39
26,21,1.11076915e-04,4.79543232e-05,1.26480336e-05,78
26,22,8.60422515e-05,3.99751480e-05,1.54131394e-05,222
26,23,6.83269100e-05,1.32969915e-04,1.58288240e-05,606
26,24,8.45824688e-05,1.27038384e-05,1.60861146e-05,211
26,25,1.06594474e-04,4.58247814e-05,1.52646408e-05,47
26,26,1.25356877e-04,6.53455791e-05,1.91429790e-05,240
26,27,1.06990025e-04,1.07030755e-04,1.82318872e-05,103
26,28,1.26504921e-04,9.55030555e-05,2.13486273e-05,893
26,29,5.54001163e-05,2.37421591e-05,2.44406201e-05,468
26,30,1.35127520e-05,4.00191057e-05,2.53326034e-05,80
26,31,2.85783281e-05,1.03837832e-04,2.59652988e-05,170
26,32,1.01898848e-04,1.21090387e-04,2.53698472e-05,99
26,33,8.34170569e-05,6.70697846e-05,2.83450063e-05,2231
26,34,1.65324545e-05,7.83289433e-05,2.62093690e-05,295
26,35,1.28970409e-04,4.34087815e-05,2.57843767e-05,30
26,36,1.05927524e-04,3.76050557e-05,3.54210024e-05,1124
26,37,1.29595486e-04,5.40361216e-05,3.55438278e-05,449
26,38,1.06714346e-04,3.30018447e-05,3.54341100e-05,87
26,39,5.48481621e-05,8.57551204e-05,3.60258273e-05,92
26,40,2.66777406e-05,1.28656626e-04,3.74503761e-05,222
26,41,8.01534043e-05,5.32783670e-05,3.92601396e-05,325
26,42,5.81089698e-05,8.67251147e-05,4.04682614e-05,475
26,43,1.18304866e-04,3.77220895e-05,4.21232835e-05,1724
26,44,4.24836871e-05,1.32949004e-04,4.20223550e-05,863
26,45,5.96944046e-05,4.35645452e-05,4.16572184e-05,321
26,46,1.09361041e-04,2.32631319e-05,4.16211733e-05,49
26,47,2.67464075e-05,2.58948530e-05,4.20111246e-05,69
26,48,5.14840067e-05,6.43970779e-05,4.32592315e-05,99
26,49,2.08823603e-05,5.55327570e-05,4.43749668e-05,8
26,50,7.14718553e-05,5.32227532e-05,4.58190152e-05,166
26,51,7.68914106e-05,5.49940050e-05,4.63746692e-05,248
26,52,4.52630156e-05,1.05052677e-04,5.11308972e-05,1010
26,53,6.35902034e-05,1.26247702e-04,5.19146415e-05,1763
26,54,1.87513924e-05,7.07684812e-05,5.06721663e-05,132
26,55,1.14269613e-04,2.53313974e-05,5.17660992e-05,191
26,56,3.38276914e-05,9.01294843e-05,5.46617703e-05,1056
26,57,9.20091843e-05,1.18238335e-04,5.45061848e-05,257
26,58,5.03048832e-05,8.98361905e-05,5.41190275e-05,68
26,59,5.42358030e-05,1.11681056e-05,5.58759384e-05,129
26,60,1.16936224e-06,1.16535666e-04,5.73943107e-05,583
26,61,6.01314823e-05,6.04098605e-05,5.91588032e-05,285
26,62,5.71444507e-05,1.84338533e-05,6.04140259e-05,356
26,63,4.21011682e-05,1.18509997e-04,6.10066054e-05,281
26,64,3.84554878e-05,2.21585069e-05,6.08780974e-05,193
26,65,7.05861748e-05,6.45328764e-05,6.11838477e-05,182
26,66,6.89285225e-05,6.16265752e-05,6.21388172e-05,394
26,67,1.53885812e-05,9.89357941e-05,6.26932087e-05,821
26,68,6.70802401e-05,8.91143500e-05,6.27570917e-05,132
26,69,6.72508977e-05,9.93080030e-05,6.24411041e-05,321
26,70,1.07311891e-04,2.35339721e-05,6.23879387e-05,71
26,71,8.56014449e-05,6.10522620e-05,6.27757036e-05,207
27,1,1.13667666e-05,6.92082685e-05,0.00000000e+00,9
27,2,2.39676901e-05,7.44591016e-05,1.01966130e-07,29
27,3,8.79081490e-05,7.67482052e-05,1.50032054e-06,997
27,4,7.49100291e-05,7.96653476e-05,1.85232568e-06,1176
27,5,2.28826175e-05,8.28041666e-05,1.83010982e-07,57
27,6,5.36993357e-05,9.46959917e-05,5.10185885e-07,409
27,7,2.72250090e-05,1.11924994e-04,0.00000000e+00,3
27,8,2.77316813e-05,1.14923561e-04,5.72352462e-07,47
27,9,9.74185314e-05,1.20277095e-04,3.43110599e-07,291
27,10,2.76996161e-05,1.13323149e-04,7.19907530e-06,879
27,11,1.26687537e-05,6.84280894e-05,5.40006658e-06,248
27,12,2.62112262e-05,2.67407413e-05,7.13901318e-06,634
27,13,1.93741671e-05,1.14535767e-04,7.35109461e-06,650
27,14,2.24487085e-05,8.53352540e-05,7.57259886e-06,504
27,15,8.29813216e-05,9.07500071e-05,8.49999924e-06,2
27,16,1.01066813e-04,1.11422065e-04,9.43156101e-06,29
27,17,9.32430339e-05,1.11994843e-04,1.12898797e-05,86
27,18,1.13434791e-04,4.83759395e-05,1.24442677e-05,79
27,19,9.78393800e-05,1.21167934e-04,1.34049942e-05,494
27,20,6.80132507e-05,1.33334746e-04,1.57944924e-05,1041
27,21,8.63572495e-05,4.00098324e-05,1.50433752e-05,184
27,22,1.06653119e-04,4.57148344e-05,1.51725053e-05,38
27,23,8.43190355e-05,1.33113545e-05,1.66918471e-05,399
27,24,1.25542734e-04,6.49292924e-05,1.93694887e-05,254
27,25,1.07192049e-04,1.07746368e-04,1.82751719e-05,73
27,26,1.26487721e-04,9.55955911e-05,2.18414061e-05,1343
27,27,5.57474596e-05,2.39266174e-05,2.47827556e-05,520
27,28,1.01990561e-04,1.21263962e-04,2.51930633e-05,154
27,29,1.34945658e-05,4.00146637e-05,2.52241771e-05,58
27,30,1.28933345e-04,4.40014010e-05,2.56350340e-05,68
27,31,8.35188039e-05,6.70908121e-05,2.84169382e-05,2488
27,32,1.72043256e-05,7.86843812e-05,2.61229598e-05,227
27,33,2.87619769e-05,1.03916151e-04,2.60528232e-05,150
27,34,1.05961051e-04,3.75831914e-05,3.54164549e-05,1042
27,35,1.06375926e-04,3.30196963e-05,3.51655799e-05,170
27,36,1.29739085e-04,5.36715088e-05,3.57769750e-05,339
27,37,9.99352342e-05,1.12293428e-05,3.66314744e-05,30
27,38,5.47932759e-05,8.58343847e-05,3.61242746e-05,8
27,39,2.67129508e-05,1.28787462e-04,3.74576775e-05,383
27,40,7.97195607e-05,5.33540187e-05,3.92211186e-05,371
27,41,5.81483619e-05,8.67639392e-05,4.06132858e-05,722
27,42,1.18643969e-04,3.76480712e-05,4.18281415e-05,906
27,43,4.25771323e-05,1.32991263e-04,4.23253041e-05,1009
27,44,2.71595036e-05,2.57222255e-05,4.19677199e-05,379
27,45,5.90771488e-05,4.31348599e-05,4.18058844e-05,194
27,46,1.09316425e-04,2.32375860e-05,4.21814948e-05,47
27,47,5.14170533e-05,6.44571919e-05,4.31736116e-05,86
27,48,9.47184235e-05,7.11351367e-06,4.44344587e-05,15
27,49,2.09136379e-05,5.54126091e-05,4.44503567e-05,10
27,50,7.15091955e-05,5.31431069e-05,4.58457689e-05,165
27,51,7.70404804e-05,5.50330806e-05,4.64271761e-05,227
27,52,4.53815956e-05,1.05087944e-04,5.11175858e-05,1005
27,53,6.33715026e-05,1.25954466e-04,5.25542091e-05,2335
27,54,1.87799196e-05,7.08068110e-05,5.06554934e-05,154
27,55,1.14500319e-04,2.55706582e-05,5.16471082e-05,134
27,56,3.37578313e-05,9.00095838e-05,5.46622541e-05,1069
27,57,5.03020310e-05,8.97647842e-05,5.40000001e-05,6
27,58,9.16010104e-05,1.18132695e-04,5.46499541e-05,27
27,59,5.42349735e-05,1.10690607e-05,5.61548841e-05,16
27,60,1.42691886e-06,1.16503536e-04,5.77307183e-05,97
27,61,9.27592118e-05,1.13006136e-05,5.86244751e-05,70
27,62,5.98165570e-05,6.11037322e-05,5.90076888e-05,248
27,63,5.74984806e-05,1.80127099e-05,6.02726359e-05,212
27,64,4.17258088e-05,1.19095239e-04,6.08010523e-05,461
27,65,3.83879160e-05,2.28207282e-05,6.12146032e-05,256
27,66,6.99846569e-05,6.46281333e-05,6.14925739e-05,291
27,67,6.89552471e-05,6.15532626e-05,6.21021754e-05,377
27,68,1.50629503e-05,9.88231332e-05,6.26084875e-05,892
27,69,6.79543373e-05,9.90596018e-05,6.23706292e-05,478
27,70,6.72510578e-05,8.88307768e-05,6.26119436e-05,191
27,71,8.57344858e-05,6.10569768e-05,6.27784975e-05,217
27,72,1.06012507e-04,2.35125117e-05,6.25000102e-05,3
28,1,2.39559031e-05,7.44262798e-05,3.40599257e-07,163
28,2,8.81294618e-05,7.67038073e-05,1.31324600e-06,575
28,3,7.36615475e-05,8.00913695e-05,2.73521408e-07,29
28,4,7.50027175e-05,8.03406947e-05,2.16849048e-06,539
28,5,2.29328271e-05,8.29119163e-05,1.06183741e-07,14
28,6,5.35212748e-05,9.39102611e-05,4.63228417e-07,340
28,7,2.14499996e-05,1.14674993e-04,0.00000000e+00,1
28,8,9.94654329e-05,1.16982555e-04,3.98666145e-07,269
28,9,9.74943032e-05,1.20196026e-04,3.52221690e-07,317
28,10,1.29714854e-05,6.87230058e-05,5.57835574e-06,260
28,11,2.61901732e-05,2.66350762e-05,7.31925047e-06,706
28,12,1.93236629e-05,1.14510010e-04,7.29968178e-06,446
28,13,2.24901123e-05,8.54528480e-05,7.86997771e-06,440
28,14,2.85104234e-05,1.13759073e-04,8.08463665e-06,272
28,15,1.01067439e-04,1.11217531e-04,9.56024360e-06,75
28,16,9.31522591e-05,1.12036803e-04,1.13299211e-05,101
28,17,9.72165944e-05,1.21266137e-04,1.38834721e-05,942
28,18,1.13897695e-04,4.84238844e-05,1.22238362e-05,29
28,19,1.12199996e-04,4.79874980e-05,1.24999997e-05,1
28,20,6.77567223e-05,1.33719965e-04,1.52247267e-05,1111
28,21,8.70795338e-05,4.00892095e-05,1.54153477e-05,135
28,22,8.39742352e-05,1.39627018e-05,1.70918611e-05,335
28,23,1.07132902e-04,1.07678075e-04,1.82471085e-05,119
28,24,1.25978680e-04,6.45826804e-05,1.92212665e-05,217
28,25,1.26638857e-04,9.58056116e-05,2.23513071e-05,1397
28,26,5.59293949e-05,2.43012073e-05,2.51448691e-05,967
28,27,1.02021251e-04,1.21254518e-04,2.49324858e-05,145
28,28,1.36021490e-05,4.00476856e-05,2.52090267e-05,67
28,29,8.35061364e-05,6.70143418e-05,2.84010330e-05,2217
28,30,1.80155275e-05,7.91297498e-05,2.60388551e-05,243
28,31,2.88244028e-05,1.03955914e-04,2.60115048e-05,159
28,32,1.28974993e-04,4.46188023e-05,2.60000033e-05,2
28,33,1.06163723e-04,3.76333046e-05,3.53930445e-05,983
28,34,1.06118343e-04,3.31422525e-05,3.51374474e-05,371
28,35,1.29616616e-04,5.33440689e-05,3.61085476e-05,597
28,36,2.67014966e-05,1.28959480e-04,3.73844341e-05,427
28,37,9.99251934e-05,1.11292211e-05,3.67436987e-05,33
28,38,5.50002587e-05,8.59374995e-05,3.61239981e-05,4
28,39,7.93474610e-05,5.33789425e-05,3.94622948e-05,430
28,40,5.80363812e-05,8.68433999e-05,4.05958635e-05,665
28,41,1.18501695e-04,3.76700373e-05,4.13924354e-05,602
28,42,2.80196691e-05,2.55800041e-05,4.08454252e-05,65
28,43,4.25764811e-05,1.33091657e-04,4.21375225e-05,784
28,44,5.85166490e-05,4.27776758e-05,4.19971875e-05,226
28,45,1.09297580e-04,2.32544389e-05,4.22369885e-05,57
28,46,5.38883105e-05,2.84162197e-05,4.22932389e-05,12
28,47,5.15394240e-05,6.43500607e-05,4.32986744e-05,52
28,48,4.16717330e-06,1.02005353e-04,4.39505238e-05,49
28,49,9.48338711e-05,7.17682087e-06,4.44002108e-05,30
28,50,7.15983915e-05,5.29567915e-05,4.57834794e-05,132
28,51,7.70645274e-05,5.49926372e-05,4.64909026e-05,267
28,52,4.53853718e-05,1.05141000e-04,5.11505277e-05,1084
28,53,1.88643207e-05,7.09322412e-05,5.05727257e-05,242
28,54,6.32527881e-05,1.25838822e-04,5.33833190e-05,2564
28,55,1.14679598e-04,2.55871037e-05,5.15855900e-05,100
28,56,1.38809221e-04,3.96877767e-05,5.30773432e-05,104
28,57,3.37340352e-05,9.00795712e-05,5.46631272e-05,1028
28,58,5.41938243e-05,1.08342283e-05,5.64977745e-05,167
28,59,1.52293160e-06,1.16683230e-04,5.80091946e-05,293
28,60,5.95665369e-05,6.16690595e-05,5.91014832e-05,242
28,61,4.14453752e-05,1.19824523e-04,6.04986344e-05,176
28,62,5.75226768e-05,1.78766823e-05,6.01919601e-05,201
28,63,6.92663962e-05,6.48651912e-05,6.10213647e-05,286
28,64,3.84457380e-05,2.36986889e-05,6.16134566e-05,369
28,65,6.89157023e-05,6.16388716e-05,6.21946456e-05,427
28,66,1.45227350e-05,9.85954466e-05,6.23637825e-05,689
28,67,6.86304338e-05,9.84488943e-05,6.21841828e-05,357
28,68,6.72719252e-05,8.85696863e-05,6.25977991e-05,209
28,69,1.06237698e-04,2.36095966e-05,6.23892047e-05,27
28,70,4.92775143e-05,1.37155832e-04,6.25357497e-05,141
28,71,1.05256368e-04,2.30999995e-05,6.25000030e-05,2
28,72,8.55208054e-05,6.09946655e-05,6.27794943e-05,145
29,1,1.45651693e-05,6.81901438e-05,1.06266242e-07,14
29,2,1.26544237e-05,7.07081053e-05,1.96702928e-07,63
29,3,2.37391050e-05,7.45766592e-05,5.80734365e-07,460
29,4,8.81489250e-05,7.66248413e-05,1.32523735e-06,664
29,5,7.45192592e-05,8.11835198e-05,1.91590493e-06,1127
29,6,2.29469406e-05,8.29190903e-05,1.92329324e-07,36
29,7,5.36418629e-05,9.31237155e-05,4.68195083e-07,292
29,8,9.76074734e-05,1.20205361e-04,3.38547039e-07,229
29,9,1.36482895e-05,6.93139227e-05,5.83968131e-06,279
29,10,1.92170883e-05,1.14668597e-04,7.15286569e-06,391
29,11,2.61969071e-05,2.66517636e-05,7.46610203e-06,358
29,12,2.95319023e-05,1.14024602e-04,7.87089084e-06,366
29,13,2.25650620e-05,8.54257742e-05,8.00315047e-06,468
29,14,1.01176796e-04,1.11308182e-04,9.72958969e-06,37
29,15,9.31803806e-05,1.12144873e-04,1.12482985e-05,120
29,16,1.14004317e-04,4.86293175e-05,1.23420114e-05,190
29,17,9.64725696e-05,1.21347235e-04,1.42344961e-05,780
29,18,6.73521936e-05,1.34250877e-04,1.43544958e-05,805
29,19,8.78084393e-05,4.04053535e-05,1.50860851e-05,125
29,20,1.06598207e-04,4.57218048e-05,1.53907222e-05,23
29,21,8.36276013e-05,1.44243377e-05,1.71831125e-05,375
29,22,1.26292391e-04,6.40425569e-05,1.89932944e-05,159
29,23,1.07183907e-04,1.07314525e-04,1.83065295e-05,98
29,24,1.26736282e-04,9.58855235e-05,2.26058874e-05,1047
29,25,5.62189634e-05,2.47528369e-05,2.52653372e-05,623
29,26,1.02075435e-04,1.21051977e-04,2.47391818e-05,122
29,27,1.36608787e-05,4.01822144e-05,2.51466554e-05,17
29,28,1.29085427e-04,4.57754250e-05,2.53614035e-05,69
29,29,1.86055149e-05,7.93732834e-05,2.59162443e-05,236
29,30,8.35330429e-05,6.70647569e-05,2.83439804e-05,1542
29,31,2.87763378e-05,1.03944920e-04,2.60880479e-05,28
29,32,1.06016974e-04,3.29761751e-05,3.52183779e-05,577
29,33,1.06231855e-04,3.76576427e-05,3.54149233e-05,913
29,34,1.29542081e-04,5.32257764e-05,3.62041937e-05,473
29,35,2.67063260e-05,1.29005202e-04,3.73239236e-05,455
29,36,5.51377125e-05,8.60747459e-05,3.60000049e-05,5
29,37,5.55499973e-05,8.60750006e-05,3.60000013e-05,1
29,38,1.18681033e-04,3.74712472e-05,4.10287357e-05,1451
29,39,7.87624813e-05,5.34705650e-05,3.98559605e-05,320
29,40,5.81047098e-05,8.67898489e-05,4.05859173e-05,642
29,41,2.83881072e-05,2.52890095e-05,4.07592051e-05,522
29,42,4.26797960e-05,1.33127454e-04,4.18519485e-05,662
29,43,5.78027139e-05,4.23955571e-05,4.22278245e-05,233
29,44,1.09447050e-04,2.33619357e-05,4.21122822e-05,75
29,45,5.38126224e-05,2.83504705e-05,4.22728590e-05,11
29,46,5.17516746e-05,6.43047460e-05,4.35039437e-05,121
29,47,9.47430599e-05,7.24001393e-06,4.44139041e-05,23
29,48,7.16463182e-05,5.29017707e-05,4.61247218e-05,224
29,49,7.71718987e-05,5.50528894e-05,4.64016011e-05,414
29,50,6.32966330e-05,1.25523846e-04,5.26018121e-05,4736
29,51,4.54453839e-05,1.05025334e-04,5.11522849e-05,1202
29,52,1.90766095e-05,7.08457519e-05,5.05482021e-05,269
29,53,1.14565191e-04,2.54237748e-05,5.16580330e-05,212
29,54,3.38380232e-05,9.01689709e-05,5.45384719e-05,686
29,55,5.03250012e-05,8.97186401e-05,5.40000037e-05,2
29,56,9.20916864e-05,1.18140008e-04,5.51675257e-05,51
29,57,5.43405513e-05,1.09365810e-05,5.62474088e-05,112
29,58,1.77146728e-06,1.16665753e-04,5.81298882e-05,581
29,59,5.91631106e-05,6.24916211e-05,5.93406548e-05,208
29,60,6.85391569e-05,6.48918649e-05,6.07589027e-05,428
29,61,4.09934437e-05,1.20352175e-04,6.05711757e-05,317
29,62,5.67535026e-05,1.80564220e-05,6.00409476e-05,50
29,63,5.83917717e-05,1.71416177e-05,6.00000021e-05,3
29,64,6.88036016e-05,6.16822144e-05,6.22395310e-05,421
29,65,6.92524045e-05,9.81618286e-05,6.20271749e-05,445
29,66,1.44190508e-05,9.84312937e-05,6.23208616e-05,607
29,67,3.82598664e-05,2.47804419e-05,6.17762125e-05,92
29,68,6.71791931e-05,8.82948225e-05,6.28088383e-05,211
29,69,1.04807470e-04,2.35285006e-05,6.22655280e-05,17
29,70,8.54466489e-05,6.09804592e-05,6.27193804e-05,114
30,1,1.28967577e-05,7.11265748e-05,2.72937882e-07,85
30,2,2.36562955e-05,7.45251964e-05,5.74233638e-07,446
30,3,8.79118161e-05,7.67806778e-05,1.46926379e-06,917
30,4,7.30997490e-05,8.14623927e-05,3.31896018e-07,64
30,5,7.46218138e-05,8.17626860e-05,2.20716697e-06,538
30,6,2.29415127e-05,8.27214681e-05,3.04107459e-07,97
30,7,5.39159773e-05,9.20855018e-05,3.97944433e-07,144
30,8,1.03453225e-04,1.09048517e-04,0.00000000e+00,13
30,9,9.95757582e-05,1.16926640e-04,0.00000000e+00,16
30,10,9.77177842e-05,1.20123790e-04,9.33012103e-08,58
30,11,1.39964377e-05,6.97783471e-05,6.08003893e-06,179
30,12,2.25026324e-05,8.53569873e-05,7.92623086e-06,541
30,13,1.93407104e-05,1.14522118e-04,7.63832031e-06,278
30,14,2.61266359e-05,2.66800780e-05,7.62361606e-06,191
30,15,3.02586886e-05,1.14303584e-04,7.94669359e-06,257
30,16,1.01319034e-04,1.11400223e-04,9.77694435e-06,38
30,17,9.29370362e-05,1.12071561e-04,1.10850369e-05,75
30,18,1.14743794e-04,4.88271289e-05,1.19658334e-05,70
30,19,6.71386442e-05,1.34858929e-04,1.37154475e-05,422
30,20,9.58673045e-05,1.21386867e-04,1.48226527e-05,447
30,21,8.85407935e-05,4.05584215e-05,1.51173845e-05,157
30,22,1.06523294e-04,4.56565431e-05,1.52620487e-05,21
30,23,8.34122693e-05,1.48655454e-05,1.74681227e-05,351
30,24,1.07209911e-04,1.07107175e-04,1.82724798e-05,103
30,25,1.26711719e-04,6.33868040e-05,1.89706716e-05,238
30,26,1.26869316e-04,9.59638201e-05,2.30285023e-05,1462
30,27,5.66809249e-05,2.51365964e-05,2.56741532e-05,904
30,28,1.02085141e-04,1.20825665e-04,2.45893680e-05,34
30,29,1.29101216e-04,4.64119512e-05,2.51909096e-05,127
30,30,1.91678682e-05,7.98615947e-05,2.58610980e-05,165
30,31,8.36393738e-05,6.70735608e-05,2.84078942e-05,1442
30,32,2.86689592e-05,1.03950006e-04,2.60000015e-05,2
30,33,1.26708241e-04,9.06010155e-06,2.78184834e-05,36
30,34,1.05964711e-04,3.28972819e-05,3.51546842e-05,480
30,35,1.06366046e-04,3.77196811e-05,3.53775213e-05,1003
30,36,1.29648237e-04,5.30163852e-05,3.67922439e-05,347
30,37,2.66186325e-05,1.29085442e-04,3.72739632e-05,510
30,38,5.51926823e-05,8.59654392e-05,3.60000013e-05,5
30,39,5.56048981e-05,8.61024746e-05,3.60000013e-05,5
30,40,1.18860211e-04,3.71622737e-05,4.08713931e-05,1061
30,41,7.80609407e-05,5.35588406e-05,4.01533034e-05,362
30,42,5.79959924e-05,8.66686241e-05,4.05605424e-05,601
30,43,2.87977637e-05,2.50853391e-05,4.01587749e-05,86
30,44,4.26345396e-05,1.33341920e-04,4.19689641e-05,535
30,45,1.09605207e-04,2.35083189e-05,4.17962692e-05,32
30,46,5.37414198e-05,2.82441924e-05,4.22499506e-05,46
30,47,5.69329168e-05,4.19006574e-05,4.22839075e-05,206
30,48,5.04807576e-06,1.01347883e-04,4.36850351e-05,282
30,49,5.17058943e-05,6.40028666e-05,4.36616538e-05,138
30,50,7.73482898e-05,5.49647048e-05,4.60536830e-05,542
30,51,7.16334980e-05,5.29069512e-05,4.61724849e-05,192
30,52,6.30887080e-05,1.25376027e-04,5.24575262e-05,4761
30,53,4.53563225e-05,1.05146886e-04,5.11761136e-05,1205
30,54,1.90671253e-05,7.08273510e-05,5.06727920e-05,308
30,55,1.14625211e-04,2.52547325e-05,5.15364954e-05,96
30,56,1.38707983e-04,3.93153823e-05,5.23567505e-05,14
30,57,3.38366881e-05,9.02044267e-05,5.44812647e-05,753
30,58,9.25952409e-05,1.17891097e-04,5.53838290e-05,567
30,59,5.43300230e-05,1.07757478e-05,5.62472560e-05,95
30,60,2.06607206e-06,1.16609299e-04,5.83907131e-05,300
30,61,5.88460680e-05,6.31966832e-05,5.91057615e-05,270
30,62,4.06295185e-05,1.21134050e-04,6.02641594e-05,419
30,63,5.88773182e-05,1.69541108e-05,5.93990699e-05,20
30,64,5.70436168e-05,1.74723682e-05,5.98949191e-05,71
30,65,6.79463847e-05,6.50529691e-05,6.03964691e-05,260
30,66,6.87524807e-05,6.17417390e-05,6.24061213e-05,460
30,67,6.98588556e-05,9.77379532e-05,6.16122416e-05,457
30,68,1.04630977e-04,2.37196091e-05,6.18481354e-05,88
30,69,1.40468228e-05,9.80655896e-05,6.25051398e-05,447
30,70,3.78049444e-05,2.55067571e-05,6.19603379e-05,110
30,71,6.70839072e-05,8.81174637e-05,6.27292320e-05,190
30,72,8.58512722e-05,6.09467425e-05,6.27054469e-05,66
30,73,4.94269880e-05,1.35371069e-04,6.29093338e-05,164
31,1,1.38708365e-05,7.18851879e-05,3.53400310e-07,133
31,2,2.37210297e-05,7.46263031e-05,5.14468866e-07,384
31,3,8.79005092e-05,7.67477541e-05,1.49263258e-06,1066
31,4,7.39413808e-05,8.22467846e-05,1.87806904e-06,742
31,5,2.32374987e-05,8.27749973e-05,0.00000000e+00,1
31,6,2.33123392e-05,8.31501748e-05,9.02549715e-08,11
31,7,5.40397159e-05,9.13340700e-05,4.61952624e-07,190
31,8,1.03125167e-04,1.08212720e-04,0.00000000e+00,7
31,9,1.03124956e-04,1.08762899e-04,0.00000000e+00,13
31,10,9.93139693e-05,1.17120428e-04,3.12553738e-07,183
31,11,9.76929805e-05,1.19286051e-04,2.15596543e-07,105
31,12,1.45646482e-05,7.02832840e-05,6.12296253e-06,167
31,13,2.25023123e-05,8.54334576e-05,7.58741271e-06,543
31,14,1.92809894e-05,1.14520612e-04,7.81352628e-06,469
31,15,3.13707351e-05,1.14727394e-04,7.88545276e-06,284
31,16,2.61467485e-05,2.66717088e-05,7.92980063e-06,156
31,17,1.01550286e-04,1.11196103e-04,9.84241342e-06,113
31,18,9.29068337e-05,1.12126065e-04,1.08617187e-05,135
31,19,6.67581844e-05,1.35277543e-04,1.31033266e-05,555
31,20,1.15328694e-04,4.89362756e-05,1.19749802e-05,20
31,21,1.13478694e-04,4.83588119e-05,1.24999997e-05,10
31,22,9.53309354e-05,1.21648460e-04,1.54527625e-05,1264
31,23,8.92940079e-05,4.05635401e-05,1.53772053e-05,134
31,24,8.31724392e-05,1.52622051e-05,1.81087235e-05,174
31,25,1.27057428e-04,6.31084185e-05,1.87382193e-05,266
31,26,1.07312466e-04,1.07264503e-04,1.83149150e-05,57
31,27,1.27095002e-04,9.60366524e-05,2.34835607e-05,1179
31,28,5.69355398e-05,2.56026724e-05,2.57717584e-05,842
31,29,1.02167258e-04,1.20901532e-04,2.46991422e-05,60
31,30,1.28989021e-04,4.68826547e-05,2.51782203e-05,39
31,31,1.98713042e-05,8.03339135e-05,2.56551011e-05,274
31,32,2.86464547e-05,1.03835155e-04,2.59175977e-05,6
31,33,8.36546678e-05,6.70955997e-05,2.82837445e-05,1279
31,34,1.26028521e-04,9.25360109e-06,2.75076600e-05,64
31,35,1.06411848e-04,3.77783908e-05,3.54155600e-05,897
31,36,1.05916006e-04,3.28468668e-05,3.51383023e-05,206
31,37,1.29357024e-04,5.26724216e-05,3.73446310e-05,715
31,38,5.51621597e-05,8.58654239e-05,3.60742524e-05,67
31,39,2.66297830e-05,1.29014734e-04,3.74930605e-05,464
31,40,2.93451667e-05,2.46916061e-05,3.99000528e-05,685
31,41,5.81366658e-05,8.67566268e-05,4.05415922e-05,630
31,42,1.19020828e-04,3.72900868e-05,4.04280290e-05,363
31,43,7.76948364e-05,5.36506050e-05,4.02333899e-05,233
31,44,4.27153900e-05,1.33303605e-04,4.22561243e-05,888
31,45,1.09543478e-04,2.34408708e-05,4.14400638e-05,25
31,46,5.62528985e-05,4.14187598e-05,4.22723169e-05,185
31,47,5.19176174e-05,6.39839491e-05,4.34295289e-05,194
31,48,7.72411804e-05,5.49753750e-05,4.59851217e-05,415
31,49,7.16975846e-05,5.30286597e-05,4.61301424e-05,130
31,50,6.30805953e-05,1.25072067e-04,5.23367562e-05,4220
31,51,4.54770088e-05,1.05201296e-04,5.11771468e-05,1336
31,52,1.91843701e-05,7.08133521e-05,5.06669203e-05,247
31,53,1.14578637e-04,2.54978240e-05,5.14116691e-05,126
31,54,3.39546968e-05,9.02945103e-05,5.45160146e-05,709
31,55,5.02467628e-05,8.95646153e-05,5.39872271e-05,40
31,56,9.26647845e-05,1.17893542e-04,5.56378909e-05,548
31,57,5.44997056e-05,1.08683580e-05,5.62329915e-05,122
31,58,1.32068555e-04,1.44834548e-05,5.76661987e-05,6
31,59,2.10214398e-06,1.16477517e-04,5.87666837e-05,66
31,60,5.81673521e-05,1.72129403e-05,5.96388272e-05,319
31,61,5.82246939e-05,6.41527149e-05,5.93154982e-05,147
31,62,4.02069054e-05,1.21617057e-04,6.01458341e-05,236
31,63,6.72578026e-05,6.51895680e-05,6.01992906e-05,236
31,64,7.03209225e-05,9.72930866e-05,6.18683844e-05,469
31,65,3.71572532e-05,2.60550059e-05,6.21127765e-05,228
31,66,6.87322608e-05,6.18020495e-05,6.25067332e-05,420
31,67,1.36600993e-05,9.77991076e-05,6.24231907e-05,445
31,68,6.69083092e-05,8.79461659e-05,6.28775524e-05,222
31,69,8.62163506e-05,6.08918454e-05,6.28595444e-05,61
31,70,4.94725136e-05,1.34491565e-04,6.27350164e-05,142
31,71,1.59499232e-05,9.84500002e-05,6.25000030e-05,3
32,1,1.40242655e-05,7.17273724e-05,2.72738248e-07,83
32,2,2.36181713e-05,7.44492208e-05,6.10279926e-07,610
32,3,8.78338687e-05,7.66460071e-05,1.52490520e-06,1255
32,4,7.39283496e-05,8.28917691e-05,1.76405956e-06,1526
32,5,2.31720915e-05,8.42715090e-05,5.10507391e-07,357
32,6,5.42023845e-05,9.06967471e-05,4.48527885e-07,197
32,7,9.74581853e-05,1.20032375e-04,1.53998727e-07,61
32,8,1.53423807e-05,7.07997096e-05,5.93639925e-06,157
32,9,2.25575986e-05,8.54315658e-05,7.54099392e-06,795
32,10,2.63728125e-05,2.67393862e-05,7.63560001e-06,313
32,11,1.92446678e-05,1.14498216e-04,7.87573390e-06,298
32,12,3.21491680e-05,1.14929950e-04,8.10775418e-06,256
32,13,8.30225617e-05,9.03003674e-05,8.61860372e-06,56
32,14,1.01543847e-04,1.11191854e-04,9.66650714e-06,6
32,15,6.62109960e-05,1.35774942e-04,1.24302887e-05,823
32,16,1.15070427e-04,4.90120256e-05,1.18755261e-05,273
32,17,9.30495225e-05,1.12025482e-04,1.11747850e-05,59
32,18,9.48307061e-05,1.21951394e-04,1.58916209e-05,625
32,19,8.99610604e-05,4.06453582e-05,1.52909452e-05,112
32,20,8.30623612e-05,1.56347396e-05,1.87486476e-05,282
32,21,1.27277614e-04,6.26132023e-05,1.87232163e-05,238
32,22,1.07128551e-04,1.07199689e-04,1.83410139e-05,50
32,23,1.27141670e-04,9.62398990e-05,2.37868480e-05,1258
32,24,2.02917909e-05,8.06615499e-05,2.55498035e-05,392
32,25,1.02214850e-04,1.20917495e-04,2.49011573e-05,97
32,26,5.73676152e-05,2.58904838e-05,2.60215947e-05,628
32,27,1.28996631e-04,4.80275921e-05,2.55280629e-05,70
32,28,8.36396648e-05,6.70441805e-05,2.82782294e-05,1287
32,29,2.88747033e-05,1.03949991e-04,2.59999979e-05,3
32,30,1.25891936e-04,9.26545636e-06,2.72835005e-05,83
32,31,1.05713720e-04,3.29495451e-05,3.45299341e-05,199
32,32,1.06376770e-04,3.77810829e-05,3.51903545e-05,770
32,33,5.51421435e-05,8.57158229e-05,3.60400300e-05,243
32,34,1.29355321e-04,5.25952273e-05,3.77059005e-05,482
32,35,2.67050855e-05,1.28856089e-04,3.77103825e-05,434
32,36,3.00764859e-05,2.46519849e-05,3.92598777e-05,75
32,37,1.18822667e-04,3.71083697e-05,4.02078040e-05,485
32,38,5.81967906e-05,8.68257121e-05,4.06884792e-05,653
32,39,7.72778658e-05,5.37239939e-05,4.04524908e-05,410
32,40,4.27737286e-05,1.33377966e-04,4.25949402e-05,1056
32,41,6.06669664e-06,1.00666912e-04,4.30565560e-05,730
32,42,1.09558699e-04,2.33339852e-05,4.16939693e-05,44
32,43,5.37509513e-05,2.83326954e-05,4.17209412e-05,36
32,44,5.54635517e-05,4.09996428e-05,4.22710000e-05,194
32,45,5.17894150e-05,6.39238497e-05,4.32802881e-05,187
32,46,1.41348146e-05,5.38544045e-05,4.52240820e-05,209
32,47,7.72829007e-05,5.49926481e-05,4.62027492e-05,532
32,48,7.18319789e-05,5.29884928e-05,4.60715055e-05,238
32,49,2.99813328e-05,2.13260173e-05,4.66737511e-05,20
32,50,6.30355062e-05,1.24994302e-04,5.28722521e-05,2786
32,51,1.91655054e-05,7.08459120e-05,5.05041498e-05,253
32,52,4.54059882e-05,1.05207218e-04,5.12043298e-05,847
32,53,1.14659328e-04,2.55696341e-05,5.13184132e-05,113
32,54,3.40303995e-05,9.03413238e-05,5.45649564e-05,944
32,55,9.27525180e-05,1.17873329e-04,5.54447361e-05,424
32,56,5.02851653e-05,8.95992416e-05,5.42564958e-05,41
32,57,5.45236508e-05,1.09456687e-05,5.59625805e-05,165
32,58,2.20756897e-06,1.16598509e-04,5.91928438e-05,352
32,59,5.78161489e-05,6.49060967e-05,5.93506993e-05,344
32,60,5.86197821e-05,1.70472758e-05,5.96657483e-05,448
32,61,6.64937470e-05,6.52030940e-05,5.98289807e-05,293
32,62,3.95898605e-05,1.22342331e-04,5.99228806e-05,117
32,63,7.09461892e-05,9.71545232e-05,6.17051046e-05,568
32,64,6.86152416e-05,6.18388513e-05,6.25003959e-05,412
32,65,1.36955432e-05,9.76424708e-05,6.24009190e-05,444
32,66,3.63969302e-05,2.64184000e-05,6.22889056e-05,228
32,67,6.67360073e-05,8.76945051e-05,6.27648624e-05,244
32,68,4.95612876e-05,1.33765105e-04,6.26149558e-05,269
32,69,1.04775245e-04,2.40232366e-05,6.24283493e-05,7
32,70,3.83115766e-05,1.30812259e-04,6.26617621e-05,136
32,71,8.64988688e-05,6.07788970e-05,6.30433497e-05,72
32,72,1.60530544e-05,9.84271610e-05,6.26247856e-05,12
33,1,1.66731697e-05,6.98144868e-05,2.08386979e-07,31
33,2,1.49523312e-05,7.27999941e-05,2.96616633e-07,86
33,3,2.40335721e-05,7.44288045e-05,5.84639054e-07,358
33,4,8.79556610e-05,7.66513767e-05,1.52335735e-06,1065
33,5,7.38747403e-05,8.29570999e-05,1.66965140e-06,1571
33,6,2.33052724e-05,8.36715262e-05,5.85007911e-07,397
33,7,5.43125025e-05,8.93755860e-05,0.00000000e+00,3
33,8,1.01575701e-04,1.07855813e-04,2.48092903e-07,157
33,9,9.94475995e-05,1.17161260e-04,0.00000000e+00,24
33,10,9.74868381e-05,1.20231598e-04,3.10245525e-07,197
33,11,1.58258645e-05,7.13807167e-05,5.81360428e-06,306
33,12,2.62926405e-05,2.67884152e-05,7.50353092e-06,272
33,13,2.25217427e-05,8.53648162e-05,8.02782324e-06,731
33,14,1.93374162e-05,1.14374801e-04,7.64501692e-06,326
33,15,3.30314215e-05,1.14920629e-04,8.19026991e-06,205
33,16,8.28847551e-05,9.04200788e-05,8.50000015e-06,5
33,17,1.01399048e-04,1.11275411e-04,9.95525988e-06,11
33,18,6.59487778e-05,1.36262999e-04,1.19777114e-05,752
33,19,9.31088580e-05,1.12147296e-04,1.09613256e-05,13
33,20,1.14438357e-04,4.86598256e-05,1.16949486e-05,18
33,21,9.05033012e-05,4.04953716e-05,1.54099453e-05,76
33,22,1.06089901e-04,4.54639485e-05,1.51036702e-05,34
33,23,9.45220527e-05,1.22093043e-04,1.65159800e-05,633
33,24,8.28826451e-05,1.61898352e-05,1.93618962e-05,550
33,25,1.07334497e-04,1.08782006e-04,1.80658808e-05,54
33,26,1.27458654e-04,6.22282314e-05,1.88991435e-05,267
33,27,1.07112501e-04,1.07181200e-04,1.80000006e-05,2
33,28,1.27220992e-04,9.61327169e-05,2.41044854e-05,1573
33,29,1.02231650e-04,1.20825425e-04,2.48756533e-05,171
33,30,5.76400635e-05,2.62947524e-05,2.63992624e-05,819
33,31,1.28954285e-04,4.85683195e-05,2.51915153e-05,67
33,32,2.06942950e-05,8.10111960e-05,2.59004537e-05,513
33,33,8.36603504e-05,6.71534581e-05,2.84242615e-05,1293
33,34,1.25748789e-04,9.25488166e-06,2.72292964e-05,13
33,35,1.05360552e-04,3.28984097e-05,3.41974919e-05,440
33,36,1.06452608e-04,3.78106160e-05,3.54288495e-05,476
33,37,1.29198015e-04,5.24117495e-05,3.82379621e-05,732
33,38,5.51211015e-05,8.58509593e-05,3.63043546e-05,41
33,39,2.68615659e-05,1.28845029e-04,3.77800934e-05,271
33,40,1.18974865e-04,3.69594745e-05,3.96853611e-05,1659
33,41,3.02317931e-05,2.44135954e-05,3.91771900e-05,570
33,42,5.83702677e-05,8.68552743e-05,4.06959480e-05,858
33,43,7.67042802e-05,5.38559143e-05,4.05107457e-05,328
33,44,4.27215964e-05,1.33331647e-04,4.25637409e-05,961
33,45,1.09597706e-04,2.34104391e-05,4.14973692e-05,131
33,46,6.51432538e-06,1.00674129e-04,4.23873753e-05,112
33,47,5.38200620e-05,2.82897745e-05,4.19507887e-05,31
33,48,5.48590469e-05,4.06244944e-05,4.23720412e-05,198
33,49,5.17884728e-05,6.38525307e-05,4.34884641e-05,261
33,50,1.41828705e-05,5.37920532e-05,4.51853812e-05,195
33,51,7.70371189e-05,5.49742290e-05,4.62209828e-05,474
33,52,7.19211312e-05,5.27778393e-05,4.61743293e-05,171
33,53,3.00662014e-05,2.14444826e-05,4.72051252e-05,51
33,54,1.92619682e-05,7.08853549e-05,5.04722775e-05,285
33,55,6.15854151e-05,1.26019615e-04,5.00643546e-05,369
33,56,4.54728361e-05,1.05251915e-04,5.14081294e-05,647
33,57,1.14434013e-04,2.55494288e-05,5.15616921e-05,214
33,58,1.37884796e-04,3.83612896e-05,5.13854066e-05,101
33,59,3.40998158e-05,9.01711246e-05,5.46471929e-05,949
33,60,6.34524185e-05,1.24335609e-04,5.51342564e-05,651
33,61,9.27972724e-05,1.17821168e-04,5.52164565e-05,339
33,62,5.43910064e-05,1.08564618e-05,5.60550907e-05,256
33,63,2.52209384e-06,1.16549090e-04,5.94599442e-05,627
33,64,9.26935027e-05,1.09098846e-05,5.87295945e-05,52
33,65,6.58508798e-05,6.51657028e-05,5.94576595e-05,292
33,66,5.74614933e-05,6.55675249e-05,5.92782490e-05,236
33,67,5.89478514e-05,1.68005517e-05,5.96314130e-05,314
33,68,3.91902468e-05,1.23104124e-04,6.01140091e-05,406
33,69,7.15119531e-05,9.65666259e-05,6.15922982e-05,370
33,70,6.86338462e-05,6.18616396e-05,6.26077890e-05,420
33,71,6.65566331e-05,8.75352707e-05,6.21384315e-05,101
33,72,1.39010453e-05,9.75107178e-05,6.25844768e-05,346
33,73,4.94651831e-05,1.32605768e-04,6.27091358e-05,311
33,74,3.53052965e-05,2.67933792e-05,6.24511231e-05,51
33,75,1.59653737e-05,9.84208818e-05,6.26961919e-05,28
33,76,8.68313218e-05,6.06604590e-05,6.31658404e-05,12
34,1,1.76459416e-05,7.02168618e-05,0.00000000e+00,3
34,2,1.52434859e-05,7.28745363e-05,4.08519014e-07,186
34,3,2.41926082e-05,7.46082369e-05,5.12930797e-07,237
34,4,8.80144216e-05,7.66286539e-05,1.54591498e-06,1089
34,5,2.34047784e-05,8.33973390e-05,7.93386391e-07,586
34,6,7.38082963e-05,8.28661141e-05,1.51269478e-06,1367
34,7,5.43124988e-05,8.88249997e-05,0.00000000e+00,1
34,8,1.01176578e-04,1.08153450e-04,0.00000000e+00,23
34,9,1.01612495e-04,1.07937500e-04,0.00000000e+00,1
34,10,9.94826914e-05,1.16766190e-04,2.05791110e-07,96
34,11,9.76760130e-05,1.20570054e-04,4.21950517e-07,344
34,12,1.02162514e-04,1.08350003e-04,3.74939464e-06,2
34,13,2.61390778e-05,2.65797898e-05,6.98435224e-06,584
34,14,1.63962286e-05,7.17397052e-05,5.81468657e-06,448
34,15,2.26417960e-05,8.52823578e-05,8.24246308e-06,764
34,16,1.94630629e-05,1.14397219e-04,7.93672734e-06,97
34,17,3.40797051e-05,1.15069553e-04,8.42526970e-06,281
34,18,1.01412552e-04,1.11775218e-04,7.81816834e-06,11
34,19,6.56588963e-05,1.36561983e-04,1.14491359e-05,668
34,20,1.15933835e-04,4.93134248e-05,1.15076991e-05,121
34,21,9.32090843e-05,1.12417045e-04,1.12556663e-05,45
34,22,9.40911195e-05,1.22407364e-04,1.65240035e-05,1080
34,23,1.06042084e-04,4.54717228e-05,1.51538043e-05,84
34,24,9.13470285e-05,4.06066501e-05,1.56068018e-05,144
34,25,8.28509583e-05,1.65756755e-05,1.95453813e-05,451
34,26,1.07230808e-04,1.08473214e-04,1.82067288e-05,107
34,27,1.27745792e-04,6.18864142e-05,1.88457325e-05,239
34,28,1.27218489e-04,9.61802216e-05,2.46086456e-05,1292
34,29,1.02283862e-04,1.20956523e-04,2.47810895e-05,156
34,30,2.09826594e-05,8.13419392e-05,2.58457076e-05,447
34,31,5.78904474e-05,2.67493924e-05,2.68127260e-05,776
34,32,8.37886546e-05,6.71231683e-05,2.82818728e-05,1089
34,33,1.05194813e-04,3.26912195e-05,3.39037979e-05,683
34,34,1.06509280e-04,3.78845543e-05,3.53945252e-05,627
34,35,1.29015607e-04,5.23059389e-05,3.82609469e-05,820
34,36,9.99401818e-05,1.16297506e-05,3.69741283e-05,19
34,37,5.52295751e-05,8.60909859e-05,3.60000013e-05,9
34,38,2.70359651e-05,1.28901011e-04,3.78572186e-05,342
34,39,1.19194774e-04,3.68567016e-05,3.92052825e-05,696
34,40,3.09827046e-05,2.43369686e-05,3.86518732e-05,240
34,41,5.86401948e-05,8.71443117e-05,4.05326464e-05,1230
34,42,7.62307172e-05,5.39132525e-05,4.06015170e-05,373
34,43,4.26987135e-05,1.33301291e-04,4.22419835e-05,718
34,44,1.09657165e-04,2.32412112e-05,4.17337578e-05,81
34,45,5.39225039e-05,2.83783684e-05,4.19574862e-05,113
34,46,7.07217214e-06,1.00079982e-04,4.27644591e-05,526
34,47,5.40293840e-05,4.00871177e-05,4.22810008e-05,214
34,48,5.17605004e-05,6.38852798e-05,4.35641705e-05,342
34,49,1.42330937e-05,5.37166670e-05,4.50771804e-05,221
34,50,7.70014740e-05,5.49859906e-05,4.65278499e-05,487
34,51,7.18459924e-05,5.28667697e-05,4.60476549e-05,289
34,52,9.45268475e-05,1.13859926e-06,4.64644399e-05,69
34,53,2.99546591e-05,2.15293330e-05,4.68239086e-05,68
34,54,6.05296227e-05,1.26072322e-04,4.93000480e-05,529
34,55,1.93337346e-05,7.09559099e-05,5.06146025e-05,416
34,56,4.56665330e-05,1.05115112e-04,5.15345346e-05,658
34,57,1.14508541e-04,2.55283467e-05,5.16018044e-05,240
34,58,3.40357001e-05,9.01136082e-05,5.47079835e-05,1018
34,59,9.28050140e-05,1.17857497e-04,5.54914586e-05,439
34,60,6.35410397e-05,1.23867911e-04,5.57092280e-05,897
34,61,4.91441097e-05,8.86873968e-05,5.42356938e-05,17
34,62,5.44377799e-05,1.08383447e-05,5.62229980e-05,136
34,63,6.53424795e-05,6.50772417e-05,5.88990879e-05,371
34,64,5.71411510e-05,6.63316678e-05,5.90503150e-05,222
34,65,2.69232351e-06,1.16450232e-04,5.96864411e-05,343
34,66,5.96480168e-05,1.56984934e-05,5.94379053e-05,89
34,67,5.86406968e-05,1.71519805e-05,5.93492041e-05,23
34,68,3.88921435e-05,1.23945385e-04,5.99842933e-05,62
34,69,7.22007244e-05,9.63170824e-05,6.14767123e-05,391
34,70,6.86253261e-05,6.18642953e-05,6.26321125e-05,440
34,71,1.40282245e-05,9.74181676e-05,6.26610636e-05,260
34,72,3.81624013e-05,1.31211971e-04,6.24345412e-05,91
34,73,4.94186606e-05,1.31654640e-04,6.25015527e-05,249
34,74,3.42439744e-05,2.65714370e-05,6.22931620e-05,41
34,75,6.61977683e-05,8.74745092e-05,6.27209956e-05,110
34,76,1.01963757e-04,2.46586151e-05,6.27216432e-05,9
34,77,8.72496239e-05,6.06003778e-05,6.27740010e-05,11
34,78,1.59503361e-05,9.83814170e-05,6.25000030e-05,4
35,1,1.58208950e-05,7.34920832e-05,1.64821287e-07,33
35,2,2.40590925e-05,7.46862279e-05,6.61827642e-07,535
35,3,8.78885039e-05,7.67263627e-05,1.62899107e-06,1297
35,4,8.63499954e-05,7.64499637e-05,1.23954479e-07,4
35,5,7.37834198e-05,8.29249548e-05,1.48873232e-06,1190
35,6,2.36612796e-05,8.34193779e-05,5.73150487e-07,411
35,7,5.41406116e-05,8.74315883e-05,5.01410739e-07,144
35,8,1.22156256e-04,9.30733368e-05,2.16467569e-07,39
35,9,1.01221420e-04,1.07655280e-04,7.92048922e-07,842
35,10,9.96416784e-05,1.16799980e-04,1.80374244e-07,63
35,11,4.70249979e-05,1.19212324e-04,0.00000000e+00,3
35,12,9.76543306e-05,1.20610333e-04,3.35558838e-07,184
35,13,1.69020350e-05,7.23609846e-05,5.80523601e-06,307
35,14,2.62093181e-05,2.66624102e-05,6.63010269e-06,235
35,15,2.26200482e-05,8.53205929e-05,8.31701800e-06,836
35,16,1.93186333e-05,1.14390394e-04,7.73290230e-06,81
35,17,3.49523652e-05,1.15168972e-04,8.36079107e-06,296
35,18,1.01651705e-04,1.11355432e-04,9.75568764e-06,90
35,19,6.54360920e-05,1.36966555e-04,1.10142946e-05,390
35,20,1.17280935e-04,4.97836045e-05,1.10407509e-05,115
35,21,1.15586037e-04,4.93546395e-05,1.13623964e-05,88
35,22,9.30420865e-05,1.12241527e-04,1.12822745e-05,46
35,23,1.06012674e-04,4.54137626e-05,1.50043852e-05,86
35,24,9.21390019e-05,4.05562860e-05,1.54919690e-05,102
35,25,9.36442884e-05,1.22518890e-04,1.71807369e-05,512
35,26,1.07094565e-04,1.08324552e-04,1.83116736e-05,184
35,27,1.27860709e-04,6.15133104e-05,1.88308622e-05,208
35,28,8.26738760e-05,1.70173662e-05,1.99224796e-05,270
35,29,1.27340187e-04,9.62529884e-05,2.49381737e-05,1416
35,30,2.16284734e-05,8.16487664e-05,2.54835013e-05,438
35,31,1.02278464e-04,1.20815697e-04,2.46400141e-05,144
35,32,1.28683358e-04,5.02130279e-05,2.47389635e-05,97
35,33,5.82831963e-05,2.70991768e-05,2.71204135e-05,686
35,34,8.37847983e-05,6.71638045e-05,2.83050158e-05,1039
35,35,1.04985294e-04,3.25492583e-05,3.39190156e-05,650
35,36,1.06440653e-04,3.78500808e-05,3.52797470e-05,602
35,37,5.52750134e-05,8.60903165e-05,3.60548984e-05,18
35,38,1.28917251e-04,5.21753245e-05,3.85547974e-05,746
35,39,2.70505825e-05,1.28751053e-04,3.78090153e-05,321
35,40,9.98935284e-05,1.15500006e-05,3.67497778e-05,4
35,41,3.14558529e-05,2.40133195e-05,3.82892831e-05,292
35,42,1.19302982e-04,3.67017237e-05,3.88089938e-05,283
35,43,5.87090835e-05,8.73124518e-05,4.03988925e-05,1365
35,44,7.57600646e-05,5.39112807e-05,4.07943044e-05,303
35,45,4.26716324e-05,1.33476889e-04,4.26288425e-05,623
35,46,1.09718734e-04,2.33006085e-05,4.17458759e-05,110
35,47,7.56516738e-06,1.00016732e-04,4.22645826e-05,272
35,48,5.32241465e-05,3.98259435e-05,4.22699777e-05,246
35,49,5.18563502e-05,6.38457059e-05,4.35535585e-05,230
35,50,1.43051766e-05,5.36708867e-05,4.50739681e-05,75
35,51,7.17985313e-05,5.28907040e-05,4.59825678e-05,206
35,52,7.70731349e-05,5.49975775e-05,4.62742973e-05,150
35,53,2.98955019e-05,2.12618324e-05,4.64731966e-05,19
35,54,6.13417506e-05,1.25582403e-04,4.92040926e-05,104
35,55,5.94913472e-05,1.26286206e-04,4.87213692e-05,9
35,56,1.94070508e-05,7.10335080e-05,5.06674660e-05,302
35,57,4.57934220e-05,1.05136562e-04,5.14136736e-05,664
35,58,1.37475872e-04,3.76895587e-05,5.12956431e-05,56
35,59,1.14671151e-04,2.55967880e-05,5.17357730e-05,40
35,60,3.40073275e-05,9.01943786e-05,5.46671508e-05,1199
35,61,6.36344557e-05,1.23509992e-04,5.60653461e-05,892
35,62,9.28751033e-05,1.17801981e-04,5.54711914e-05,316
35,63,5.43084825e-05,1.06695034e-05,5.64968104e-05,182
35,64,6.47947090e-05,6.51387745e-05,5.85260241e-05,373
35,65,5.65737100e-05,6.72956521e-05,5.90457239e-05,149
35,66,3.87612927e-05,1.24811762e-04,5.97173712e-05,253
35,67,6.02479267e-05,1.55143880e-05,5.89999945e-05,6
35,68,5.86440401e-05,1.65000019e-05,5.90000018e-05,2
35,69,2.68978533e-06,1.16399504e-04,5.99281630e-05,118
35,70,7.28198720e-05,9.59025856e-05,6.12629010e-05,254
35,71,4.93453299e-05,1.30546803e-04,6.20748760e-05,348
35,72,6.85225095e-05,6.19869388e-05,6.26147084e-05,345
35,73,3.35066943e-05,2.63460479e-05,6.22196894e-05,171
35,74,6.60076112e-05,8.75301193e-05,6.27394766e-05,180
35,75,1.01919402e-04,2.47077514e-05,6.26654946e-05,60
35,76,1.42629278e-05,9.72664129e-05,6.31326620e-05,175
35,77,3.76724638e-05,1.32026529e-04,6.27450863e-05,51
35,78,9.76796291e-05,6.19026396e-05,6.27498448e-05,10
35,79,8.75597689e-05,6.04173729e-05,6.30000068e-05,5
36,1,1.62440756e-05,7.39307143e-05,1.80185651e-07,44
36,2,2.40262962e-05,7.46368096e-05,7.25397513e-07,521
36,3,8.78964420e-05,7.67011225e-05,1.58304897e-06,1050
36,4,8.63499954e-05,7.64500001e-05,0.00000000e+00,1
36,5,8.67624985e-05,7.65187433e-05,0.00000000e+00,2
36,6,7.39492170e-05,8.28368575e-05,1.51852714e-06,972
36,7,2.38100420e-05,8.31447614e-05,3.65256540e-07,185
36,8,5.42514572e-05,8.68943462e-05,3.84085951e-07,179
36,9,2.05374618e-05,8.68849093e-05,2.80678364e-07,55
36,10,5.51374942e-05,8.68997377e-05,0.00000000e+00,3
36,11,1.21389799e-04,9.37062723e-05,7.76289596e-07,268
36,12,1.01130063e-04,1.07656815e-04,3.25024018e-07,297
36,13,1.00168822e-04,1.08487504e-04,0.00000000e+00,2
36,14,9.96702220e-05,1.17081181e-04,0.00000000e+00,8
36,15,9.75802468e-05,1.20538578e-04,1.96885267e-07,83
36,16,1.72644977e-05,7.26638391e-05,5.64904713e-06,270
36,17,2.60676879e-05,2.65009421e-05,6.81788379e-06,118
36,18,1.93966389e-05,1.14171969e-04,7.74964701e-06,346
36,19,2.24993109e-05,8.51947989e-05,8.15696694e-06,629
36,20,3.58104007e-05,1.15243864e-04,8.64945196e-06,183
36,21,8.31113502e-05,9.03054824e-05,8.80707557e-06,47
36,22,6.49664580e-05,1.37324081e-04,1.00806728e-05,192
36,23,1.01481375e-04,1.11349946e-04,1.00681464e-05,58
36,24,1.17130861e-04,4.95828681e-05,1.12630887e-05,191
36,25,9.32938783e-05,1.12303016e-04,1.13751348e-05,4
36,26,9.29173548e-05,4.06770050e-05,1.54344852e-05,127
36,27,1.06081468e-04,4.54724723e-05,1.51339627e-05,52
36,28,9.31954928e-05,1.22870289e-04,1.76442427e-05,1102
36,29,1.07177009e-04,1.08890170e-04,1.82028798e-05,128
36,30,1.28082815e-04,6.10519637e-05,1.89661187e-05,171
36,31,8.25717143e-05,1.75839432e-05,2.05346223e-05,165
36,32,1.47124993e-05,2.43374998e-05,2.04999997e-05,1
36,33,1.27633801e-04,9.62552003e-05,2.53445687e-05,1735
36,34,1.28378000e-04,5.09561178e-05,2.40355475e-05,73
36,35,2.23111438e-05,8.18911649e-05,2.51494421e-05,274
36,36,1.02314742e-04,1.20875382e-04,2.45088922e-05,62
36,37,5.86791466e-05,2.74300201e-05,2.72291400e-05,1080
36,38,1.39562471e-05,4.02874975e-05,2.47514090e-05,4
36,39,8.38096094e-05,6.71956077e-05,2.83585250e-05,1216
36,40,1.05002749e-04,3.24319408e-05,3.38557438e-05,658
36,41,1.06359381e-04,3.77755932e-05,3.51568742e-05,237
36,42,3.19480168e-05,2.39468973e-05,3.78367331e-05,653
36,43,1.19300843e-04,3.62272149e-05,3.87596992e-05,1271
36,44,5.53884311e-05,8.61880326e-05,3.61456805e-05,17
36,45,1.28803338e-04,5.19691603e-05,3.90844398e-05,661
36,46,2.69209959e-05,1.28743253e-04,3.78983059e-05,312
36,47,5.88083240e-05,8.73331883e-05,4.04926177e-05,1372
36,48,7.49263636e-05,5.38158820e-05,4.06765030e-05,421
36,49,4.28530766e-05,1.33421636e-04,4.27307423e-05,753
36,50,1.09795677e-04,2.31677441e-05,4.18002201e-05,108
36,51,8.01810711e-06,9.96102244e-05,4.23003330e-05,379
36,52,5.25427022e-05,3.95099050e-05,4.22675330e-05,212
36,53,5.17778135e-05,6.39455902e-05,4.35122020e-05,179
36,54,1.44991773e-05,5.35301260e-05,4.49627332e-05,146
36,55,3.02056433e-05,2.12922660e-05,4.69944243e-05,319
36,56,7.18687807e-05,5.30219586e-05,4.61692107e-05,226
36,57,7.70746847e-05,5.50829864e-05,4.65379999e-05,129
36,58,5.91448152e-05,1.26126281e-04,4.82139949e-05,7
36,59,6.08767332e-05,1.26286453e-04,4.94946144e-05,94
36,60,1.94489021e-05,7.10422828e-05,5.06702418e-05,258
36,61,4.58791874e-05,1.05066072e-04,5.14839885e-05,612
36,62,1.14671959e-04,2.53309991e-05,5.15695101e-05,110
36,63,3.39352664e-05,9.00888335e-05,5.45993535e-05,1174
36,64,6.38477650e-05,1.22930243e-04,5.65337068e-05,721
36,65,9.31655304e-05,1.17883123e-04,5.57932544e-05,70
36,66,5.44427239e-05,1.06931066e-05,5.62927962e-05,120
36,67,6.41943407e-05,6.50300644e-05,5.79364350e-05,427
36,68,3.84893574e-05,1.25520368e-04,5.95597485e-05,443
36,69,5.61147026e-05,6.81129095e-05,5.89936280e-05,240
36,70,2.86090108e-06,1.16548428e-04,6.01979555e-05,117
36,71,5.88231087e-05,1.58124985e-05,5.96971186e-05,5
36,72,7.33730994e-05,9.55293654e-05,6.11050782e-05,360
36,73,6.58330537e-05,8.75901096e-05,6.25994435e-05,242
36,74,4.91226965e-05,1.29725915e-04,6.20181600e-05,232
36,75,1.01290483e-04,2.51542715e-05,6.25484317e-05,153
36,76,6.84489787e-05,6.19895145e-05,6.26140463e-05,291
36,77,3.26442860e-05,2.59196440e-05,6.25987377e-05,112
36,78,8.99896186e-05,5.99995001e-05,6.27503978e-05,30
36,79,8.77694256e-05,6.01547508e-05,6.27493791e-05,30
36,80,1.43609841e-05,9.71114860e-05,6.31234579e-05,161
36,81,3.77489450e-05,1.32524539e-04,6.27892805e-05,43
37,1,1.64608773e-05,7.40142787e-05,0.00000000e+00,7
37,2,2.40339468e-05,7.46871738e-05,5.95346023e-07,324
37,3,8.78878054e-05,7.67287929e-05,1.64279186e-06,1128
37,4,7.38954186e-05,8.33470694e-05,1.46121761e-06,1199
37,5,2.38163975e-05,8.33415688e-05,1.22931752e-07,24
37,6,5.43775423e-05,8.61894732e-05,6.45442015e-07,506
37,7,2.04874977e-05,8.68314382e-05,0.00000000e+00,2
37,8,1.21495890e-04,9.37653604e-05,6.26244343e-07,182
37,9,1.00539022e-04,1.07549356e-04,7.58596059e-07,1174
37,10,9.75312214e-05,1.20369841e-04,1.56688984e-07,41
37,11,1.77469501e-05,7.30784086e-05,5.69296390e-06,178
37,12,1.94103086e-05,1.14196577e-04,7.74959972e-06,747
37,13,2.62033045e-05,2.67020841e-05,7.11965095e-06,221
37,14,2.25801177e-05,8.53803213e-05,8.22740094e-06,286
37,15,8.32296719e-05,9.02734682e-05,8.89562671e-06,186
37,16,3.70006019e-05,1.15414034e-04,8.89736384e-06,239
37,17,6.44828324e-05,1.37971656e-04,9.37018285e-06,306
37,18,1.01275262e-04,1.11267269e-04,1.00651614e-05,66
37,19,1.17383053e-04,4.97669025e-05,1.13982187e-05,250
37,20,9.36365395e-05,4.06253566e-05,1.53548663e-05,145
37,21,9.27765650e-05,1.23155463e-04,1.81799533e-05,515
37,22,1.07091102e-04,1.08759821e-04,1.81077485e-05,158
37,23,1.28536893e-04,6.06180620e-05,1.87286460e-05,232
37,24,1.06837506e-04,1.07455402e-04,1.85000026e-05,4
37,25,8.26979231e-05,1.82345666e-05,2.07266530e-05,385
37,26,1.47741939e-05,2.43699542e-05,2.06056320e-05,38
37,27,1.28199652e-04,5.15035281e-05,2.37471650e-05,238
37,28,1.27605817e-04,9.63378989e-05,2.56617604e-05,1218
37,29,2.25341828e-05,8.20852947e-05,2.51016136e-05,350
37,30,1.02316153e-04,1.20948032e-04,2.46171567e-05,92
37,31,1.39198492e-05,4.03329650e-05,2.50495250e-05,30
37,32,5.90408818e-05,2.78489533e-05,2.75003276e-05,521
37,33,8.37652187e-05,6.71599337e-05,2.83429836e-05,1166
37,34,1.22197991e-04,1.04778010e-05,2.71192221e-05,25
37,35,1.04924751e-04,3.26286536e-05,3.34920769e-05,319
37,36,1.06449523e-04,3.79131670e-05,3.51713206e-05,582
37,37,3.18029197e-05,2.38981647e-05,3.79129960e-05,1289
37,38,5.54127437e-05,8.62811212e-05,3.58841462e-05,26
37,39,1.19721168e-04,3.61533930e-05,3.84558953e-05,1246
37,40,2.69085485e-05,1.28586646e-04,3.77069191e-05,366
37,41,1.28651373e-04,5.19888963e-05,3.94847084e-05,895
37,42,7.43550045e-05,5.37100605e-05,4.04203456e-05,756
37,43,5.89001320e-05,8.73499957e-05,4.06461622e-05,1233
37,44,8.65179663e-06,9.93168651e-05,4.19850548e-05,398
37,45,1.10058732e-04,2.32501479e-05,4.18844684e-05,224
37,46,4.27675623e-05,1.33719688e-04,4.31093395e-05,794
37,47,5.16822183e-05,3.92516777e-05,4.20308897e-05,189
37,48,5.18047309e-05,6.40545695e-05,4.35165020e-05,119
37,49,1.45805479e-05,5.36371590e-05,4.50594125e-05,351
37,50,3.01990822e-05,2.12988052e-05,4.66885976e-05,356
37,51,7.20108728e-05,5.28306664e-05,4.58047762e-05,203
37,52,7.71284977e-05,5.49927936e-05,4.66806414e-05,99
37,53,5.95008278e-05,1.26469022e-04,4.87681100e-05,614
37,54,1.95065350e-05,7.11012035e-05,5.05759745e-05,211
37,55,4.59496841e-05,1.05031868e-04,5.15827705e-05,691
37,56,1.14714858e-04,2.53505987e-05,5.15847969e-05,41
37,57,3.39805592e-05,9.01514213e-05,5.46386254e-05,881
37,58,9.31357426e-05,1.17764226e-04,5.55477309e-05,325
37,59,6.38458514e-05,1.22395126e-04,5.70646844e-05,773
37,60,5.44700160e-05,1.07290343e-05,5.64829861e-05,94
37,61,6.36615950e-05,6.49155409e-05,5.76908496e-05,410
37,62,5.57458152e-05,6.88062137e-05,5.89430711e-05,230
37,63,3.83317019e-05,1.26179119e-04,5.93935074e-05,170
37,64,6.10305542e-05,1.50860787e-05,5.87140967e-05,7
37,65,3.08233734e-06,1.16647774e-04,6.03649205e-05,490
37,66,5.93279037e-05,1.54539848e-05,5.97682847e-05,56
37,67,7.39017196e-05,9.54877833e-05,6.08591436e-05,313
37,68,6.84024635e-05,6.20844803e-05,6.23393425e-05,200
37,69,4.90138591e-05,1.28783620e-04,6.20116116e-05,157
37,70,1.01183352e-04,2.53858616e-05,6.27400950e-05,266
37,71,3.21759871e-05,2.55146369e-05,6.27777263e-05,155
37,72,9.01902167e-05,5.97526887e-05,6.25458852e-05,74
37,73,6.55741751e-05,8.77890634e-05,6.28077323e-05,101
37,74,1.44228970e-05,9.70366382e-05,6.30470167e-05,231
38,1,2.40625286e-05,7.45803918e-05,5.07264133e-07,231
38,2,1.73019416e-05,7.50981562e-05,0.00000000e+00,6
38,3,8.77660132e-05,7.68861064e-05,1.65681354e-06,1536
38,4,2.38058947e-05,8.30442441e-05,9.79406991e-08,30
38,5,7.44086719e-05,8.42006848e-05,1.46261584e-06,720
38,6,5.44180330e-05,8.54411337e-05,5.84969825e-07,549
38,7,7.30124957e-05,8.42874942e-05,0.00000000e+00,1
38,8,2.07310641e-05,8.68126008e-05,4.42270846e-07,160
38,9,1.21389232e-04,9.38020967e-05,1.08390600e-06,481
38,10,9.91928900e-05,1.06902844e-04,4.26508109e-07,276
38,11,1.71531665e-05,1.14373433e-04,1.44558925e-07,31
38,12,9.75458024e-05,1.20269156e-04,0.00000000e+00,19
38,13,1.82825806e-05,7.38166564e-05,5.94191124e-06,184
38,14,1.93639607e-05,1.14243798e-04,7.69916278e-06,1069
38,15,2.62920712e-05,2.67190026e-05,7.34702189e-06,217
38,16,2.24289834e-05,8.52098601e-05,8.18016269e-06,287
38,17,6.40944272e-05,1.38381336e-04,8.80954940e-06,543
38,18,3.77276156e-05,1.15661183e-04,8.74463421e-06,230
38,19,8.32923324e-05,9.04334374e-05,8.96724396e-06,119
38,20,1.18891054e-04,5.03628144e-05,1.07516598e-05,62
38,21,1.01062498e-04,1.11374997e-04,9.99999975e-06,1
38,22,1.17056370e-04,4.96080611e-05,1.13099677e-05,66
38,23,9.31005343e-05,1.12262285e-04,1.12293801e-05,11
38,24,9.45429929e-05,4.04509010e-05,1.51281183e-05,94
38,25,9.23776097e-05,1.23506863e-04,1.87278765e-05,595
38,26,1.07324522e-04,1.08908112e-04,1.83332922e-05,118
38,27,1.28608764e-04,6.01893989e-05,1.87052519e-05,158
38,28,8.27886906e-05,1.87244896e-05,2.12036157e-05,415
38,29,1.46673383e-05,2.44136663e-05,2.07388093e-05,27
38,30,1.28067099e-04,5.22317750e-05,2.34729923e-05,93
38,31,1.27842883e-04,9.65198269e-05,2.60715788e-05,1493
38,32,1.02282356e-04,1.21044322e-04,2.47426688e-05,101
38,33,1.39054710e-05,4.03235972e-05,2.49991081e-05,23
38,34,2.26569591e-05,8.23591181e-05,2.53878079e-05,269
38,35,5.94182929e-05,2.81326629e-05,2.78194784e-05,586
38,36,2.94802812e-05,1.03496437e-04,2.60494744e-05,10
38,37,8.38740089e-05,6.70632653e-05,2.82858946e-05,924
38,38,1.21618687e-04,1.05874988e-05,2.70000000e-05,2
38,39,1.04798841e-04,3.25743458e-05,3.34025972e-05,248
38,40,1.06597923e-04,3.78388067e-05,3.50092887e-05,488
38,41,3.17767481e-05,2.39385590e-05,3.78173354e-05,1036
38,42,5.55411134e-05,8.62849265e-05,3.58656471e-05,34
38,43,1.19751501e-04,3.61764796e-05,3.78060649e-05,419
38,44,2.70073851e-05,1.28403379e-04,3.78910081e-05,357
38,45,1.00237499e-04,1.13438864e-05,3.72495015e-05,2
38,46,1.28604166e-04,5.19859896e-05,4.00288627e-05,589
38,47,7.41418189e-05,5.35672079e-05,4.06587824e-05,513
38,48,5.89721712e-05,8.72717937e-05,4.06528852e-05,1094
38,49,4.27404811e-05,1.33687849e-04,4.30786276e-05,1203
38,50,1.10014334e-04,2.31087197e-05,4.18781710e-05,161
38,51,9.19749891e-06,9.89680775e-05,4.17339397e-05,304
38,52,5.09267738e-05,3.87787768e-05,4.20704928e-05,180
38,53,5.17835360e-05,6.39038917e-05,4.35001930e-05,90
38,54,1.44971837e-05,5.35532345e-05,4.50068510e-05,80
38,55,3.02051740e-05,2.12200430e-05,4.68578328e-05,388
38,56,7.21507604e-05,5.27849625e-05,4.57487295e-05,151
38,57,7.71149425e-05,5.48755743e-05,4.68119979e-05,190
38,58,5.85322632e-05,1.26818704e-04,4.78438596e-05,292
38,59,1.96301226e-05,7.09889500e-05,5.03208430e-05,223
38,60,4.59656476e-05,1.04975064e-04,5.16428590e-05,699
38,61,1.14743729e-04,2.55752311e-05,5.14999920e-05,6
38,62,3.40051738e-05,9.00605082e-05,5.49748474e-05,806
38,63,9.31234244e-05,1.17835938e-04,5.55443257e-05,159
38,64,6.37833800e-05,1.21967409e-04,5.73542020e-05,748
38,65,5.43991591e-05,1.05130339e-05,5.65165756e-05,144
38,66,6.30433424e-05,6.49607318e-05,5.72739373e-05,381
38,67,6.03411536e-05,1.51887680e-05,5.93669138e-05,309
38,68,5.53336649e-05,6.95671552e-05,5.90968957e-05,241
38,69,3.80638630e-05,1.27114734e-04,5.90265081e-05,212
38,70,3.20419667e-06,1.16430921e-04,6.05139903e-05,292
38,71,7.44258141e-05,9.49447494e-05,6.09541603e-05,298
38,72,4.88096230e-05,1.28005660e-04,6.17882688e-05,663
38,73,6.83733379e-05,6.21830914e-05,6.22811858e-05,303
38,74,3.16547812e-05,2.49633958e-05,6.29246133e-05,137
38,75,1.00925281e-04,2.56039111e-05,6.26291949e-05,180
38,76,9.04474873e-05,5.95761849e-05,6.25510365e-05,39
38,77,6.53502284e-05,8.79227155e-05,6.28468624e-05,79
38,78,1.45649346e-05,9.69706452e-05,6.29742863e-05,308
39,1,2.39211058e-05,7.46047735e-05,1.79552828e-07,36
39,2,1.74967754e-05,7.52287451e-05,2.04403932e-07,51
39,3,8.81303786e-05,7.65684017e-05,1.17640161e-06,562
39,4,5.46979099e-05,8.46660914e-05,5.16006310e-07,379
39,5,7.41442564e-05,8.47104820e-05,9.07081130e-07,425
39,6,2.10078215e-05,8.66724731e-05,1.21053915e-06,395
39,7,1.21329533e-04,9.36565120e-05,1.47665708e-06,806
39,8,9.86815139e-05,1.06847911e-04,8.54800135e-07,961
39,9,1.72175332e-05,1.14331793e-04,1.64962444e-07,18
39,10,2.14234569e-05,1.14819479e-04,1.41800925e-07,21
39,11,9.95921509e-05,1.16909083e-04,2.38918119e-07,102
39,12,9.88624961e-05,1.17287498e-04,0.00000000e+00,1
39,13,9.75701914e-05,1.19624972e-04,9.18765082e-08,43
39,14,9.81750054e-05,1.19281271e-04,0.00000000e+00,2
39,15,6.13250013e-05,1.39149997e-04,0.00000000e+00,1
39,16,6.20124993e-05,1.39424999e-04,0.00000000e+00,1
39,17,6.24249951e-05,1.40593693e-04,0.00000000e+00,2
39,18,1.89657858e-05,7.42546254e-05,6.24088443e-06,265
39,19,1.93553060e-05,1.14230672e-04,7.55673273e-06,1099
39,20,6.36160185e-05,1.38631513e-04,8.11134760e-06,664
39,21,2.63168404e-05,2.68746844e-05,7.44616000e-06,114
39,22,2.25404874e-05,8.53200036e-05,8.17390992e-06,292
39,23,8.32964215e-05,9.05230190e-05,8.94648292e-06,237
39,24,3.85752392e-05,1.15969589e-04,8.80609514e-06,166
39,25,1.01179328e-04,1.11490277e-04,9.56746317e-06,168
39,26,1.18668548e-04,5.02019357e-05,1.07761780e-05,174
39,27,9.32249895e-05,1.12268732e-04,1.17499849e-05,2
39,28,9.53769704e-05,4.02683909e-05,1.49575790e-05,233
39,29,9.17272992e-05,1.23868871e-04,1.92713342e-05,1516
39,30,1.28947548e-04,5.94416961e-05,1.86983489e-05,226
39,31,1.07306652e-04,1.08628999e-04,1.84103519e-05,132
39,32,8.28033662e-05,1.93493652e-05,2.15194177e-05,354
39,33,1.48299496e-05,2.44007133e-05,2.07500689e-05,26
39,34,1.27663574e-04,5.31294936e-05,2.34943927e-05,129
39,35,1.02324011e-04,1.21054130e-04,2.45603969e-05,193
39,36,1.27998210e-04,9.66388179e-05,2.64351220e-05,1502
39,37,2.34854633e-05,8.27839467e-05,2.51278161e-05,254
39,38,1.38187434e-05,4.02194491e-05,2.50000012e-05,4
39,39,1.20894656e-04,1.07494725e-05,2.67355372e-05,70
39,40,5.96499667e-05,2.85911574e-05,2.80951026e-05,815
39,41,8.38060441e-05,6.71834641e-05,2.83830304e-05,1185
39,42,2.95375939e-05,1.03525337e-04,2.59999979e-05,11
39,43,1.04590938e-04,3.25080218e-05,3.33833850e-05,287
39,44,1.06850108e-04,3.78652730e-05,3.50245391e-05,373
39,45,1.19915938e-04,3.59092446e-05,3.73211515e-05,378
39,46,5.56083869e-05,8.62955494e-05,3.59846599e-05,64
39,47,3.14993558e-05,2.42439401e-05,3.76358003e-05,187
39,48,2.70577784e-05,1.28575237e-04,3.80444289e-05,347
39,49,1.28435451e-04,5.19659043e-05,4.00037425e-05,895
39,50,5.89678530e-05,8.72341407e-05,4.04987950e-05,911
39,51,7.33071793e-05,5.33445891e-05,4.12069639e-05,528
39,52,9.95515347e-06,9.86903615e-05,4.15472023e-05,647
39,53,4.28670828e-05,1.33681664e-04,4.29320462e-05,963
39,54,1.10051114e-04,2.31491013e-05,4.17846422e-05,246
39,55,5.01618706e-05,3.83329425e-05,4.22385638e-05,205
39,56,5.16882792e-05,6.38886922e-05,4.34622125e-05,96
39,57,7.19276795e-05,5.28513119e-05,4.56066700e-05,307
39,58,1.99976785e-05,5.66074668e-05,4.43762437e-05,16
39,59,1.46720613e-05,5.36083608e-05,4.51225242e-05,146
39,60,3.02302542e-05,2.13019048e-05,4.74095650e-05,490
39,61,7.69876860e-05,5.46239498e-05,4.67054670e-05,22
39,62,5.80886153e-05,1.26979910e-04,4.76711321e-05,47
39,63,1.99449751e-05,7.09510496e-05,5.03469673e-05,109
39,64,4.60926058e-05,1.04950312e-04,5.17448971e-05,488
39,65,1.14697679e-04,2.53532235e-05,5.14914245e-05,114
39,66,3.39849903e-05,8.99070219e-05,5.46795418e-05,542
39,67,9.31375471e-05,1.17680516e-04,5.50594341e-05,337
39,68,5.02501098e-05,8.96626661e-05,5.40000074e-05,11
39,69,6.23154338e-05,6.48568966e-05,5.68006471e-05,345
39,70,5.44579125e-05,1.06849302e-05,5.65295013e-05,102
39,71,6.35867982e-05,1.21415949e-04,5.78663057e-05,624
39,72,6.07352922e-05,1.52300654e-05,5.91167991e-05,408
39,73,1.30487490e-04,1.70499989e-05,5.80000014e-05,1
39,74,5.50872865e-05,7.02503312e-05,5.91976750e-05,195
39,75,3.76045755e-05,1.27994455e-04,5.89608244e-05,165
39,76,7.54610228e-05,9.46367800e-05,6.06473404e-05,283
39,77,3.28043552e-06,1.16416260e-04,6.07540278e-05,71
39,78,4.85269375e-05,1.27039442e-04,6.15709869e-05,307
39,79,6.84014594e-05,6.22530715e-05,6.24453896e-05,358
39,80,3.10403884e-05,2.41676298e-05,6.26592810e-05,63
39,81,1.00363759e-04,2.60069901e-05,6.25364046e-05,112
39,82,6.51500013e-05,8.81753149e-05,6.29965361e-05,106
39,83,1.47482306e-05,9.69417088e-05,6.28634662e-05,242
39,84,8.90999945e-05,5.98124971e-05,6.29999995e-05,1
40,1,2.10931757e-05,7.35017602e-05,3.10484097e-07,110
40,2,2.38419761e-05,7.46619771e-05,3.14330890e-07,86
40,3,8.81057567e-05,7.65693476e-05,1.27754447e-06,630
40,4,5.48753305e-05,8.36052641e-05,4.44200708e-07,249
40,5,7.38702220e-05,8.54821992e-05,1.58770354e-06,647
40,6,2.12923078e-05,8.65660259e-05,1.56979104e-06,611
40,7,1.21303274e-04,9.37537116e-05,1.17094100e-06,584
40,8,9.81260455e-05,1.06884210e-04,4.88878868e-07,578
40,9,1.72166565e-05,1.13808972e-04,1.29122952e-07,50
40,10,9.95525697e-05,1.16876559e-04,4.01518719e-07,260
40,11,9.77110030e-05,1.20317171e-04,2.81598659e-07,110
40,12,1.97233257e-05,7.50871113e-05,6.05428704e-06,295
40,13,1.92948191e-05,1.14304334e-04,7.58626948e-06,1005
40,14,2.63069305e-05,2.70043547e-05,7.35800677e-06,299
40,15,6.33130330e-05,1.39018695e-04,7.55146175e-06,228
40,16,2.26803513e-05,8.52860467e-05,8.14692248e-06,481
40,17,8.34409366e-05,9.05188281e-05,8.83195207e-06,716
40,18,3.96478463e-05,1.16278025e-04,9.06845708e-06,214
40,19,1.01070051e-04,1.11422894e-04,9.34812124e-06,147
40,20,1.18335811e-04,5.01805880e-05,1.03749126e-05,40
40,21,1.19921518e-04,5.07269506e-05,1.06162279e-05,156
40,22,9.34098935e-05,1.12434755e-04,1.16318615e-05,79
40,23,9.60535981e-05,4.03087834e-05,1.51157810e-05,117
40,24,9.12131654e-05,1.24198632e-04,1.96047622e-05,875
40,25,1.29055450e-04,5.91377539e-05,1.88450322e-05,380
40,26,1.07487831e-04,1.08863132e-04,1.84119308e-05,62
40,27,1.07112493e-04,1.07455613e-04,1.85000008e-05,4
40,28,8.27467011e-05,1.98023463e-05,2.18661371e-05,383
40,29,1.47614919e-05,2.43379254e-05,2.07497360e-05,34
40,30,1.27703941e-04,5.36623484e-05,2.40017907e-05,153
40,31,1.02290942e-04,1.20975477e-04,2.45669489e-05,141
40,32,2.40763111e-05,8.30969366e-05,2.51531128e-05,275
40,33,1.28054351e-04,9.67281376e-05,2.69103639e-05,1421
40,34,1.38185596e-05,4.02185215e-05,2.52495302e-05,8
40,35,2.95966001e-05,1.03390834e-04,2.59308054e-05,104
40,36,1.20570883e-04,1.08934046e-05,2.66705811e-05,62
40,37,8.38634442e-05,6.71914895e-05,2.83624886e-05,996
40,38,5.99260129e-05,2.90415883e-05,2.81560679e-05,499
40,39,1.04233659e-04,3.24964494e-05,3.36408775e-05,304
40,40,1.06857253e-04,3.78804907e-05,3.51181807e-05,549
40,41,1.20210469e-04,3.57090612e-05,3.70664748e-05,1496
40,42,5.55515726e-05,8.64391186e-05,3.59280457e-05,74
40,43,1.00631180e-04,1.14734230e-05,3.74140982e-05,59
40,44,3.10673531e-05,2.42552505e-05,3.81372956e-05,400
40,45,2.70205746e-05,1.28650019e-04,3.78958102e-05,272
40,46,1.28156011e-04,5.18961569e-05,4.00781391e-05,1151
40,47,5.90914278e-05,8.73163663e-05,4.05764949e-05,1117
40,48,7.25143982e-05,5.29957542e-05,4.29324173e-05,1254
40,49,1.03268194e-05,9.86868108e-05,4.12055888e-05,294
40,50,1.10051085e-04,2.31434551e-05,4.17886476e-05,177
40,51,4.26705265e-05,1.33646899e-04,4.28282146e-05,757
40,52,4.96102584e-05,3.81235586e-05,4.22859885e-05,233
40,53,5.17882727e-05,6.41223960e-05,4.33686655e-05,160
40,54,1.99680944e-05,5.66118324e-05,4.43619720e-05,18
40,55,9.50707545e-05,7.59553359e-06,4.48945284e-05,58
40,56,1.47219098e-05,5.35462059e-05,4.51858505e-05,144
40,57,3.02038425e-05,2.12443902e-05,4.73370856e-05,585
40,58,7.69889157e-05,5.46120500e-05,4.69579718e-05,49
40,59,5.82200519e-05,1.27198102e-04,4.77220237e-05,43
40,60,1.36098461e-04,3.61181519e-05,5.00559690e-05,92
40,61,1.99295191e-05,7.09055385e-05,5.03016236e-05,233
40,62,4.61504314e-05,1.05110288e-04,5.17717272e-05,394
40,63,1.14878792e-04,2.54633760e-05,5.15558058e-05,54
40,64,3.40104089e-05,8.98038415e-05,5.50089462e-05,368
40,65,6.14958335e-05,6.47105262e-05,5.62844725e-05,363
40,66,9.31704271e-05,1.17810196e-04,5.50000041e-05,5
40,67,5.45442563e-05,1.06338712e-05,5.67112766e-05,128
40,68,6.37126504e-05,1.20901575e-04,5.82043795e-05,736
40,69,1.30345346e-04,1.73578301e-05,5.81755230e-05,85
40,70,6.10362113e-05,1.50194046e-05,5.88154035e-05,263
40,71,5.47424788e-05,7.12461988e-05,5.91133648e-05,189
40,72,3.75371674e-05,1.28885571e-04,5.94263074e-05,40
40,73,7.59799077e-05,9.43846535e-05,6.04990601e-05,214
40,74,4.84356533e-05,1.26165571e-04,6.13716402e-05,514
40,75,3.37300844e-06,1.16585063e-04,6.10028328e-05,158
40,76,6.83649851e-05,6.23930173e-05,6.24618988e-05,322
40,77,3.05835565e-05,2.36038140e-05,6.28227062e-05,134
40,78,1.00280282e-04,2.62565500e-05,6.24240929e-05,26
40,79,6.50776274e-05,8.84817491e-05,6.28758426e-05,77
40,80,1.48564259e-05,9.68829918e-05,6.28138805e-05,256
40,81,3.61624989e-05,1.35162496e-04,6.19999992e-05,1
40,82,9.92749992e-05,2.72249999e-05,6.25000030e-05,1
40,83,9.08448346e-05,5.94693047e-05,6.26323745e-05,26
40,84,8.89346557e-05,5.99599152e-05,6.27668123e-05,15
41,1,2.10039325e-05,7.36613729e-05,4.56999175e-07,190
41,2,8.80308726e-05,7.65338118e-05,1.47909043e-06,893
41,3,1.90319315e-05,7.65989898e-05,3.47159215e-07,101
41,4,5.49843098e-05,8.28411357e-05,5.27527732e-07,383
41,5,2.49791356e-05,8.39439017e-05,0.00000000e+00,12
41,6,7.38037488e-05,8.65071197e-05,7.00406076e-07,398
41,7,2.13965614e-05,8.66396585e-05,1.22342510e-06,467
41,8,7.52812266e-05,8.62811939e-05,0.00000000e+00,4
41,9,1.21105841e-04,9.37518707e-05,5.92795971e-07,52
41,10,9.77925229e-05,1.06673935e-04,6.24690870e-07,572
41,11,1.71132488e-05,1.13951326e-04,2.08898001e-07,26
41,12,1.74625002e-05,1.13918817e-04,0.00000000e+00,4
41,13,9.96309755e-05,1.16830277e-04,4.92937033e-07,309
41,14,9.77289819e-05,1.20480603e-04,3.71907305e-07,186
41,15,2.00123013e-05,7.52946071e-05,5.72424597e-06,493
41,16,1.92387724e-05,1.14186092e-04,7.54778648e-06,986
41,17,2.63817547e-05,2.69545762e-05,7.63573189e-06,359
41,18,6.28374983e-05,1.39287498e-04,6.00000021e-06,1
41,19,2.29831257e-05,8.53794554e-05,8.29167220e-06,512
41,20,8.34729362e-05,9.03537511e-05,8.66839946e-06,357
41,21,4.06930412e-05,1.16411458e-04,8.80026710e-06,233
41,22,1.01251746e-04,1.11392328e-04,9.21952505e-06,115
41,23,1.19615645e-04,5.06304787e-05,1.04920273e-05,216
41,24,9.35332209e-05,1.12572343e-04,1.16371621e-05,333
41,25,9.69469038e-05,4.01871366e-05,1.50172264e-05,214
41,26,1.06425010e-04,4.53059984e-05,1.52503417e-05,4
41,27,1.29310807e-04,5.87092472e-05,1.88405556e-05,366
41,28,9.08637667e-05,1.24678831e-04,2.01951661e-05,837
41,29,1.07472340e-04,1.08416687e-04,1.84198198e-05,99
41,30,1.48719673e-05,2.45157971e-05,2.07398371e-05,129
41,31,2.54074166e-05,8.25935058e-05,2.08102683e-05,37
41,32,8.26816322e-05,2.04138378e-05,2.26047669e-05,420
41,33,1.27491017e-04,5.42189664e-05,2.42950446e-05,151
41,34,2.48082270e-05,8.33010126e-05,2.49015229e-05,316
41,35,1.02385158e-04,1.21037767e-04,2.47489406e-05,94
41,36,1.28228523e-04,9.67860688e-05,2.73222176e-05,1745
41,37,2.96483886e-05,1.03361584e-04,2.59899261e-05,113
41,38,1.20204822e-04,1.10208184e-05,2.66298430e-05,103
41,39,6.03015069e-05,2.93516587e-05,2.85224123e-05,855
41,40,8.39087079e-05,6.71460075e-05,2.83353547e-05,1087
41,41,1.04132458e-04,3.22589185e-05,3.33730131e-05,305
41,42,1.06833664e-04,3.78105397e-05,3.51294984e-05,603
41,43,1.20432269e-04,3.57546160e-05,3.66875756e-05,944
41,44,5.57067287e-05,8.64099129e-05,3.60320919e-05,48
41,45,1.00697303e-04,1.14488857e-05,3.72488539e-05,87
41,46,2.71897115e-05,1.28832369e-04,3.76056159e-05,397
41,47,3.12402590e-05,2.44747171e-05,3.83379011e-05,133
41,48,1.28198197e-04,5.17055487e-05,4.01381330e-05,408
41,49,5.92517972e-05,8.74095276e-05,4.06611252e-05,803
41,50,7.23533230e-05,5.29556928e-05,4.36807750e-05,1784
41,51,1.09770808e-05,9.84405560e-05,4.14186106e-05,466
41,52,4.26280058e-05,1.33818641e-04,4.30162108e-05,680
41,53,1.10211331e-04,2.30803089e-05,4.20385004e-05,94
41,54,4.87053148e-05,3.76717653e-05,4.21920304e-05,257
41,55,5.41936679e-05,2.89211857e-05,4.23001802e-05,15
41,56,5.19166570e-05,6.42036684e-05,4.34483518e-05,135
41,57,9.51343245e-05,7.54912207e-06,4.47413004e-05,91
41,58,2.00725190e-05,5.66011549e-05,4.44708130e-05,70
41,59,3.02159715e-05,2.12977975e-05,4.69944025e-05,585
41,60,1.48452355e-05,5.35476538e-05,4.52265631e-05,227
41,61,7.70619663e-05,5.46607407e-05,4.69318911e-05,116
41,62,5.98442530e-05,1.26430867e-04,4.89812701e-05,26
41,63,1.96621622e-05,7.10516761e-05,5.02471958e-05,163
41,64,4.62419484e-05,1.05082996e-04,5.17749722e-05,283
41,65,1.14987160e-04,2.55006089e-05,5.16799773e-05,22
41,66,3.41244595e-05,8.98887156e-05,5.49753968e-05,384
41,67,6.08083974e-05,6.46303452e-05,5.59660075e-05,385
41,68,9.30877286e-05,1.17764634e-04,5.47356685e-05,17
41,69,5.45226030e-05,1.05699846e-05,5.67888019e-05,115
41,70,6.37303310e-05,1.20350254e-04,5.86093738e-05,785
41,71,6.16861289e-05,1.41391747e-05,5.84312547e-05,37
41,72,5.41113004e-05,7.19039090e-05,5.92279684e-05,219
41,73,6.06834183e-05,1.57209088e-05,5.85000016e-05,6
41,74,3.72463401e-05,1.29729611e-04,5.94283520e-05,101
41,75,7.65922377e-05,9.42218321e-05,6.04919514e-05,445
41,76,3.63871732e-06,1.16691059e-04,6.11380601e-05,425
41,77,4.82604264e-05,1.25079212e-04,6.15115059e-05,329
41,78,6.83237886e-05,6.23817177e-05,6.23328451e-05,352
41,79,3.02120116e-05,2.28638874e-05,6.29480273e-05,159
41,80,9.88148531e-05,2.76946903e-05,6.25327011e-05,29
41,81,9.05685447e-05,5.97222897e-05,6.27118789e-05,40
41,82,6.50122965e-05,8.87150381e-05,6.27012560e-05,72
41,83,1.49262951e-05,9.67960514e-05,6.28405396e-05,162
41,84,9.99624826e-05,2.67149389e-05,6.24999957e-05,7
41,85,8.86260677e-05,5.99857922e-05,6.28166017e-05,27
42,1,8.79762665e-05,7.64083961e-05,1.57704449e-06,1361
42,2,1.94589556e-05,7.67039164e-05,3.93865690e-07,140
42,3,5.50717159e-05,8.18928602e-05,8.22155755e-07,577
42,4,7.36941729e-05,8.71522061e-05,8.94692448e-07,793
42,5,2.13584281e-05,8.70068761e-05,1.66208324e-07,9
42,6,9.68307068e-05,1.06712403e-04,7.72362398e-07,909
42,7,1.70409166e-05,1.14180810e-04,1.33815306e-07,15
42,8,1.74625002e-05,1.14125149e-04,0.00000000e+00,3
42,9,2.14499978e-05,1.14537441e-04,0.00000000e+00,3
42,10,9.95914306e-05,1.16971474e-04,4.02852322e-07,229
42,11,9.77553937e-05,1.20447919e-04,4.81731092e-07,313
42,12,6.22875014e-05,1.39837503e-04,0.00000000e+00,1
42,13,6.21838481e-05,1.40559743e-04,0.00000000e+00,4
42,14,2.05030501e-05,7.56013978e-05,5.36758580e-06,195
42,15,1.92166499e-05,1.14286799e-04,7.55627389e-06,1103
42,16,2.63930961e-05,2.71100471e-05,7.64405195e-06,468
42,17,8.34394086e-05,9.03451655e-05,8.66530627e-06,460
42,18,2.29958714e-05,8.52354569e-05,8.72906185e-06,399
42,19,4.13048983e-05,1.16650153e-04,8.87974693e-06,304
42,20,1.01343729e-04,1.11400012e-04,9.21617993e-06,67
42,21,1.19940771e-04,5.08281701e-05,1.05694744e-05,93
42,22,9.36223369e-05,1.12571463e-04,1.16978426e-05,265
42,23,9.77311356e-05,4.01815523e-05,1.46298580e-05,185
42,24,1.29470733e-04,5.83837646e-05,1.91866948e-05,313
42,25,1.07531450e-04,1.08300395e-04,1.85570680e-05,111
42,26,9.04495173e-05,1.25149527e-04,2.08030742e-05,1356
42,27,1.49901689e-05,2.45282627e-05,2.06152745e-05,176
42,28,2.59386652e-05,8.29021665e-05,2.11120278e-05,365
42,29,8.27660260e-05,2.09438531e-05,2.30744499e-05,422
42,30,1.02463418e-04,1.20996585e-04,2.47421976e-05,144
42,31,1.27603838e-04,5.47986601e-05,2.43564300e-05,35
42,32,2.53933285e-05,8.34852035e-05,2.49753757e-05,191
42,33,1.28419590e-04,9.66156658e-05,2.78260923e-05,1529
42,34,1.18966353e-04,1.15414641e-05,2.65082817e-05,103
42,35,8.39931672e-05,6.70920199e-05,2.83737500e-05,1146
42,36,6.06066060e-05,2.97095339e-05,2.87532457e-05,781
42,37,1.03864753e-04,3.21917796e-05,3.31617302e-05,208
42,38,1.06884581e-04,3.78210898e-05,3.51621784e-05,648
42,39,1.20446159e-04,3.56495584e-05,3.62734027e-05,356
42,40,5.55389997e-05,8.65154580e-05,3.57706558e-05,39
42,41,2.72981579e-05,1.28774001e-04,3.76119860e-05,377
42,42,1.00868099e-04,1.14883787e-05,3.73641997e-05,51
42,43,3.02056269e-05,2.47394801e-05,3.95297466e-05,318
42,44,1.27925130e-04,5.15008069e-05,4.10566936e-05,762
42,45,5.92727738e-05,8.73745084e-05,4.06577965e-05,957
42,46,1.18880207e-05,9.82667407e-05,4.12136214e-05,312
42,47,7.20042590e-05,5.27090961e-05,4.52012719e-05,1642
42,48,1.10314446e-04,2.30399291e-05,4.20510223e-05,62
42,49,4.91044957e-05,3.77083197e-05,4.22847515e-05,204
42,50,4.26692459e-05,1.33700276e-04,4.29850770e-05,148
42,51,5.42206362e-05,2.90124990e-05,4.23325946e-05,3
42,52,5.18144880e-05,6.41174047e-05,4.36339105e-05,172
42,53,9.51332477e-05,7.60222338e-06,4.45401092e-05,49
42,54,2.01416606e-05,5.66104209e-05,4.45195074e-05,55
42,55,3.02176868e-05,2.11364750e-05,4.63358701e-05,267
42,56,1.45516651e-05,5.36279586e-05,4.52638342e-05,55
42,57,7.71116102e-05,5.48536009e-05,4.68121398e-05,48
42,58,6.02407490e-05,1.26326995e-04,4.90670827e-05,178
42,59,1.95899484e-05,7.10953100e-05,5.03304764e-05,205
42,60,4.62122225e-05,1.05140527e-04,5.19388741e-05,153
42,61,1.14949995e-04,2.54374991e-05,5.14999992e-05,1
42,62,1.15224997e-04,2.54374991e-05,5.14999992e-05,1
42,63,3.40932020e-05,8.99120569e-05,5.50118712e-05,629
42,64,6.02588589e-05,6.45106775e-05,5.57218591e-05,336
42,65,5.45665825e-05,1.05140352e-05,5.68814539e-05,34
42,66,6.37793710e-05,1.19896948e-04,5.91037533e-05,814
42,67,6.20581995e-05,1.39791955e-05,5.79999978e-05,3
42,68,5.38178356e-05,7.26211219e-05,5.92236611e-05,174
42,69,3.70563721e-05,1.30426954e-04,5.93282821e-05,32
42,70,7.71593986e-05,9.41606995e-05,6.03403205e-05,429
42,71,3.88412855e-06,1.16577707e-04,6.13681041e-05,121
42,72,4.80587260e-05,1.24180122e-04,6.14782184e-05,338
42,73,6.82447208e-05,6.25143875e-05,6.22655789e-05,349
42,74,2.99100593e-05,2.23032803e-05,6.25849934e-05,162
42,75,9.86328887e-05,2.81505872e-05,6.26813708e-05,91
42,76,9.05585912e-05,6.02414693e-05,6.26323745e-05,61
42,77,6.50107395e-05,8.90157389e-05,6.27857371e-05,47
42,78,1.51132990e-05,9.67303495e-05,6.26609690e-05,146
42,79,8.84737165e-05,5.97786675e-05,6.27926711e-05,36
43,1,2.18915029e-05,7.48378297e-05,2.81223834e-07,105
43,2,8.79805812e-05,7.64286015e-05,1.43537113e-06,1044
43,3,5.53359860e-05,8.10573329e-05,5.91349760e-07,506
43,4,2.48174492e-05,8.42199734e-05,4.69518795e-07,206
43,5,7.38463714e-05,8.76635750e-05,7.01424312e-07,560
43,6,9.60175385e-05,1.06942658e-04,1.09836105e-06,1352
43,7,1.70815511e-05,1.14072267e-04,7.60404220e-08,13
43,8,9.95652663e-05,1.17113486e-04,4.91716548e-07,259
43,9,9.75899748e-05,1.20452387e-04,3.41338563e-07,180
43,10,6.19338534e-05,1.40277451e-04,4.19126366e-07,120
43,11,2.42370752e-05,8.49168573e-05,5.05860862e-06,26
43,12,2.09404498e-05,7.62095806e-05,5.75343438e-06,102
43,13,1.92350544e-05,1.14304814e-04,7.45432362e-06,1049
43,14,6.18137783e-05,1.40206874e-04,6.07392394e-06,74
43,15,2.64185583e-05,2.72796387e-05,7.36167931e-06,435
43,16,8.33859449e-05,9.04236149e-05,8.84702604e-06,646
43,17,2.30249243e-05,8.53572346e-05,8.22670700e-06,452
43,18,4.23315105e-05,1.16783027e-04,9.04310673e-06,352
43,19,1.01569094e-04,1.11445668e-04,9.09374194e-06,263
43,20,1.21261000e-04,5.15353931e-05,1.01121532e-05,125
43,21,1.19571756e-04,5.04773525e-05,1.08183212e-05,55
43,22,9.39608144e-05,1.12530855e-04,1.23633345e-05,639
43,23,9.86976811e-05,4.02771475e-05,1.45950380e-05,107
43,24,1.29777807e-04,5.80713495e-05,1.89866059e-05,220
43,25,1.07540756e-04,1.08162589e-04,1.86962134e-05,152
43,26,9.00139639e-05,1.25418126e-04,2.14238789e-05,826
43,27,1.50084597e-05,2.46375403e-05,2.08195397e-05,207
43,28,2.63174679e-05,8.30698846e-05,2.17062316e-05,353
43,29,8.27202966e-05,2.13559870e-05,2.36115393e-05,352
43,30,1.27259220e-04,5.57721942e-05,2.37742643e-05,31
43,31,1.02485981e-04,1.21015830e-04,2.47027674e-05,208
43,32,2.60565284e-05,8.38397682e-05,2.56726471e-05,38
43,33,1.28686326e-04,9.66792068e-05,2.80186177e-05,1033
43,34,1.18446565e-04,1.16379260e-05,2.65794733e-05,77
43,35,2.96998460e-05,1.03519553e-04,2.62165759e-05,23
43,36,8.41551373e-05,6.68638095e-05,2.83079098e-05,838
43,37,6.10177412e-05,3.00848678e-05,2.88693300e-05,636
43,38,1.03695587e-04,3.22022570e-05,3.29949980e-05,174
43,39,1.20642399e-04,3.53643700e-05,3.58230609e-05,880
43,40,1.06818581e-04,3.77639408e-05,3.51058952e-05,857
43,41,5.54975741e-05,8.65299371e-05,3.56558849e-05,77
43,42,2.73368496e-05,1.28824380e-04,3.74318188e-05,455
43,43,1.00862664e-04,1.14500290e-05,3.71812166e-05,33
43,44,5.94203120e-05,8.75045735e-05,4.07056759e-05,1113
43,45,1.27721316e-04,5.14504354e-05,4.15423783e-05,1001
43,46,1.23603395e-05,9.78628887e-05,4.13017988e-05,428
43,47,7.20020835e-05,5.26936237e-05,4.49503350e-05,2121
43,48,1.10132954e-04,2.30546284e-05,4.19311327e-05,107
43,49,4.98799891e-05,3.81436112e-05,4.21558470e-05,248
43,50,5.43124333e-05,2.89637574e-05,4.21062614e-05,14
43,51,4.27853083e-05,1.33733905e-04,4.34593785e-05,90
43,52,5.18403322e-05,6.41085280e-05,4.35193942e-05,204
43,53,2.01399162e-05,5.66352574e-05,4.43522404e-05,91
43,54,9.52560949e-05,7.58223223e-06,4.46865670e-05,35
43,55,1.46702332e-05,5.35470972e-05,4.52717359e-05,129
43,56,3.02791923e-05,2.12395462e-05,4.61970667e-05,135
43,57,7.70988845e-05,5.46578922e-05,4.69184088e-05,62
43,58,5.98008301e-05,1.26561310e-04,4.87002872e-05,250
43,59,1.35501366e-04,3.51010531e-05,4.95740460e-05,145
43,60,1.98653488e-05,7.09808155e-05,5.03310221e-05,204
43,61,4.62777680e-05,1.05084080e-04,5.17664230e-05,143
43,62,1.15054674e-04,2.53148519e-05,5.17051885e-05,29
43,63,3.41165905e-05,8.99357328e-05,5.50792029e-05,773
43,64,5.97062026e-05,6.41676525e-05,5.54625622e-05,312
43,65,5.47538475e-05,1.06525322e-05,5.68018877e-05,84
43,66,6.06262511e-05,1.44507849e-05,5.84192167e-05,49
43,67,6.37826233e-05,1.19426048e-04,5.93778495e-05,717
43,68,5.34778155e-05,7.34603454e-05,5.91359385e-05,171
43,69,3.68611036e-05,1.31160399e-04,5.90087438e-05,162
43,70,7.76850793e-05,9.39964957e-05,6.03431545e-05,282
43,71,4.80999843e-05,1.23227903e-04,6.11975920e-05,475
43,72,6.83236358e-05,6.25779285e-05,6.21941363e-05,341
43,73,2.96421749e-05,2.15145701e-05,6.24308232e-05,94
43,74,1.51384738e-05,9.66121661e-05,6.25746688e-05,252
43,75,9.85266452e-05,2.83945974e-05,6.27210975e-05,127
43,76,6.50958173e-05,8.92552125e-05,6.25756802e-05,47
43,77,8.80688385e-05,5.99219347e-05,6.25000030e-05,10
44,1,1.20096411e-04,5.29767240e-05,1.42227577e-07,7
44,2,8.80350417e-05,7.66151352e-05,1.63237644e-06,998
44,3,2.02261308e-05,7.73202555e-05,2.87823525e-07,72
44,4,5.56583036e-05,8.03497896e-05,7.56728923e-07,705
44,5,2.52295795e-05,8.40340144e-05,3.99486368e-07,146
44,6,2.46125001e-05,8.49062271e-05,0.00000000e+00,2
44,7,2.16303761e-05,8.62694069e-05,1.02410331e-06,434
44,8,7.37598239e-05,8.86519701e-05,6.95696485e-07,544
44,9,9.56355798e-05,1.06881766e-04,5.66547612e-07,459
44,10,1.70499970e-05,1.14012895e-04,1.79437052e-07,11
44,11,2.15827276e-05,1.14239570e-04,1.83102955e-07,65
44,12,9.96032104e-05,1.17077419e-04,4.86831198e-07,248
44,13,9.75452349e-05,1.20502511e-04,4.60699027e-07,213
44,14,6.01570464e-05,1.39967495e-04,1.07908328e-07,64
44,15,6.20433057e-05,1.40400822e-04,3.28385369e-07,108
44,16,6.09124982e-05,1.40387492e-04,0.00000000e+00,1
44,17,2.33913270e-05,8.52787925e-05,7.84608710e-06,878
44,18,6.15245153e-05,1.40389893e-04,5.73595798e-06,158
44,19,1.92043026e-05,1.14133414e-04,7.33652223e-06,1237
44,20,2.19000649e-05,7.69971739e-05,5.78478011e-06,44
44,21,2.65044564e-05,2.71633253e-05,7.74403361e-06,466
44,22,8.33366721e-05,9.03035543e-05,8.71080374e-06,895
44,23,4.34580725e-05,1.17125746e-04,8.95307585e-06,204
44,24,1.21412399e-04,5.14002204e-05,9.70087422e-06,173
44,25,1.01596750e-04,1.11494061e-04,9.18820933e-06,79
44,26,9.37945515e-05,1.12425761e-04,1.18632015e-05,762
44,27,9.94168222e-05,4.01860780e-05,1.46935463e-05,238
44,28,9.47833178e-05,1.12543305e-04,1.55008383e-05,6
44,29,1.07478510e-04,1.07896565e-04,1.87431433e-05,131
44,30,1.29799999e-04,5.77499959e-05,1.89999992e-05,1
44,31,8.97369828e-05,1.25818959e-04,2.19373633e-05,1474
44,32,1.50531587e-05,2.45765277e-05,2.07565408e-05,35
44,33,2.68914009e-05,8.35036190e-05,2.17617089e-05,174
44,34,8.26702235e-05,2.17849865e-05,2.40695990e-05,382
44,35,1.02568200e-04,1.21059500e-04,2.45462998e-05,99
44,36,1.27118721e-04,5.63750000e-05,2.40000027e-05,2
44,37,2.69044613e-05,8.42790760e-05,2.55112736e-05,90
44,38,1.28960834e-04,9.66728767e-05,2.83432692e-05,1564
44,39,1.18011820e-04,1.17937134e-05,2.65721173e-05,78
44,40,8.39553613e-05,6.70320951e-05,2.82811307e-05,908
44,41,6.13474913e-05,3.04363275e-05,2.92253299e-05,999
44,42,1.03658807e-04,3.23255372e-05,3.26289446e-05,217
44,43,1.20999015e-04,3.52516472e-05,3.55914817e-05,1697
44,44,1.06877102e-04,3.78002478e-05,3.50769187e-05,740
44,45,5.54312610e-05,8.64904359e-05,3.57738500e-05,51
44,46,2.73354599e-05,1.28904940e-04,3.72436807e-05,577
44,47,1.01016471e-04,1.14429258e-05,3.68889341e-05,9
44,48,5.94194280e-05,8.76254489e-05,4.05827595e-05,960
44,49,2.95227437e-05,2.49760760e-05,3.98229968e-05,14
44,50,1.27710795e-04,5.15191641e-05,4.21430668e-05,752
44,51,1.29034133e-05,9.78421376e-05,4.09164568e-05,430
44,52,1.10391011e-04,2.31729264e-05,4.16826442e-05,105
44,53,7.20878961e-05,5.27240663e-05,4.53440225e-05,1428
44,54,5.43000569e-05,2.89624622e-05,4.19396056e-05,33
44,55,5.05717580e-05,3.83705810e-05,4.23310630e-05,172
44,56,5.19940804e-05,6.40983853e-05,4.35753391e-05,195
44,57,4.28553540e-05,1.33630325e-04,4.32681991e-05,62
44,58,2.01618823e-05,5.66020462e-05,4.45275728e-05,57
44,59,9.52048140e-05,7.64533524e-06,4.47500934e-05,30
44,60,1.44705191e-05,5.37320884e-05,4.53424036e-05,57
44,61,3.02166427e-05,2.10485596e-05,4.61760756e-05,37
44,62,7.71948180e-05,5.46773408e-05,4.68293474e-05,38
44,63,5.97817852e-05,1.26646250e-04,4.86549179e-05,238
44,64,1.97217414e-05,7.10379973e-05,5.04937161e-05,103
44,65,4.62322241e-05,1.05192623e-04,5.19148125e-05,71
44,66,3.40270308e-05,8.98054859e-05,5.49152355e-05,604
44,67,9.24687920e-05,1.17978198e-04,5.45277362e-05,124
44,68,5.90832060e-05,6.39536011e-05,5.51155536e-05,225
44,69,5.47321943e-05,1.09632283e-05,5.65829141e-05,110
44,70,6.11988871e-05,1.42701738e-05,5.81477325e-05,37
44,71,6.37842604e-05,1.18887801e-04,5.96697791e-05,833
44,72,3.65538508e-05,1.31979861e-04,5.87186369e-05,183
44,73,5.30467078e-05,7.42795237e-05,5.95321362e-05,125
44,74,7.83919968e-05,9.39352103e-05,5.99410960e-05,453
44,75,4.78842776e-05,1.22504760e-04,6.10541974e-05,350
44,76,6.83499820e-05,6.27523259e-05,6.21607542e-05,300
44,77,9.80971963e-05,2.89441014e-05,6.26509864e-05,189
44,78,1.51295935e-05,9.65582440e-05,6.29854330e-05,346
44,79,2.92487384e-05,2.04606349e-05,6.29022325e-05,46
44,80,8.77935599e-05,6.02251748e-05,6.24999957e-05,6
44,81,6.53124953e-05,8.94024997e-05,6.28007328e-05,5
45,1,2.86000013e-05,2.74313188e-05,0.00000000e+00,2
45,2,8.81706947e-05,7.65693403e-05,1.62809283e-06,730
45,3,5.57646708e-05,7.97948305e-05,8.08225195e-07,725
45,4,2.39549390e-05,8.51431541e-05,5.46352203e-06,2570
45,5,2.18670066e-05,8.63753376e-05,1.44362446e-06,1177
45,6,7.37636874e-05,8.90802039e-05,7.76996387e-07,843
45,7,9.46588625e-05,1.06669919e-04,7.83242001e-07,771
45,8,2.14039574e-05,1.14131843e-04,2.24978450e-07,110
45,9,1.70499989e-05,1.14193870e-04,1.23107839e-07,8
45,10,9.75511211e-05,1.20325989e-04,2.45199629e-07,129
45,11,1.91915115e-05,1.14261056e-04,7.46308206e-06,1256
45,12,2.20346519e-05,7.70413535e-05,5.61933439e-06,125
45,13,2.65064191e-05,2.70408873e-05,7.78095000e-06,486
45,14,8.34968232e-05,9.03644905e-05,9.01986641e-06,634
45,15,4.44081452e-05,1.17348980e-04,9.28969166e-06,168
45,16,1.01799720e-04,1.11435395e-04,9.08604488e-06,41
45,17,1.22071026e-04,5.18195411e-05,9.59698627e-06,76
45,18,9.37730656e-05,1.12562913e-04,1.17052587e-05,808
45,19,1.00302277e-04,4.00638310e-05,1.43979414e-05,84
45,20,9.51693946e-05,1.12099959e-04,1.63522473e-05,88
45,21,1.30180255e-04,5.68221876e-05,1.90858445e-05,116
45,22,1.07399625e-04,1.07625674e-04,1.86987236e-05,194
45,23,8.93856122e-05,1.26082989e-04,2.26872762e-05,1354
45,24,1.51861605e-05,2.43983868e-05,2.04999997e-05,9
45,25,2.74698941e-05,8.44764072e-05,2.40407207e-05,694
45,26,8.25712777e-05,2.22866438e-05,2.45482752e-05,567
45,27,1.26863204e-04,5.73968755e-05,2.40728350e-05,42
45,28,1.02607642e-04,1.21130128e-04,2.45241627e-05,58
45,29,1.17020107e-04,1.21068906e-05,2.64814589e-05,80
45,30,1.29228545e-04,9.66129664e-05,2.87201528e-05,1449
45,31,8.39334680e-05,6.72211681e-05,2.84066082e-05,1065
45,32,6.16841571e-05,3.09838470e-05,2.96227099e-05,497
45,33,1.03427039e-04,3.22090746e-05,3.23083805e-05,330
45,34,1.21116020e-04,3.52168354e-05,3.52202987e-05,630
45,35,1.06965672e-04,3.77603610e-05,3.49817710e-05,716
45,36,5.54430262e-05,8.65170223e-05,3.57968165e-05,84
45,37,2.75122075e-05,1.28842017e-04,3.73855837e-05,696
45,38,1.01131205e-04,1.15956891e-05,3.69176050e-05,12
45,39,5.95602323e-05,8.75054466e-05,4.06788895e-05,1072
45,40,2.93874327e-05,2.48657816e-05,4.00196514e-05,180
45,41,1.34598540e-05,9.74782961e-05,4.07222360e-05,564
45,42,1.27757565e-04,5.13786581e-05,4.22754129e-05,1269
45,43,1.10404486e-04,2.30151563e-05,4.17047449e-05,91
45,44,5.45125040e-05,2.89670352e-05,4.20476936e-05,42
45,45,7.01404279e-05,5.32326303e-05,4.29353895e-05,400
45,46,5.14835374e-05,3.88143344e-05,4.24634964e-05,132
45,47,5.20723916e-05,6.42167579e-05,4.37635026e-05,218
45,48,4.30717664e-05,1.33409616e-04,4.32505403e-05,4
45,49,9.54052812e-05,7.67338952e-06,4.49370891e-05,78
45,50,2.02435986e-05,5.66872768e-05,4.46278427e-05,67
45,51,7.23504272e-05,5.26924741e-05,4.59570147e-05,595
45,52,1.45391014e-05,5.36146872e-05,4.54588589e-05,73
45,53,3.02356893e-05,2.11204078e-05,4.67766113e-05,58
45,54,7.70266124e-05,5.47650816e-05,4.68661456e-05,57
45,55,1.35241338e-04,3.43422034e-05,4.84057055e-05,21
45,56,5.92020187e-05,1.26950283e-04,4.82523974e-05,100
45,57,6.02759683e-05,1.25902996e-04,4.87213038e-05,27
45,58,1.95678167e-05,7.11113535e-05,5.04279888e-05,95
45,59,4.62027820e-05,1.05249303e-04,5.20228896e-05,66
45,60,3.40253027e-05,8.98141225e-05,5.49527758e-05,749
45,61,5.84724075e-05,6.37613266e-05,5.48260032e-05,195
45,62,5.47705422e-05,1.09863904e-05,5.66520721e-05,150
45,63,6.24503518e-05,1.36734679e-05,5.86559872e-05,290
45,64,7.92036662e-05,9.38397716e-05,5.94125086e-05,317
45,65,5.28995370e-05,7.52103515e-05,5.95330675e-05,134
45,66,6.35923934e-05,1.18335316e-04,6.01888496e-05,572
45,67,4.76762070e-05,1.21664852e-04,6.09071831e-05,297
45,68,6.84302795e-05,6.28598718e-05,6.22708030e-05,314
45,69,4.32311299e-06,1.16617121e-04,6.18898339e-05,95
45,70,2.91436099e-05,1.96054716e-05,6.25338362e-05,124
45,71,9.77512391e-05,2.95169411e-05,6.25630346e-05,189
45,72,8.75886763e-05,6.02542350e-05,6.28376874e-05,78
45,73,1.51770710e-05,9.65140425e-05,6.31912117e-05,416
45,74,6.57249911e-05,8.95124977e-05,6.27502523e-05,2
46,1,2.86952036e-05,2.74579925e-05,0.00000000e+00,13
46,2,2.42161022e-05,7.60782277e-05,1.73795769e-07,54
46,3,8.80409862e-05,7.67393576e-05,1.71163674e-06,1049
46,4,5.58041793e-05,7.87996541e-05,8.13768281e-07,898
46,5,2.17098168e-05,7.88322650e-05,3.14280101e-07,91
46,6,2.33861447e-05,8.55774852e-05,4.19291109e-06,5100
46,7,7.36642542e-05,9.01097883e-05,5.16537455e-07,472
46,8,1.21493198e-04,9.29573289e-05,3.58215203e-07,61
46,9,9.40714381e-05,1.06345848e-04,1.04199080e-06,1105
46,10,2.13341664e-05,1.13961672e-04,3.73829550e-07,199
46,11,9.76224692e-05,1.20440702e-04,4.12256981e-07,227
46,12,2.29028883e-05,7.76716042e-05,6.29057467e-06,335
46,13,1.91714862e-05,1.14378869e-04,7.61397587e-06,1344
46,14,2.65065355e-05,2.70702058e-05,7.83720498e-06,631
46,15,8.34593739e-05,9.04655026e-05,9.01605108e-06,352
46,16,1.21365476e-04,5.12992883e-05,9.90033368e-06,245
46,17,1.02165533e-04,1.11346824e-04,9.15797864e-06,89
46,18,4.54505753e-05,1.17454649e-04,9.57608790e-06,164
46,19,9.37425430e-05,1.12594898e-04,1.16210822e-05,507
46,20,1.01141013e-04,4.01683392e-05,1.42444578e-05,236
46,21,1.07503634e-04,1.07701744e-04,1.86107973e-05,278
46,22,1.30482702e-04,5.64800830e-05,1.92748630e-05,188
46,23,1.51474751e-05,2.43958802e-05,2.05516881e-05,89
46,24,8.91118179e-05,1.26511208e-04,2.34401141e-05,732
46,25,2.79108790e-05,8.48041673e-05,2.42624283e-05,663
46,26,8.25121679e-05,2.27967212e-05,2.52331629e-05,462
46,27,1.26780040e-04,5.79234365e-05,2.39886249e-05,54
46,28,1.02572340e-04,1.21174890e-04,2.44221501e-05,106
46,29,1.16682517e-04,1.22403080e-05,2.63878374e-05,139
46,30,1.29521388e-04,9.65562867e-05,2.89712079e-05,1049
46,31,8.38947672e-05,6.72742535e-05,2.85027108e-05,1184
46,32,6.21186118e-05,3.12896227e-05,2.99385792e-05,647
46,33,1.03286431e-04,3.22084998e-05,3.23866952e-05,568
46,34,1.06895051e-04,3.78558434e-05,3.50376104e-05,732
46,35,1.21181489e-04,3.51093331e-05,3.48353860e-05,378
46,36,5.54683866e-05,8.65626353e-05,3.59576807e-05,59
46,37,1.01128702e-04,1.15149169e-05,3.70324015e-05,79
46,38,2.74811282e-05,1.28936314e-04,3.74723604e-05,467
46,39,5.95657875e-05,8.74543402e-05,4.05518585e-05,1265
46,40,1.41355422e-05,9.72481794e-05,4.02111000e-05,596
46,41,2.88752526e-05,2.47741664e-05,4.04713683e-05,17
46,42,1.27494524e-04,5.14396779e-05,4.26001861e-05,1078
46,43,1.10505367e-04,2.30317455e-05,4.14899841e-05,129
46,44,6.97115174e-05,5.31722144e-05,4.28433596e-05,512
46,45,5.46131487e-05,2.89957261e-05,4.18148084e-05,16
46,46,5.23173621e-05,3.91046378e-05,4.23399906e-05,132
46,47,4.31378940e-05,1.33471665e-04,4.32431443e-05,41
46,48,5.21297916e-05,6.42679588e-05,4.39886935e-05,197
46,49,2.01986604e-05,5.66538583e-05,4.44497855e-05,80
46,50,9.55563009e-05,7.56640839e-06,4.48271021e-05,100
46,51,7.23281046e-05,5.27180673e-05,4.61365635e-05,656
46,52,1.45694994e-05,5.36873304e-05,4.55550944e-05,122
46,53,3.00395004e-05,2.09714271e-05,4.67616919e-05,46
46,54,7.71668201e-05,5.49040233e-05,4.69132901e-05,70
46,55,5.93429941e-05,1.26867351e-04,4.84655793e-05,478
46,56,1.35052105e-04,3.42977110e-05,4.85178898e-05,61
46,57,1.95856555e-05,7.11071407e-05,5.02735711e-05,152
46,58,4.63536708e-05,1.05080973e-04,5.18794841e-05,62
46,59,5.78232939e-05,6.36389159e-05,5.42206180e-05,331
46,60,3.39094076e-05,8.98389117e-05,5.48398166e-05,549
46,61,5.48074786e-05,1.11091831e-05,5.64720285e-05,73
46,62,6.28202033e-05,1.35470682e-05,5.82249631e-05,528
46,63,5.24648494e-05,7.60220937e-05,5.92517099e-05,137
46,64,7.98390902e-05,9.37007717e-05,5.94254961e-05,483
46,65,6.35904798e-05,1.17651289e-04,6.05848581e-05,725
46,66,3.61066377e-05,1.33569323e-04,5.85581147e-05,17
46,67,4.76036039e-05,1.20832541e-04,6.05487949e-05,510
46,68,6.84627594e-05,6.28939451e-05,6.23029555e-05,332
46,69,2.92247787e-05,1.91447998e-05,6.26239125e-05,182
46,70,9.73430579e-05,3.01972250e-05,6.25480243e-05,257
46,71,6.59632060e-05,8.97268183e-05,6.26523324e-05,162
46,72,4.61221589e-06,1.16503601e-04,6.21586660e-05,44
46,73,8.71807206e-05,6.02642358e-05,6.28490525e-05,123
46,74,1.52995581e-05,9.65509753e-05,6.32624433e-05,486
47,1,2.46148174e-05,7.62605559e-05,2.37220362e-07,50
47,2,8.80418520e-05,7.67656529e-05,1.95207122e-06,1120
47,3,5.60458247e-05,7.79276525e-05,8.36337904e-07,771
47,4,2.20681868e-05,7.91270577e-05,5.26155588e-07,161
47,5,2.33117389e-05,8.56178740e-05,4.15368731e-06,5018
47,6,7.35052527e-05,9.04333792e-05,7.03554122e-07,789
47,7,9.35853532e-05,1.06226376e-04,1.22197810e-06,1604
47,8,1.01866455e-04,1.08563989e-04,1.63043325e-07,67
47,9,2.15555592e-05,1.14252558e-04,2.49397885e-07,109
47,10,9.75911462e-05,1.20362303e-04,4.76450651e-07,267
47,11,1.92347252e-05,1.14485389e-04,7.78779668e-06,1297
47,12,2.35766220e-05,7.81525159e-05,6.75899946e-06,146
47,13,2.65268081e-05,2.71415593e-05,7.89441674e-06,374
47,14,8.35102837e-05,9.05745837e-05,9.00762279e-06,148
47,15,1.02316742e-04,1.11329042e-04,9.30819715e-06,154
47,16,4.65954072e-05,1.17475443e-04,9.31347313e-06,124
47,17,1.23206948e-04,5.21396323e-05,9.76126103e-06,120
47,18,9.38627127e-05,1.12452850e-04,1.18039179e-05,539
47,19,1.01870944e-04,4.00909157e-05,1.37688266e-05,194
47,20,1.06510110e-04,4.52063614e-05,1.46781967e-05,31
47,21,1.30636428e-04,5.60243025e-05,1.90734900e-05,242
47,22,1.07554522e-04,1.07748623e-04,1.87472997e-05,376
47,23,1.52335733e-05,2.42574497e-05,2.05696597e-05,67
47,24,8.88279465e-05,1.26693863e-04,2.40923091e-05,1559
47,25,2.79692831e-05,8.48441559e-05,2.44334660e-05,773
47,26,1.26719606e-04,5.86306087e-05,2.39127567e-05,70
47,27,1.02718041e-04,1.21205005e-04,2.45094179e-05,188
47,28,8.22680813e-05,2.33203464e-05,2.54805091e-05,353
47,29,1.15944582e-04,1.26900495e-05,2.62205776e-05,45
47,30,8.40413704e-05,6.72443930e-05,2.85171154e-05,999
47,31,1.29855747e-04,9.67076921e-05,2.92667573e-05,1304
47,32,6.26106921e-05,3.17484846e-05,3.02876651e-05,572
47,33,1.03124679e-04,3.20241452e-05,3.20797917e-05,526
47,34,1.21629098e-04,3.48349640e-05,3.42995372e-05,1119
47,35,1.06770363e-04,3.79472622e-05,3.51698654e-05,547
47,36,1.01133068e-04,1.14386194e-05,3.70095077e-05,47
47,37,2.75520761e-05,1.28971849e-04,3.74802112e-05,459
47,38,5.96013197e-05,8.75191399e-05,4.03581689e-05,1177
47,39,1.44364676e-05,9.68701861e-05,4.01454381e-05,451
47,40,6.94481205e-05,5.31037258e-05,4.27549094e-05,733
47,41,1.10582361e-04,2.30635651e-05,4.13004382e-05,245
47,42,2.86689610e-05,2.47043608e-05,3.99999990e-05,6
47,43,1.27461550e-04,5.13350169e-05,4.30520449e-05,651
47,44,5.30646357e-05,3.95041825e-05,4.22359044e-05,57
47,45,5.20996618e-05,6.41416118e-05,4.35971851e-05,212
47,46,4.29580505e-05,1.33512352e-04,4.32643283e-05,19
47,47,7.21977631e-05,5.27842858e-05,4.61630334e-05,652
47,48,2.02387437e-05,5.65522496e-05,4.43101380e-05,21
47,49,9.54705101e-05,7.63882781e-06,4.47773964e-05,9
47,50,7.72879139e-05,5.48067292e-05,4.65291632e-05,123
47,51,5.93051845e-05,1.27126841e-04,4.81905990e-05,905
47,52,3.00438351e-05,2.07624998e-05,4.70000014e-05,2
47,53,1.97361096e-05,7.10114109e-05,5.03141346e-05,166
47,54,4.63307915e-05,1.05051993e-04,5.17780281e-05,63
47,55,5.71768069e-05,6.33719537e-05,5.39168723e-05,314
47,56,3.38920327e-05,8.97294594e-05,5.48146199e-05,652
47,57,5.47970558e-05,1.10779965e-05,5.64108377e-05,74
47,58,6.30299328e-05,1.31300394e-05,5.79362822e-05,209
47,59,5.19994610e-05,7.69795079e-05,5.91315802e-05,150
47,60,8.04905503e-05,9.37247241e-05,5.93106452e-05,460
47,61,6.34180906e-05,1.17134652e-04,6.11534415e-05,750
47,62,4.73953623e-05,1.20070697e-04,6.05200767e-05,371
47,63,6.84640254e-05,6.30159921e-05,6.21656145e-05,187
47,64,9.71348272e-05,3.06195288e-05,6.23951419e-05,215
47,65,6.62148959e-05,8.97528153e-05,6.26419715e-05,256
47,66,2.92047207e-05,1.83437242e-05,6.24016757e-05,30
47,67,1.55200742e-05,9.65293002e-05,6.32909068e-05,390
47,68,8.67455383e-05,6.02599066e-05,6.28830239e-05,74
48,1,2.44638595e-05,7.62546479e-05,1.73396970e-07,40
48,2,8.80135485e-05,7.69056642e-05,1.90335868e-06,1226
48,3,5.61564957e-05,7.74715299e-05,8.49797516e-07,687
48,4,2.25422464e-05,8.03126968e-05,3.53483898e-07,124
48,5,2.41554935e-05,8.52010053e-05,5.50675713e-06,2294
48,6,2.18631267e-05,8.63630121e-05,1.41162661e-06,1043
48,7,7.34602436e-05,9.10235540e-05,5.06064623e-07,460
48,8,9.31628383e-05,1.06076128e-04,8.45146815e-07,734
48,9,1.02076112e-04,1.08398977e-04,2.96032340e-07,142
48,10,2.15874970e-05,1.14125069e-04,0.00000000e+00,3
48,11,9.76620722e-05,1.20364944e-04,5.89808792e-07,418
48,12,2.37563891e-05,7.83877258e-05,6.72923079e-06,392
48,13,1.92849093e-05,1.14453913e-04,7.79016318e-06,957
48,14,2.65038780e-05,2.70521869e-05,8.00032376e-06,472
48,15,8.36259715e-05,9.06849891e-05,8.98635790e-06,201
48,16,4.74346380e-05,1.17357544e-04,9.30447459e-06,157
48,17,1.02402795e-04,1.11320020e-04,9.25403856e-06,102
48,18,1.23749764e-04,5.25836804e-05,9.57054181e-06,7
48,19,9.39214369e-05,1.12385620e-04,1.17511609e-05,646
48,20,1.02465689e-04,4.01859943e-05,1.40505535e-05,258
48,21,1.30897824e-04,5.56110208e-05,1.88933773e-05,229
48,22,1.07585409e-04,1.07765307e-04,1.86165889e-05,458
48,23,1.51514569e-05,2.42844744e-05,2.08828842e-05,52
48,24,8.86429916e-05,1.26783561e-04,2.46642230e-05,1354
48,25,2.83639492e-05,8.49964854e-05,2.43204995e-05,481
48,26,1.26569852e-04,5.93995683e-05,2.39766377e-05,90
48,27,1.02809325e-04,1.21219418e-04,2.45420943e-05,169
48,28,8.22198199e-05,2.39553119e-05,2.58569307e-05,259
48,29,1.15253817e-04,1.30524368e-05,2.60361976e-05,127
48,30,8.40593639e-05,6.72886308e-05,2.84205871e-05,1030
48,31,1.30102489e-04,9.68212553e-05,2.96727812e-05,1445
48,32,6.30688883e-05,3.20207619e-05,3.04642126e-05,464
48,33,1.03063299e-04,3.18262719e-05,3.16865189e-05,368
48,34,1.22213678e-04,3.48007561e-05,3.40942934e-05,1386
48,35,1.06784195e-04,3.80345264e-05,3.52417701e-05,673
48,36,2.76989740e-05,1.28907690e-04,3.75250784e-05,479
48,37,5.97132639e-05,8.76477425e-05,4.03809172e-05,988
48,38,1.50868664e-05,9.65316867e-05,3.99135643e-05,653
48,39,2.92894438e-05,2.46096788e-05,4.01901525e-05,185
48,40,1.10677327e-04,2.31503473e-05,4.14525639e-05,287
48,41,1.27255684e-04,5.10533137e-05,4.33529567e-05,981
48,42,5.39836255e-05,3.98011980e-05,4.21278455e-05,146
48,43,6.90740999e-05,5.31331352e-05,4.34247304e-05,494
48,44,5.45874973e-05,2.92868735e-05,4.24999998e-05,3
48,45,5.23214185e-05,6.41822262e-05,4.37864292e-05,276
48,46,7.22314508e-05,5.27800112e-05,4.62651988e-05,961
48,47,2.03894433e-05,5.66476592e-05,4.44076177e-05,55
48,48,9.54523566e-05,7.38343624e-06,4.49744948e-05,40
48,49,7.73715292e-05,5.50111545e-05,4.65701669e-05,86
48,50,1.35391951e-04,3.35027507e-05,4.79963346e-05,164
48,51,5.92295473e-05,1.27556646e-04,4.79532391e-05,263
48,52,1.96271558e-05,7.10560562e-05,5.03482697e-05,153
48,53,4.63307879e-05,1.04979896e-04,5.17677217e-05,247
48,54,5.67575953e-05,6.32296942e-05,5.34216670e-05,348
48,55,3.38425343e-05,8.96837810e-05,5.47121890e-05,727
48,56,5.49057040e-05,1.09777193e-05,5.63044523e-05,144
48,57,1.28003565e-04,1.96749406e-05,5.71102537e-05,32
48,58,6.26640904e-05,1.35385571e-05,5.75897757e-05,39
48,59,6.37606499e-05,1.20019677e-05,5.78580439e-05,7
48,60,5.15615393e-05,7.79066686e-05,5.93035511e-05,228
48,61,8.09955891e-05,9.35889766e-05,5.90949567e-05,295
48,62,4.71594976e-05,1.19218959e-04,6.01257780e-05,298
48,63,6.33616364e-05,1.16465613e-04,6.12886724e-05,643
48,64,6.85710183e-05,6.30229697e-05,6.23060987e-05,213
48,65,9.66993248e-05,3.15287798e-05,6.22653024e-05,145
48,66,6.65479820e-05,8.96694764e-05,6.27569243e-05,235
48,67,2.93370958e-05,1.74000943e-05,6.23188680e-05,11
48,68,8.63960231e-05,6.04337401e-05,6.29069909e-05,98
48,69,1.57797149e-05,9.66411462e-05,6.31908333e-05,310
48,70,4.90238381e-06,1.16588388e-04,6.23256055e-05,23
49,1,1.22145328e-04,5.48620264e-05,1.37134180e-07,18
49,2,5.64482507e-05,7.63088683e-05,8.34278637e-07,561
49,3,8.79863146e-05,7.69534381e-05,1.81968244e-06,1483
49,4,2.27873425e-05,8.01476635e-05,2.20240679e-07,63
49,5,2.41025009e-05,8.49516582e-05,5.80824417e-06,1861
49,6,2.17262950e-05,8.62283414e-05,1.35068797e-06,937
49,7,7.33528723e-05,9.14207194e-05,6.10625420e-07,408
49,8,9.24191481e-05,1.05785184e-04,9.90013746e-07,828
49,9,1.01482401e-04,1.08902852e-04,2.84213371e-07,196
49,10,2.15874970e-05,1.14193070e-04,1.23389029e-07,8
49,11,1.00039390e-04,1.16984025e-04,2.42876553e-07,43
49,12,9.76469382e-05,1.20378070e-04,6.53375480e-07,468
49,13,2.45053561e-05,7.89061232e-05,6.30794466e-06,341
49,14,1.93143278e-05,1.14323477e-04,7.78274261e-06,943
49,15,2.65962390e-05,2.70862311e-05,7.76169509e-06,271
49,16,8.36079198e-05,9.07376962e-05,8.79339859e-06,287
49,17,4.86568788e-05,1.17458709e-04,8.89553212e-06,207
49,18,1.23646430e-04,5.25251744e-05,9.40937116e-06,161
49,19,1.01952144e-04,1.11489426e-04,9.42512088e-06,185
49,20,9.40201498e-05,1.12372843e-04,1.16544788e-05,624
49,21,1.03452563e-04,3.99491291e-05,1.38935911e-05,142
49,22,1.07629050e-04,1.07807835e-04,1.86082107e-05,540
49,23,1.31082415e-04,5.51978010e-05,1.88015565e-05,210
49,24,1.52874600e-05,2.43249269e-05,2.09103328e-05,11
49,25,8.85829504e-05,1.26936284e-04,2.53943927e-05,1160
49,26,2.88889532e-05,8.52854500e-05,2.41282050e-05,269
49,27,1.26541039e-04,6.01494066e-05,2.40912723e-05,67
49,28,1.02924358e-04,1.21069104e-04,2.45806150e-05,187
49,29,1.14702845e-04,1.34256643e-05,2.59431399e-05,127
49,30,8.22246220e-05,2.45727933e-05,2.63326328e-05,200
49,31,8.39925997e-05,6.74293624e-05,2.86014711e-05,994
49,32,1.30266912e-04,9.67410815e-05,2.99310359e-05,1269
49,33,6.33833261e-05,3.23180648e-05,3.07526170e-05,794
49,34,1.03007180e-04,3.19052961e-05,3.17256017e-05,234
49,35,1.22352110e-04,3.48899412e-05,3.34450997e-05,414
49,36,1.06728759e-04,3.79147459e-05,3.54011681e-05,340
49,37,5.54949656e-05,8.66815681e-05,3.58691577e-05,61
49,38,2.78836269e-05,1.28893967e-04,3.76360840e-05,464
49,39,5.98150073e-05,8.75934638e-05,4.02408368e-05,768
49,40,1.53762612e-05,9.62310587e-05,3.97741132e-05,428
49,41,1.10669833e-04,2.31900885e-05,4.14368915e-05,425
49,42,5.49415927e-05,4.01339821e-05,4.21257064e-05,224
49,43,1.26967527e-04,5.10266109e-05,4.37509225e-05,670
49,44,5.46425726e-05,2.92351269e-05,4.24399514e-05,58
49,45,6.84576589e-05,5.32639970e-05,4.36551600e-05,353
49,46,5.24061616e-05,6.41236911e-05,4.34526555e-05,368
49,47,7.22687982e-05,5.27413431e-05,4.60468837e-05,894
49,48,2.04362823e-05,5.66561903e-05,4.44260804e-05,75
49,49,9.55463547e-05,7.31370983e-06,4.50836887e-05,91
49,50,2.51483129e-06,1.16899435e-04,4.56894268e-05,34
49,51,7.72911662e-05,5.49343604e-05,4.65250887e-05,100
49,52,5.94675621e-05,1.27705964e-04,4.78842012e-05,480
49,53,1.96206038e-05,7.09946908e-05,5.04582313e-05,271
49,54,4.64581026e-05,1.04994200e-04,5.19143105e-05,195
49,55,5.59591426e-05,6.30628201e-05,5.37174201e-05,508
49,56,3.40838560e-05,8.95284029e-05,5.46618066e-05,555
49,57,5.50072327e-05,1.08292015e-05,5.63006070e-05,308
49,58,1.27689171e-04,1.99055867e-05,5.68765900e-05,60
49,59,5.12717379e-05,7.86128512e-05,5.89756964e-05,236
49,60,6.24935637e-05,1.26499990e-05,5.80000014e-05,2
49,61,8.17155669e-05,9.36318320e-05,5.92186152e-05,401
49,62,4.69924271e-05,1.18133714e-04,6.01269603e-05,473
49,63,6.34266180e-05,1.15805386e-04,6.14988821e-05,578
49,64,9.62873019e-05,3.23899403e-05,6.20887367e-05,382
49,65,6.87750216e-05,6.30571594e-05,6.24188760e-05,338
49,66,5.00087481e-06,1.16511008e-04,6.19014609e-05,117
49,67,6.67616841e-05,8.95254780e-05,6.28579000e-05,201
49,68,2.94235379e-05,1.64451740e-05,6.24753156e-05,82
49,69,8.63193418e-05,6.04149645e-05,6.29375863e-05,168
49,70,1.59176088e-05,9.65555737e-05,6.34765311e-05,371
50,1,9.48412780e-05,4.29973697e-05,3.82515168e-07,89
50,2,1.25173960e-04,5.00193564e-05,1.41412386e-07,42
50,3,5.66259259e-05,7.55270230e-05,6.97495977e-07,446
50,4,8.80232619e-05,7.70048355e-05,1.86876775e-06,1430
50,5,2.41923208e-05,8.48474956e-05,5.76835146e-06,1813
50,6,2.17297929e-05,8.62330780e-05,1.32022717e-06,1036
50,7,7.31519685e-05,9.22755717e-05,4.90751688e-07,271
50,8,9.20094171e-05,1.05638268e-04,1.10420922e-06,1062
50,9,1.01695638e-04,1.08596825e-04,5.79947596e-07,415
50,10,1.02849997e-04,1.08212487e-04,0.00000000e+00,3
50,11,1.00112033e-04,1.16981995e-04,1.70654459e-07,35
50,12,9.76533556e-05,1.20413701e-04,7.56753082e-07,604
50,13,2.51830734e-05,7.92114588e-05,6.03753824e-06,174
50,14,1.93325595e-05,1.14436196e-04,7.88575380e-06,801
50,15,2.65156341e-05,2.69399388e-05,7.54819484e-06,300
50,16,8.37074258e-05,9.06929490e-05,8.73284625e-06,380
50,17,1.24575643e-04,5.29215831e-05,8.67187919e-06,240
50,18,4.96404791e-05,1.17677570e-04,9.32162220e-06,267
50,19,1.01962236e-04,1.11437315e-04,9.44807471e-06,252
50,20,1.23068763e-04,5.22697846e-05,1.00953985e-05,21
50,21,9.40926329e-05,1.12496105e-04,1.14218656e-05,643
50,22,1.04331171e-04,3.98707671e-05,1.39942558e-05,75
50,23,1.07629457e-04,1.07746222e-04,1.85117369e-05,535
50,24,1.31347158e-04,5.45518888e-05,1.87908608e-05,285
50,25,1.54001100e-05,2.43377999e-05,2.06830573e-05,19
50,26,2.95828067e-05,8.58437052e-05,2.41500184e-05,221
50,27,8.83922257e-05,1.27230291e-04,2.61211862e-05,1823
50,28,1.26432453e-04,6.10007155e-05,2.42317274e-05,104
50,29,1.03015569e-04,1.21151665e-04,2.47922471e-05,140
50,30,8.20835776e-05,2.50376561e-05,2.67785799e-05,369
50,31,1.14134920e-04,1.36004865e-05,2.60570960e-05,119
50,32,8.40853245e-05,6.73638933e-05,2.86253235e-05,896
50,33,1.30511806e-04,9.69003449e-05,3.01871496e-05,947
50,34,6.38529527e-05,3.27255475e-05,3.10922696e-05,559
50,35,1.02651415e-04,3.19733190e-05,3.12833399e-05,235
50,36,1.22591780e-04,3.46051202e-05,3.33879543e-05,477
50,37,1.06785155e-04,3.78615696e-05,3.49506772e-05,480
50,38,5.55085462e-05,8.66291011e-05,3.57745666e-05,31
50,39,2.79600335e-05,1.28916101e-04,3.76717398e-05,443
50,40,1.58749008e-05,9.59822064e-05,3.96056348e-05,832
50,41,6.00230305e-05,8.75726109e-05,4.02475744e-05,690
50,42,1.10607354e-04,2.31241920e-05,4.16325056e-05,562
50,43,5.57934218e-05,4.04573148e-05,4.23219790e-05,209
50,44,1.26755607e-04,5.08381527e-05,4.41051525e-05,729
50,45,5.46320225e-05,2.92681289e-05,4.23925376e-05,28
50,46,5.25008800e-05,6.42571249e-05,4.35705333e-05,465
50,47,6.79853620e-05,5.32545891e-05,4.39189716e-05,378
50,48,9.07957510e-05,1.16416750e-05,4.34999965e-05,3
50,49,9.55514042e-05,7.42221800e-06,4.47657949e-05,49
50,50,7.23174453e-05,5.27154698e-05,4.60540214e-05,721
50,51,2.05189044e-05,5.66914896e-05,4.44199140e-05,57
50,52,7.73873107e-05,5.49666147e-05,4.65353332e-05,102
50,53,3.00845786e-05,2.07530538e-05,4.67325735e-05,15
50,54,5.94305202e-05,1.28465661e-04,4.77261092e-05,358
50,55,1.96938217e-05,7.11064640e-05,5.03121773e-05,118
50,56,5.54027210e-05,6.29908318e-05,5.30817197e-05,557
50,57,4.65271114e-05,1.05016799e-04,5.18080597e-05,230
50,58,3.39350809e-05,8.95176199e-05,5.46113188e-05,285
50,59,5.51007215e-05,1.07284459e-05,5.62456189e-05,263
50,60,6.44874963e-05,1.16874999e-05,5.70000011e-05,1
50,61,6.30808208e-05,1.22056772e-05,5.76928433e-05,13
50,62,8.21841968e-05,9.35286225e-05,5.87632348e-05,253
50,63,5.09775091e-05,7.95358428e-05,5.94897319e-05,228
50,64,4.67308237e-05,1.17327596e-04,6.00469539e-05,340
50,65,6.35132237e-05,1.15306262e-04,6.16266188e-05,568
50,66,9.60388206e-05,3.27352318e-05,6.18836566e-05,270
50,67,6.87473730e-05,6.31006405e-05,6.24209933e-05,339
50,68,2.98106934e-05,1.59598239e-05,6.22735897e-05,31
50,69,8.60895525e-05,6.04524103e-05,6.29976639e-05,115
50,70,6.69287620e-05,8.93563265e-05,6.29482383e-05,154
50,71,1.60072395e-05,9.65408472e-05,6.36745754e-05,216
51,1,1.26132785e-04,5.10366990e-05,1.60895297e-07,40
51,2,5.65943701e-05,7.48024031e-05,8.62930733e-07,603
51,3,8.79163345e-05,7.70305269e-05,1.73724266e-06,1375
51,4,2.71109548e-05,7.78709946e-05,8.20902173e-08,6
51,5,2.57402917e-05,7.93785803e-05,2.67659374e-07,50
51,6,2.45515912e-05,8.49351782e-05,5.88974808e-06,1745
51,7,2.18977875e-05,8.61286971e-05,1.08368499e-06,834
51,8,7.31499968e-05,9.26741850e-05,0.00000000e+00,3
51,9,9.13489130e-05,1.05565581e-04,1.47424794e-06,1455
51,10,1.01839287e-04,1.08496912e-04,5.76606794e-07,462
51,11,2.17250017e-05,1.14331684e-04,0.00000000e+00,4
51,12,1.00017554e-04,1.16889125e-04,1.82525426e-07,30
51,13,9.76536321e-05,1.20410703e-04,6.71687133e-07,486
51,14,2.55774539e-05,7.94526204e-05,6.00254634e-06,391
51,15,1.93291435e-05,1.14543931e-04,8.13470433e-06,971
51,16,2.65735744e-05,2.69995635e-05,7.49733908e-06,391
51,17,1.25003833e-04,5.33546190e-05,8.39453878e-06,93
51,18,8.36491672e-05,9.05065681e-05,8.84259407e-06,356
51,19,1.01704958e-04,1.11495334e-04,9.47212538e-06,188
51,20,1.23587321e-04,5.21499969e-05,9.68202676e-06,11
51,21,5.08562298e-05,1.17473712e-04,9.96416202e-06,187
51,22,9.39944075e-05,1.12541537e-04,1.15527646e-05,801
51,23,1.05050305e-04,3.99810815e-05,1.36119379e-05,143
51,24,1.07677290e-04,1.07811036e-04,1.83946704e-05,605
51,25,1.31670822e-04,5.40331930e-05,1.86040306e-05,212
51,26,3.02475419e-05,8.60467917e-05,2.40788268e-05,423
51,27,1.26366009e-04,6.15136378e-05,2.41563012e-05,77
51,28,1.03013364e-04,1.21320722e-04,2.46755135e-05,89
51,29,8.82803797e-05,1.27560910e-04,2.69148495e-05,1087
51,30,1.13529335e-04,1.40179218e-05,2.57639276e-05,55
51,31,8.20758796e-05,2.55284594e-05,2.72187390e-05,332
51,32,8.43958769e-05,6.70752270e-05,2.86040286e-05,1014
51,33,3.01911241e-05,1.03930193e-04,2.60711295e-05,7
51,34,1.30793240e-04,9.68493332e-05,3.04784262e-05,1376
51,35,1.02490885e-04,3.19848950e-05,3.10513678e-05,382
51,36,6.42662053e-05,3.31052033e-05,3.15485668e-05,704
51,37,1.22966521e-04,3.44404762e-05,3.31986521e-05,1634
51,38,1.06772372e-04,3.78507539e-05,3.48839421e-05,412
51,39,5.56187406e-05,8.65562906e-05,3.65000014e-05,4
51,40,2.81677640e-05,1.28754982e-04,3.79244775e-05,443
51,41,1.66604132e-05,9.56342192e-05,3.94046401e-05,513
51,42,6.00647181e-05,8.75827391e-05,4.03900558e-05,772
51,43,1.10622357e-04,2.32247912e-05,4.15360882e-05,607
51,44,5.46697083e-05,2.92124205e-05,4.22583034e-05,35
51,45,5.66408307e-05,4.07363150e-05,4.21486984e-05,168
51,46,1.26537736e-04,5.06447723e-05,4.41550510e-05,1037
51,47,4.30427899e-05,1.33426700e-04,4.22904377e-05,29
51,48,6.73058094e-05,5.33063358e-05,4.41585180e-05,402
51,49,5.25406394e-05,6.41338484e-05,4.37727613e-05,42
51,50,9.54771749e-05,7.53153836e-06,4.46853119e-05,81
51,51,7.21788747e-05,5.27505217e-05,4.61103700e-05,788
51,52,2.07943922e-05,5.66691670e-05,4.47494785e-05,52
51,53,1.35437687e-04,3.21749976e-05,4.61254494e-05,4
51,54,5.87201503e-05,1.29410037e-04,4.72081083e-05,659
51,55,7.74167202e-05,5.49328288e-05,4.65396261e-05,105
51,56,1.97449062e-05,7.12056135e-05,5.03679621e-05,66
51,57,4.61307900e-05,1.05393927e-04,5.15985485e-05,20
51,58,5.44961258e-05,6.29295246e-05,5.24999996e-05,3
51,59,3.39165126e-05,9.00167652e-05,5.44999966e-05,3
51,60,5.52342135e-05,1.07562964e-05,5.62939385e-05,264
51,61,6.40611397e-05,1.16591264e-05,5.76370039e-05,285
51,62,5.07055993e-05,8.01479036e-05,5.92890756e-05,323
51,63,8.29502897e-05,9.36606884e-05,5.87813229e-05,278
51,64,4.64984187e-05,1.16446652e-04,5.98366605e-05,383
51,65,6.39881764e-05,1.14489529e-04,6.17678379e-05,584
51,66,9.58430537e-05,3.37134152e-05,6.15747995e-05,218
51,67,6.89444278e-05,6.32718875e-05,6.23897577e-05,380
51,68,3.01403124e-05,1.53691508e-05,6.23395681e-05,44
51,69,6.70071095e-05,8.92123862e-05,6.31665098e-05,139
51,70,8.75339101e-05,6.04388079e-05,6.28348134e-05,18
51,71,8.55797480e-05,6.06587455e-05,6.30219147e-05,45
51,72,1.60712334e-05,9.64408246e-05,6.34967000e-05,247
52,1,9.38943631e-05,4.42471828e-05,7.81731956e-07,470
52,2,1.24011975e-04,5.56316154e-05,1.57835530e-07,22
52,3,5.66055096e-05,7.43895216e-05,9.94869879e-07,549
52,4,8.81235828e-05,7.70822080e-05,1.66354437e-06,706
52,5,2.74607119e-05,7.81000344e-05,0.00000000e+00,7
52,6,2.49739624e-05,8.13638908e-05,3.42921169e-07,89
52,7,2.56369312e-05,8.44325696e-05,1.25993404e-06,648
52,8,2.18541300e-05,8.58872081e-05,6.79621508e-07,449
52,9,1.21526922e-04,9.25489585e-05,1.65746982e-07,12
52,10,9.05304478e-05,1.05790445e-04,1.59419005e-06,1702
52,11,2.16550779e-05,1.14202950e-04,2.01426047e-07,113
52,12,1.71874999e-05,1.13987466e-04,0.00000000e+00,3
52,13,9.77010059e-05,1.20341458e-04,6.40508688e-07,448
52,14,2.66038151e-05,2.69937027e-05,7.46719070e-06,548
52,15,2.60937959e-05,7.99260524e-05,6.38103029e-06,374
52,16,1.93063515e-05,1.14534210e-04,7.99644204e-06,1161
52,17,2.37975146e-05,8.52835801e-05,7.99119607e-06,1083
52,18,1.25263730e-04,5.33718594e-05,8.31510170e-06,119
52,19,8.36957406e-05,9.03105756e-05,8.80666630e-06,294
52,20,5.17846893e-05,1.17685449e-04,9.59211866e-06,194
52,21,9.40231475e-05,1.12476126e-04,1.15763105e-05,737
52,22,1.05952255e-04,3.98138545e-05,1.32090727e-05,149
52,23,1.07762906e-04,1.07807471e-04,1.83885695e-05,566
52,24,1.31882567e-04,5.36249318e-05,1.86470079e-05,126
52,25,3.08787785e-05,8.63439709e-05,2.37483164e-05,472
52,26,1.26219704e-04,6.26270485e-05,2.43302147e-05,26
52,27,1.03132050e-04,1.21362376e-04,2.45363372e-05,58
52,28,1.13098351e-04,1.43012076e-05,2.57441134e-05,150
52,29,8.82275781e-05,1.27857144e-04,2.75954153e-05,1213
52,30,3.01584096e-05,1.04000159e-04,2.62112408e-05,52
52,31,8.19733323e-05,2.60352481e-05,2.78295011e-05,347
52,32,8.44480310e-05,6.70255395e-05,2.85751776e-05,974
52,33,1.31153938e-04,9.65650033e-05,3.07602568e-05,959
52,34,1.02379709e-04,3.19743049e-05,3.12118391e-05,574
52,35,6.43772510e-05,3.33259923e-05,3.18409257e-05,721
52,36,1.23288803e-04,3.46235829e-05,3.26946574e-05,409
52,37,1.06869658e-04,3.78611549e-05,3.47555506e-05,731
52,38,5.57780295e-05,8.65090915e-05,3.64529333e-05,32
52,39,2.82150559e-05,1.28911968e-04,3.77212382e-05,399
52,40,1.01474994e-04,1.15499997e-05,3.70000016e-05,1
52,41,1.71867923e-05,9.53744166e-05,3.95695351e-05,635
52,42,3.15863581e-05,2.42925435e-05,3.91988578e-05,51
52,43,6.01578067e-05,8.75285550e-05,4.06425315e-05,818
52,44,1.10586370e-04,2.32656457e-05,4.17269293e-05,217
52,45,4.31622248e-05,1.33400521e-04,4.24924874e-05,268
52,46,5.77362371e-05,4.10090470e-05,4.21569712e-05,137
52,47,5.45296534e-05,2.92926470e-05,4.22711964e-05,24
52,48,6.70095833e-05,5.33310376e-05,4.46519407e-05,763
52,49,1.26365354e-04,5.06937213e-05,4.45946935e-05,527
52,50,5.25651158e-05,6.40504077e-05,4.39411670e-05,393
52,51,9.56078802e-05,7.64678771e-06,4.47821658e-05,39
52,52,7.21080141e-05,5.27571938e-05,4.62894277e-05,912
52,53,2.08567508e-05,5.66589915e-05,4.47818093e-05,16
52,54,5.85728776e-05,1.29790147e-04,4.68951621e-05,469
52,55,7.74721775e-05,5.51040393e-05,4.66702477e-05,95
52,56,1.98641737e-05,7.12727415e-05,5.02672701e-05,43
52,57,5.37949090e-05,6.27888367e-05,5.21006186e-05,211
52,58,4.62850767e-05,1.05308602e-04,5.16614928e-05,58
52,59,4.97943292e-05,8.89231305e-05,5.41421796e-05,14
52,60,3.37907077e-05,9.01312305e-05,5.46246738e-05,4
52,61,5.52369202e-05,1.07268716e-05,5.63617177e-05,171
52,62,6.44579122e-05,1.14120703e-05,5.72921963e-05,653
52,63,8.34213206e-05,9.38734011e-05,5.85885355e-05,355
52,64,9.28119407e-05,1.14047934e-05,5.83074179e-05,34
52,65,5.04177078e-05,8.09164703e-05,5.94454432e-05,222
52,66,4.63450961e-05,1.15458664e-04,5.96814170e-05,411
52,67,9.53977215e-05,3.42350977e-05,6.13053417e-05,345
52,68,6.90281740e-05,6.32207666e-05,6.23268788e-05,366
52,69,6.46113913e-05,1.13958078e-04,6.21975851e-05,436
52,70,6.71432717e-05,8.90020747e-05,6.31706134e-05,182
52,71,8.53568345e-05,6.08283663e-05,6.30411814e-05,89
52,72,1.60748550e-05,9.63489147e-05,6.32387964e-05,166
53,1,9.35534117e-05,4.47134626e-05,6.03002661e-07,410
53,2,1.26554951e-04,5.11776489e-05,0.00000000e+00,5
53,3,5.66081799e-05,7.40571486e-05,1.15197292e-06,709
53,4,8.81539600e-05,7.72141066e-05,1.33119579e-06,276
53,5,8.92374956e-05,7.72064304e-05,0.00000000e+00,2
53,6,2.75190432e-05,7.89112455e-05,6.71639782e-07,212
53,7,2.52724130e-05,8.21427166e-05,9.86978748e-08,10
53,8,2.56020921e-05,8.42650988e-05,2.33288560e-07,64
53,9,2.19072535e-05,8.59570719e-05,9.23837547e-07,650
53,10,1.21625941e-04,9.25249842e-05,5.54732480e-07,127
53,11,9.01069507e-05,1.04599298e-04,2.37635177e-07,50
53,12,8.98746512e-05,1.06557796e-04,1.48928521e-07,30
53,13,9.99274343e-05,1.16713731e-04,3.21767857e-07,91
53,14,9.77534000e-05,1.20373879e-04,6.18333104e-07,426
53,15,8.98378712e-05,1.05516359e-04,2.79085089e-06,285
53,16,2.66720526e-05,2.71617973e-05,7.32484114e-06,389
53,17,2.66082588e-05,8.03221410e-05,6.52279641e-06,192
53,18,1.93417782e-05,1.14444359e-04,7.83859377e-06,925
53,19,2.35915413e-05,8.50270662e-05,7.89428850e-06,718
53,20,8.37856642e-05,9.03019245e-05,9.01251951e-06,675
53,21,5.27855227e-05,1.17795789e-04,8.98789949e-06,167
53,22,1.24176557e-04,5.28552155e-05,8.85130430e-06,10
53,23,1.25942111e-04,5.38033237e-05,8.76465219e-06,17
53,24,9.40250902e-05,1.12390917e-04,1.16407900e-05,516
53,25,1.06581210e-04,3.98794109e-05,1.31641682e-05,64
53,26,1.07779808e-04,1.07789347e-04,1.83044322e-05,596
53,27,2.57032261e-05,8.33487502e-05,1.83673274e-05,87
53,28,1.32450397e-04,5.29820136e-05,1.89634829e-05,68
53,29,3.12780649e-05,8.66501359e-05,2.35381685e-05,514
53,30,1.26149273e-04,6.33123345e-05,2.45001556e-05,93
53,31,1.03223152e-04,1.21275130e-04,2.44999992e-05,7
53,32,1.12421192e-04,1.46423827e-05,2.54580646e-05,86
53,33,8.81469678e-05,1.28037776e-04,2.81359062e-05,1936
53,34,3.03324432e-05,1.03840088e-04,2.59999997e-05,5
53,35,8.18226254e-05,2.66123716e-05,2.82049405e-05,463
53,36,8.45470786e-05,6.70466907e-05,2.85825263e-05,909
53,37,1.31445122e-04,9.63782804e-05,3.08235467e-05,809
53,38,1.02043268e-04,3.17695121e-05,3.11563090e-05,449
53,39,6.48899586e-05,3.38991231e-05,3.21611187e-05,571
53,40,1.23501479e-04,3.44129294e-05,3.25401961e-05,297
53,41,1.06874752e-04,3.78156437e-05,3.44734035e-05,779
53,42,5.57141029e-05,8.66216287e-05,3.63476574e-05,68
53,43,2.80895383e-05,1.28989966e-04,3.74601004e-05,383
53,44,1.77712245e-05,9.52636983e-05,3.93879345e-05,461
53,45,3.26879926e-05,2.39119236e-05,3.84999948e-05,11
53,46,6.00878120e-05,8.72986129e-05,4.04995408e-05,833
53,47,1.10721412e-04,2.33046867e-05,4.17362135e-05,106
53,48,4.31676490e-05,1.33297508e-04,4.24876416e-05,156
53,49,5.43760616e-05,2.93922785e-05,4.19888747e-05,51
53,50,5.83087349e-05,4.12512309e-05,4.22600388e-05,169
53,51,5.26482072e-05,6.41912338e-05,4.40966614e-05,477
53,52,1.25952298e-04,5.07066761e-05,4.48529499e-05,550
53,53,6.67109343e-05,5.34133287e-05,4.48978790e-05,482
53,54,9.56766962e-05,7.75311128e-06,4.48588726e-05,77
53,55,7.19925156e-05,5.27925658e-05,4.62446842e-05,969
53,56,2.09000082e-05,5.66851522e-05,4.45827063e-05,12
53,57,5.81164168e-05,1.30667075e-04,4.65765115e-05,125
53,58,7.75772132e-05,5.48282769e-05,4.67352220e-05,161
53,59,5.90395903e-05,1.29087755e-04,4.68983926e-05,68
53,60,1.97843947e-05,7.13314876e-05,5.01707000e-05,26
53,61,5.32384875e-05,6.27600239e-05,5.19982314e-05,258
53,62,4.62686512e-05,1.05324987e-04,5.20000031e-05,2
53,63,4.97520086e-05,8.89166404e-05,5.40415349e-05,12
53,64,3.39345934e-05,8.99312072e-05,5.45401163e-05,171
53,65,6.46782573e-05,1.11267518e-05,5.68109645e-05,385
53,66,5.51646881e-05,1.06353527e-05,5.63112590e-05,92
53,67,9.29076050e-05,1.15605781e-05,5.81800923e-05,39
53,68,8.41493820e-05,9.38334269e-05,5.84292502e-05,320
53,69,4.61576310e-05,1.14568997e-04,5.93328805e-05,388
53,70,5.00830247e-05,8.17915134e-05,5.95385682e-05,243
53,71,9.49831083e-05,3.51925264e-05,6.11173527e-05,253
53,72,6.91835739e-05,6.32279261e-05,6.24269233e-05,421
53,73,6.54058458e-05,1.13807539e-04,6.24159511e-05,324
53,74,8.52200174e-05,6.09518902e-05,6.30311988e-05,192
53,75,6.71657617e-05,8.87728165e-05,6.30085124e-05,163
53,76,1.61454373e-05,9.63734128e-05,6.30211944e-05,240
53,77,8.70379663e-05,6.08322698e-05,6.31239163e-05,24
54,1,9.32413968e-05,4.53065368e-05,7.16951376e-07,512
54,2,5.65908304e-05,7.33404813e-05,1.55827320e-06,942
54,3,8.78629726e-05,7.72102067e-05,1.47168657e-06,840
54,4,2.88291158e-05,7.95207088e-05,0.00000000e+00,3
54,5,2.57692263e-05,8.28473203e-05,1.95623556e-07,121
54,6,2.20117345e-05,8.61248700e-05,9.49146624e-07,836
54,7,1.21651123e-04,9.25109343e-05,9.90241688e-07,507
54,8,8.93680990e-05,1.04308114e-04,3.95768950e-07,177
54,9,8.96714701e-05,1.06372303e-04,1.52271241e-07,26
54,10,2.14457268e-05,1.14830749e-04,1.21025181e-07,37
54,11,1.00104582e-04,1.16759649e-04,3.44832898e-07,105
54,12,9.78140451e-05,1.20158009e-04,5.76150399e-07,376
54,13,8.96693964e-05,1.05355473e-04,3.08557833e-06,354
54,14,2.67169526e-05,2.71114022e-05,7.33319348e-06,538
54,15,1.93445849e-05,1.14343646e-04,7.87255340e-06,983
54,16,2.73301812e-05,8.09619232e-05,6.90224442e-06,197
54,17,2.37164986e-05,8.47614356e-05,8.48961099e-06,775
54,18,8.38131527e-05,9.03087639e-05,8.82647146e-06,689
54,19,1.25068153e-04,5.30290527e-05,8.15833664e-06,54
54,20,5.38050917e-05,1.17674121e-04,9.53163089e-06,230
54,21,1.26331870e-04,5.40526198e-05,8.66657956e-06,9
54,22,9.41273174e-05,1.12322858e-04,1.14930026e-05,378
54,23,1.07593733e-04,3.99086712e-05,1.35541850e-05,36
54,24,1.07853448e-04,1.07883185e-04,1.81965534e-05,571
54,25,1.32627130e-04,5.30588404e-05,1.87676978e-05,243
54,26,2.56477324e-05,8.31512880e-05,1.80142433e-05,34
54,27,3.19595929e-05,8.71989687e-05,2.31924187e-05,400
54,28,1.26083105e-04,6.41240258e-05,2.45457813e-05,90
54,29,1.03399994e-04,1.21412493e-04,2.44999992e-05,1
54,30,1.11979170e-04,1.49527668e-05,2.52732316e-05,71
54,31,8.81097294e-05,1.28123240e-04,2.88518495e-05,1195
54,32,8.46070907e-05,6.71381567e-05,2.87222338e-05,981
54,33,8.17414984e-05,2.70011606e-05,2.84257840e-05,301
54,34,1.31679684e-04,9.63451457e-05,3.12150914e-05,1367
54,35,1.23909485e-04,3.40670231e-05,3.21079388e-05,1379
54,36,1.01807724e-04,3.15509351e-05,3.10401738e-05,193
54,37,6.51222435e-05,3.41940467e-05,3.23621462e-05,837
54,38,1.07066982e-04,3.77478063e-05,3.44611944e-05,761
54,39,5.59681430e-05,8.65498005e-05,3.64595544e-05,188
54,40,2.81366356e-05,1.29009131e-04,3.75216987e-05,376
54,41,6.00561580e-05,8.72393503e-05,4.04445163e-05,634
54,42,1.84140208e-05,9.49161331e-05,3.97275944e-05,418
54,43,1.10802808e-04,2.32215007e-05,4.15695758e-05,143
54,44,5.43253591e-05,2.92249806e-05,4.17726151e-05,11
54,45,5.94625926e-05,4.16168768e-05,4.21487493e-05,74
54,46,4.33052810e-05,1.33367401e-04,4.27170271e-05,99
54,47,1.25546110e-04,5.08389749e-05,4.48255487e-05,1117
54,48,5.26551703e-05,6.42245286e-05,4.40753465e-05,425
54,49,6.61244267e-05,5.38021341e-05,4.51502128e-05,622
54,50,9.07499998e-05,1.12749995e-05,4.35000002e-05,1
54,51,7.20586177e-05,5.27364937e-05,4.60287229e-05,772
54,52,9.57744705e-05,7.78541107e-06,4.48680112e-05,42
54,53,2.07751145e-05,5.67249153e-05,4.46358827e-05,11
54,54,5.86096212e-05,1.30176195e-04,4.66169695e-05,388
54,55,7.76201050e-05,5.50705445e-05,4.67375103e-05,126
54,56,1.97192239e-05,7.13803602e-05,5.00653114e-05,46
54,57,5.27137599e-05,6.26809851e-05,5.16526634e-05,290
54,58,4.64659861e-05,1.05092076e-04,5.16170003e-05,42
54,59,4.99278285e-05,8.92068347e-05,5.40552828e-05,9
54,60,3.38936188e-05,9.00624946e-05,5.50000041e-05,2
54,61,5.52377496e-05,1.08291069e-05,5.65253322e-05,37
54,62,6.50139045e-05,1.02348467e-05,5.65856353e-05,23
54,63,6.43499079e-05,1.16189804e-05,5.67492134e-05,12
54,64,8.47761185e-05,9.40027312e-05,5.82900284e-05,330
54,65,4.61333439e-05,1.13686765e-04,5.90037416e-05,395
54,66,4.98348891e-05,8.25744792e-05,5.95645361e-05,134
54,67,9.47671724e-05,3.57044373e-05,6.10189854e-05,367
54,68,6.93313414e-05,6.32859956e-05,6.23294109e-05,505
54,69,1.62329416e-05,9.63560160e-05,6.26576584e-05,358
54,70,6.62738239e-05,1.13776208e-04,6.25564644e-05,250
54,71,6.72525784e-05,8.84587935e-05,6.30453433e-05,201
54,72,8.59127758e-05,6.09651470e-05,6.30353898e-05,181
55,1,9.28499139e-05,4.56326015e-05,6.82440600e-07,570
55,2,5.65329756e-05,7.26180515e-05,1.76106403e-06,1546
55,3,8.77341881e-05,7.71138803e-05,1.33178435e-06,661
55,4,2.88063948e-05,7.94753869e-05,0.00000000e+00,6
55,5,2.76630781e-05,8.11831414e-05,9.29934387e-08,21
55,6,2.60747365e-05,8.30839708e-05,5.35973356e-07,422
55,7,2.20546772e-05,8.61618610e-05,8.63356490e-07,532
55,8,8.44249953e-05,8.77249986e-05,0.00000000e+00,1
55,9,8.64225149e-05,8.99178922e-05,1.83392387e-07,19
55,10,8.68999996e-05,8.99940205e-05,0.00000000e+00,4
55,11,1.21739933e-04,9.25328641e-05,8.47247804e-07,306
55,12,8.89749790e-05,1.05533662e-04,1.91544177e-06,1194
55,13,1.03251907e-04,1.09250563e-04,7.60050227e-07,40
55,14,9.77136151e-05,1.20272591e-04,6.09998267e-07,400
55,15,2.66174266e-05,2.70468881e-05,7.53168706e-06,705
55,16,2.74560207e-05,8.11914579e-05,6.93648281e-06,324
55,17,1.94239365e-05,1.14376679e-04,7.86642249e-06,908
55,18,8.38811829e-05,9.03492182e-05,8.79421714e-06,1301
55,19,2.38745379e-05,8.48658674e-05,8.49163280e-06,852
55,20,5.48156713e-05,1.17338997e-04,9.35324806e-06,431
55,21,1.26789077e-04,5.42715970e-05,8.83999292e-06,71
55,22,9.41305625e-05,1.12237278e-04,1.13081196e-05,434
55,23,1.08264547e-04,4.00164281e-05,1.30321414e-05,140
55,24,2.63747788e-05,8.38302658e-05,1.82879558e-05,376
55,25,1.07840176e-04,1.07936496e-04,1.82460517e-05,601
55,26,1.32881760e-04,5.25236574e-05,1.84209875e-05,171
55,27,3.25711371e-05,8.78756910e-05,2.31089598e-05,359
55,28,1.25965104e-04,6.48401838e-05,2.46146374e-05,72
55,29,1.11451722e-04,1.52912835e-05,2.51862657e-05,92
55,30,1.03342900e-04,1.21584701e-04,2.47079224e-05,12
55,31,8.48705604e-05,6.69133879e-05,2.85381248e-05,1368
55,32,3.03189518e-05,1.03812505e-04,2.59999997e-05,2
55,33,8.80835287e-05,1.28459302e-04,2.94695019e-05,1735
55,34,8.15307867e-05,2.75933271e-05,2.87233743e-05,201
55,35,1.32038913e-04,9.63494676e-05,3.14049139e-05,708
55,36,1.01609665e-04,3.15338693e-05,3.08554045e-05,204
55,37,1.24238926e-04,3.38845930e-05,3.16943187e-05,778
55,38,6.53730385e-05,3.47173700e-05,3.24232533e-05,578
55,39,1.07018219e-04,3.79262747e-05,3.42508465e-05,749
55,40,5.61553825e-05,8.65636539e-05,3.63350664e-05,303
55,41,2.81734465e-05,1.29054533e-04,3.73931944e-05,322
55,42,3.39239559e-05,2.32837847e-05,3.83749102e-05,56
55,43,3.28348906e-05,2.41176331e-05,3.84999985e-05,5
55,44,6.00981693e-05,8.73055760e-05,4.03918239e-05,440
55,45,1.89398052e-05,9.49838359e-05,3.95164461e-05,293
55,46,1.10759436e-04,2.31505710e-05,4.16427902e-05,146
55,47,6.02573600e-05,4.20385950e-05,4.20729557e-05,98
55,48,5.43401438e-05,2.93420962e-05,4.20000033e-05,5
55,49,4.34364083e-05,1.33306195e-04,4.26509578e-05,10
55,50,1.25409832e-04,5.08997291e-05,4.52685890e-05,698
55,51,5.26946133e-05,6.39944192e-05,4.40248186e-05,402
55,52,9.10249946e-05,1.11373965e-05,4.34999965e-05,3
55,53,7.20796088e-05,5.27128032e-05,4.61489581e-05,904
55,54,6.57370256e-05,5.38146633e-05,4.54465480e-05,403
55,55,2.07269131e-05,5.66681774e-05,4.47384518e-05,23
55,56,5.80748783e-05,1.30581961e-04,4.61210475e-05,332
55,57,7.77281239e-05,5.48972821e-05,4.69088773e-05,149
55,58,1.98180114e-05,7.13750196e-05,5.00655333e-05,55
55,59,5.22003429e-05,6.25556931e-05,5.12918523e-05,284
55,60,4.65495868e-05,1.05032428e-04,5.15758220e-05,109
55,61,5.01680515e-05,8.93120814e-05,5.39222019e-05,51
55,62,5.11631188e-05,9.04310073e-05,5.39413886e-05,43
55,63,3.40442493e-05,8.97397549e-05,5.48449207e-05,115
55,64,5.51173507e-05,1.08475779e-05,5.65107366e-05,47
55,65,6.40687431e-05,1.10416422e-05,5.66744493e-05,23
55,66,8.54406026e-05,9.40870377e-05,5.79631123e-05,146
55,67,4.56557245e-05,1.12740272e-04,5.90781638e-05,258
55,68,4.95922395e-05,8.33478043e-05,5.96105638e-05,225
55,69,9.44804997e-05,3.60274753e-05,6.06506546e-05,261
55,70,6.94059127e-05,6.33000673e-05,6.22867228e-05,592
55,71,1.63395798e-05,9.63339917e-05,6.25280663e-05,249
55,72,6.70002191e-05,1.13935203e-04,6.24466848e-05,342
55,73,6.72651295e-05,8.82211316e-05,6.30260038e-05,204
55,74,8.55604521e-05,6.09595263e-05,6.31984294e-05,109
56,1,9.25199129e-05,4.64964432e-05,6.94220944e-07,578
56,2,5.67161442e-05,7.18872543e-05,1.87643684e-06,1255
56,3,8.75946280e-05,7.70534389e-05,1.50581025e-06,1244
56,4,2.97248916e-05,8.04625815e-05,1.36267957e-07,11
56,5,2.52151040e-05,8.41605579e-05,1.98428481e-07,75
56,6,2.19423800e-05,8.59494612e-05,1.16447870e-06,729
56,7,1.21770958e-04,9.26057037e-05,5.45376224e-07,112
56,8,8.82791937e-05,1.05475476e-04,1.99439705e-06,1783
56,9,1.03330109e-04,1.09482469e-04,6.52260042e-07,55
56,10,1.74624984e-05,1.14193637e-04,0.00000000e+00,2
56,11,9.76956871e-05,1.20186596e-04,5.19112120e-07,302
56,12,2.66386196e-05,2.70472283e-05,7.61529054e-06,801
56,13,1.94532367e-05,1.14317765e-04,7.92463379e-06,1000
56,14,2.35952448e-05,8.51273653e-05,7.71142368e-06,608
56,15,8.38270789e-05,9.02680549e-05,8.94242385e-06,850
56,16,1.25628227e-04,5.35749969e-05,8.29545661e-06,66
56,17,5.57472886e-05,1.17364878e-04,8.79801246e-06,222
56,18,9.41058170e-05,1.12427682e-04,1.15587936e-05,600
56,19,1.08951928e-04,3.99702367e-05,1.33416297e-05,45
56,20,2.63943457e-05,8.37449188e-05,1.84441978e-05,378
56,21,1.07927757e-04,1.07997912e-04,1.81490614e-05,638
56,22,1.32902729e-04,5.19901369e-05,1.85197496e-05,229
56,23,3.29740760e-05,8.83331013e-05,2.30988499e-05,400
56,24,1.25692270e-04,6.55237673e-05,2.46648306e-05,74
56,25,1.03330996e-04,1.21618592e-04,2.44999974e-05,4
56,26,1.10771733e-04,1.56701044e-05,2.53697399e-05,114
56,27,3.02888875e-05,1.03714119e-04,2.59297030e-05,14
56,28,8.50987562e-05,6.68147986e-05,2.85747683e-05,964
56,29,8.79478175e-05,1.28516433e-04,3.03368161e-05,1648
56,30,8.14623927e-05,2.80816039e-05,2.92433397e-05,291
56,31,1.01422724e-04,3.15845136e-05,3.05972826e-05,200
56,32,1.32334972e-04,9.60714315e-05,3.15925390e-05,699
56,33,1.24385959e-04,3.38753671e-05,3.16307414e-05,240
56,34,6.56604025e-05,3.50027112e-05,3.26705376e-05,646
56,35,1.07147673e-04,3.78796503e-05,3.43180000e-05,572
56,36,5.60862827e-05,8.63446039e-05,3.58798898e-05,484
56,37,1.02007645e-04,1.14582162e-05,3.72002578e-05,15
56,38,2.84026810e-05,1.28939777e-04,3.75483869e-05,229
56,39,6.00436506e-05,8.73775425e-05,4.02552432e-05,545
56,40,1.94857257e-05,9.46126456e-05,3.95354909e-05,300
56,41,1.10848210e-04,2.31210470e-05,4.16016846e-05,331
56,42,5.43820679e-05,2.94504007e-05,4.19529279e-05,73
56,43,6.10730422e-05,4.24472710e-05,4.22147750e-05,183
56,44,1.25365012e-04,5.09870260e-05,4.56216439e-05,830
56,45,5.26159274e-05,6.40719809e-05,4.40197400e-05,290
56,46,9.11616007e-05,1.12381049e-05,4.35993607e-05,15
56,47,7.22095065e-05,5.26935037e-05,4.61281961e-05,1118
56,48,6.53778116e-05,5.39784232e-05,4.57662245e-05,888
56,49,9.61983096e-05,7.49363380e-06,4.48138126e-05,16
56,50,2.08999991e-05,5.67876850e-05,4.48942010e-05,14
56,51,1.50219394e-05,5.31534315e-05,4.53535431e-05,44
56,52,5.74397600e-05,1.31957466e-04,4.56224298e-05,54
56,53,5.82838256e-05,1.30398432e-04,4.58248869e-05,17
56,54,7.77867899e-05,5.50443183e-05,4.68106300e-05,148
56,55,3.03599554e-05,2.05561264e-05,4.68009566e-05,10
56,56,5.15279426e-05,6.24807581e-05,5.05278440e-05,296
56,57,1.98294747e-05,7.14083653e-05,5.00370261e-05,71
56,58,4.62915777e-05,1.05279214e-04,5.19999994e-05,3
56,59,5.07965524e-05,8.99101651e-05,5.40818983e-05,246
56,60,3.40173974e-05,8.97413192e-05,5.47508425e-05,60
56,61,6.44808533e-05,1.06031493e-05,5.62799578e-05,43
56,62,5.51839694e-05,1.09260091e-05,5.62693494e-05,84
56,63,1.25991690e-04,2.15760483e-05,5.68055148e-05,23
56,64,8.64080212e-05,9.43080886e-05,5.76670609e-05,313
56,65,4.55584232e-05,1.11915753e-04,5.89432093e-05,321
56,66,4.93592670e-05,8.42273221e-05,6.00105741e-05,158
56,67,9.43550403e-05,3.66384229e-05,6.04146189e-05,171
56,68,6.95319322e-05,6.32280353e-05,6.22838488e-05,532
56,69,6.71149028e-05,8.79562431e-05,6.28636699e-05,239
56,70,1.64764588e-05,9.63380735e-05,6.25281464e-05,126
56,71,6.76587297e-05,1.14308408e-04,6.26575929e-05,279
56,72,8.60846631e-05,6.10150928e-05,6.30732102e-05,63
57,1,2.87374987e-05,2.77064082e-05,0.00000000e+00,4
57,2,9.21975734e-05,4.70206796e-05,8.23737423e-07,708
57,3,1.25740829e-04,5.64348957e-05,1.51478019e-07,23
57,4,5.66651506e-05,7.11864268e-05,2.13868452e-06,1873
57,5,8.76241247e-05,7.70796833e-05,1.63000425e-06,1145
57,6,2.98588384e-05,8.06141761e-05,3.46477577e-07,108
57,7,2.60720535e-05,8.34018210e-05,4.46444318e-07,167
57,8,2.84446942e-05,8.34728999e-05,1.65084074e-07,39
57,9,2.20931524e-05,8.60474829e-05,5.78023673e-07,237
57,10,8.81444503e-05,1.04605220e-04,3.75232730e-07,152
57,11,8.72424498e-05,1.06546257e-04,1.80739420e-07,33
57,12,8.75873666e-05,1.06975000e-04,0.00000000e+00,3
57,13,2.18190944e-05,1.14613555e-04,1.76424479e-07,76
57,14,9.77349046e-05,1.20218909e-04,5.21603226e-07,265
57,15,8.75957121e-05,1.05545987e-04,3.18629941e-06,338
57,16,2.66491625e-05,2.69982866e-05,7.60821422e-06,956
57,17,2.93946141e-05,8.22685543e-05,6.62258071e-06,368
57,18,1.95214052e-05,1.14185073e-04,7.74378259e-06,1179
57,19,2.38609591e-05,8.48834825e-05,8.18293574e-06,605
57,20,8.38426931e-05,9.04418921e-05,8.85806548e-06,799
57,21,5.70162993e-05,1.17319141e-04,9.03476575e-06,455
57,22,1.27462801e-04,5.49426768e-05,7.97799748e-06,43
57,23,1.26156170e-04,5.41750014e-05,8.50000015e-06,2
57,24,9.41092730e-05,1.12342459e-04,1.15005796e-05,576
57,25,1.33133668e-04,5.16087275e-05,1.79703839e-05,244
57,26,1.07967047e-04,1.08009823e-04,1.82793210e-05,563
57,27,3.33011812e-05,8.86915805e-05,2.29426696e-05,293
57,28,1.10253823e-04,1.59525171e-05,2.52972823e-05,109
57,29,1.25412975e-04,6.61544764e-05,2.47385869e-05,42
57,30,1.03399994e-04,1.21412493e-04,2.44999992e-05,1
57,31,8.50746583e-05,6.68244684e-05,2.85045353e-05,1179
57,32,3.02655262e-05,1.03690574e-04,2.60549823e-05,9
57,33,8.13211227e-05,2.86349241e-05,2.96116996e-05,464
57,34,8.78598439e-05,1.28612970e-04,3.10960640e-05,1131
57,35,1.01105354e-04,3.15273610e-05,3.02933804e-05,168
57,36,1.32715388e-04,9.58961900e-05,3.18666134e-05,915
57,37,1.24683356e-04,3.33412099e-05,3.15189609e-05,466
57,38,6.59928264e-05,3.53361429e-05,3.28736060e-05,1096
57,39,1.07232729e-04,3.77617725e-05,3.44832370e-05,378
57,40,5.60122789e-05,8.62885281e-05,3.58070538e-05,413
57,41,1.02097278e-04,1.14717259e-05,3.70242524e-05,21
57,42,2.85191145e-05,1.28958098e-04,3.75221280e-05,250
57,43,3.49005713e-05,2.29834022e-05,3.81229111e-05,96
57,44,2.04648368e-05,9.43977648e-05,3.89667803e-05,303
57,45,5.99915547e-05,8.73851022e-05,4.02315345e-05,577
57,46,1.10901245e-04,2.29653306e-05,4.19014505e-05,473
57,47,5.45189323e-05,2.95061673e-05,4.18968484e-05,54
57,48,6.17268815e-05,4.27344530e-05,4.22168050e-05,195
57,49,5.26299227e-05,6.43481908e-05,4.36061709e-05,187
57,50,9.10250019e-05,1.12747111e-05,4.35000038e-05,3
57,51,1.25236693e-04,5.10779973e-05,4.60813244e-05,773
57,52,7.23177000e-05,5.26335934e-05,4.59952607e-05,1105
57,53,6.51206210e-05,5.42000344e-05,4.61281597e-05,769
57,54,2.08871952e-05,5.68376308e-05,4.49098188e-05,11
57,55,9.63266793e-05,7.57409452e-06,4.50968619e-05,25
57,56,1.48867730e-05,5.31281439e-05,4.52652530e-05,49
57,57,5.74063015e-05,1.32373403e-04,4.52147397e-05,14
57,58,5.82888970e-05,1.31215158e-04,4.60577940e-05,61
57,59,7.78432295e-05,5.49588585e-05,4.69038932e-05,100
57,60,3.02792214e-05,2.06052282e-05,4.66765596e-05,14
57,61,5.10000100e-05,6.24215972e-05,5.03913252e-05,365
57,62,1.97317968e-05,7.14194466e-05,5.00000169e-05,24
57,63,1.14968665e-04,2.55063514e-05,5.12045590e-05,22
57,64,5.06286924e-05,8.96534693e-05,5.39589710e-05,187
57,65,3.38916943e-05,8.96903221e-05,5.46446208e-05,55
57,66,6.52651797e-05,1.02157583e-05,5.65145383e-05,474
57,67,5.52752317e-05,1.08702861e-05,5.60829722e-05,18
57,68,1.25884006e-04,2.16903754e-05,5.66711460e-05,59
57,69,8.69334035e-05,9.43170016e-05,5.72759454e-05,188
57,70,4.52045788e-05,1.11161557e-04,5.87439499e-05,437
57,71,9.39675010e-05,3.71050701e-05,6.02232249e-05,302
57,72,4.93562438e-05,8.51410514e-05,5.99411323e-05,186
57,73,6.97409050e-05,6.31643125e-05,6.22981897e-05,442
57,74,6.83299586e-05,1.14689508e-04,6.26590336e-05,367
57,75,6.69420551e-05,8.77368220e-05,6.27893824e-05,132
57,76,1.65818437e-05,9.62584236e-05,6.26433393e-05,70
57,77,8.64874019e-05,6.09899071e-05,6.31501753e-05,23
58,1,9.19891900e-05,4.75885536e-05,5.54577468e-07,397
58,2,5.65212213e-05,7.04377380e-05,2.07697508e-06,931
58,3,8.77012790e-05,7.70868355e-05,1.67443943e-06,1398
58,4,2.85941369e-05,8.40730718e-05,3.97011689e-07,138
58,5,2.21620212e-05,8.62958550e-05,2.41084109e-07,74
58,6,8.73842364e-05,1.04380299e-04,1.07920336e-07,23
58,7,8.75223413e-05,1.06559884e-04,4.28759080e-07,124
58,8,1.74625002e-05,1.13987495e-04,0.00000000e+00,1
58,9,1.00048572e-04,1.16660856e-04,1.95600109e-07,61
58,10,9.77585514e-05,1.20160948e-04,5.42633984e-07,291
58,11,8.73479585e-05,1.05458537e-04,3.24890129e-06,325
58,12,2.66877905e-05,2.69579941e-05,7.45403304e-06,1039
58,13,2.98085997e-05,8.24436283e-05,6.33771742e-06,448
58,14,1.94853928e-05,1.14117851e-04,7.75951594e-06,1293
58,15,5.79316038e-05,1.17060838e-04,8.46772127e-06,634
58,16,2.39917299e-05,8.50247525e-05,8.03944204e-06,600
58,17,8.38675114e-05,9.04235203e-05,9.06781133e-06,857
58,18,1.27962630e-04,5.52622696e-05,7.74961154e-06,22
58,19,9.41032049e-05,1.12317095e-04,1.13492615e-05,557
58,20,1.10822475e-04,4.04604871e-05,1.24599665e-05,50
58,21,1.08019020e-04,1.07980093e-04,1.81630057e-05,519
58,22,1.33357447e-04,5.12953375e-05,1.79807557e-05,78
58,23,3.35866571e-05,8.93167744e-05,2.26889788e-05,293
58,24,1.03508261e-04,1.21785466e-04,2.44294733e-05,14
58,25,1.25172417e-04,6.66430788e-05,2.48255674e-05,60
58,26,1.09943438e-04,1.61136722e-05,2.52111495e-05,66
58,27,8.50217475e-05,6.66554333e-05,2.84344896e-05,1343
58,28,3.03643446e-05,1.03789534e-04,2.59999997e-05,6
58,29,8.11721548e-05,2.88842202e-05,2.99585336e-05,515
58,30,1.00854151e-04,3.13678356e-05,3.00346201e-05,202
58,31,1.25063729e-04,3.30053772e-05,3.12407865e-05,1138
58,32,8.78586798e-05,1.28903601e-04,3.15152938e-05,1762
58,33,1.33027963e-04,9.57406955e-05,3.21106163e-05,388
58,34,6.62967868e-05,3.60485028e-05,3.31531337e-05,465
58,35,1.07345877e-04,3.78599725e-05,3.49423281e-05,452
58,36,5.59102300e-05,8.62508896e-05,3.57866265e-05,427
58,37,2.85430451e-05,1.29039210e-04,3.75789132e-05,297
58,38,3.46174529e-05,2.29600646e-05,3.79826633e-05,57
58,39,2.12872037e-05,9.41534599e-05,3.88159278e-05,400
58,40,5.97940380e-05,8.73248864e-05,4.02889927e-05,586
58,41,1.10965120e-04,2.29910638e-05,4.18746749e-05,361
58,42,5.45447547e-05,2.96996968e-05,4.18777890e-05,45
58,43,6.24423774e-05,4.30647669e-05,4.21630539e-05,203
58,44,5.28121018e-05,6.43200256e-05,4.36305199e-05,252
58,45,7.23849080e-05,5.25573814e-05,4.60758856e-05,877
58,46,6.46935150e-05,5.43192364e-05,4.63152464e-05,564
58,47,2.08312049e-05,5.68562391e-05,4.47500825e-05,8
58,48,5.73314428e-05,1.32249013e-04,4.54518522e-05,256
58,49,9.64560822e-05,7.56249938e-06,4.50000007e-05,2
58,50,1.25119768e-04,5.10703649e-05,4.67166356e-05,339
58,51,1.49188973e-05,5.30664474e-05,4.52303320e-05,52
58,52,7.78395115e-05,5.48884709e-05,4.66189922e-05,73
58,53,5.04088093e-05,6.22012303e-05,5.00174901e-05,366
58,54,1.97863228e-05,7.13898626e-05,5.01734139e-05,20
58,55,4.61470481e-05,1.05430961e-04,5.18465895e-05,13
58,56,3.39712860e-05,8.96150959e-05,5.44466930e-05,532
58,57,6.57348355e-05,9.97958796e-06,5.59538785e-05,923
58,58,5.02859075e-05,8.92821336e-05,5.41252411e-05,115
58,59,5.14008752e-05,9.05463967e-05,5.38843015e-05,35
58,60,5.52815109e-05,1.10459605e-05,5.56433770e-05,21
58,61,1.25580758e-04,2.20868897e-05,5.64471666e-05,19
58,62,8.75787300e-05,9.42699771e-05,5.72098616e-05,302
58,63,4.51507658e-05,1.10428780e-04,5.85090129e-05,382
58,64,4.91853934e-05,8.57936975e-05,5.98910847e-05,147
58,65,9.37300283e-05,3.78151817e-05,5.99483537e-05,132
58,66,6.98428339e-05,6.29916467e-05,6.25201137e-05,393
58,67,6.89605877e-05,1.15289899e-04,6.26092151e-05,410
58,68,6.67036802e-05,8.75898477e-05,6.26851543e-05,142
58,69,8.67579365e-05,6.08113842e-05,6.28994167e-05,30
58,70,1.67269955e-05,9.63954881e-05,6.30319773e-05,91
59,1,9.15337732e-05,4.82151117e-05,8.37464370e-07,543
59,2,5.64857037e-05,6.95680355e-05,2.37297900e-06,1616
59,3,8.77487037e-05,7.70674669e-05,1.82910253e-06,1649
59,4,3.14713689e-05,8.16223692e-05,1.60634642e-07,34
59,5,2.60604775e-05,8.34865714e-05,6.04190632e-07,235
59,6,2.90301941e-05,8.44411697e-05,5.14120870e-07,243
59,7,2.21134687e-05,8.63213500e-05,4.52848155e-07,210
59,8,8.67421186e-05,1.04242186e-04,4.64609769e-07,195
59,9,8.70256772e-05,1.05699575e-04,2.10658618e-06,1367
59,10,9.99625045e-05,1.17218900e-04,0.00000000e+00,4
59,11,9.77108502e-05,1.20291283e-04,6.80732285e-07,437
59,12,2.67219875e-05,2.69129814e-05,7.33722027e-06,606
59,13,3.02222743e-05,8.29386772e-05,6.65628158e-06,500
59,14,1.94443346e-05,1.14093797e-04,7.64816650e-06,1169
59,15,5.86252718e-05,1.16779680e-04,8.49491153e-06,395
59,16,1.28502812e-04,5.55759216e-05,7.15470014e-06,16
59,17,2.40792306e-05,8.51332152e-05,8.36100844e-06,639
59,18,8.37585903e-05,9.04288754e-05,9.23276912e-06,276
59,19,1.27027830e-04,5.44068535e-05,8.76372269e-06,19
59,20,9.41169346e-05,1.12308553e-04,1.11710851e-05,421
59,21,1.11557209e-04,4.05027677e-05,1.23657783e-05,261
59,22,1.08097673e-04,1.07974593e-04,1.81603809e-05,512
59,23,1.33296824e-04,5.10389582e-05,1.81617961e-05,104
59,24,3.42503736e-05,8.98284343e-05,2.27808760e-05,216
59,25,1.03480772e-04,1.21813660e-04,2.47100397e-05,36
59,26,1.24931074e-04,6.73499380e-05,2.47989719e-05,32
59,27,1.09399043e-04,1.63022542e-05,2.50620542e-05,16
59,28,8.49541611e-05,6.67860077e-05,2.82863075e-05,1365
59,29,3.03874986e-05,1.03743841e-04,2.59999997e-05,2
59,30,1.00819343e-04,3.11390104e-05,3.01207619e-05,406
59,31,8.09832927e-05,2.93701778e-05,3.06170732e-05,435
59,32,8.79044528e-05,1.28942003e-04,3.22139567e-05,1598
59,33,1.25449485e-04,3.29011236e-05,3.07597547e-05,133
59,34,1.33531488e-04,9.56240838e-05,3.25250912e-05,698
59,35,6.66260166e-05,3.62089959e-05,3.37549391e-05,887
59,36,1.07327382e-04,3.77707511e-05,3.50171867e-05,734
59,37,5.58080646e-05,8.62392553e-05,3.59816113e-05,369
59,38,2.84859652e-05,1.29025517e-04,3.76395656e-05,298
59,39,3.57835015e-05,2.28535664e-05,3.80344827e-05,96
59,40,2.18602218e-05,9.40601822e-05,3.92632974e-05,469
59,41,5.96984464e-05,8.73709214e-05,4.04197854e-05,303
59,42,1.10965178e-04,2.29598991e-05,4.17396041e-05,347
59,43,6.33533928e-05,4.34169342e-05,4.22451849e-05,233
59,44,5.47251548e-05,2.96658218e-05,4.19999997e-05,4
59,45,5.28814671e-05,6.43598178e-05,4.37641938e-05,177
59,46,7.25012287e-05,5.23740418e-05,4.59337389e-05,687
59,47,6.44891988e-05,5.43547758e-05,4.66846686e-05,854
59,48,1.50248134e-05,5.29567660e-05,4.53587891e-05,174
59,49,1.24876926e-04,5.11032486e-05,4.70694977e-05,496
59,50,5.74173791e-05,1.31988461e-04,4.52915920e-05,12
59,51,7.78165777e-05,5.48390635e-05,4.66799574e-05,53
59,52,4.96912071e-05,6.20904830e-05,4.99483031e-05,310
59,53,3.39671278e-05,8.96827842e-05,5.44773429e-05,458
59,54,5.08932280e-05,8.99963052e-05,5.40177825e-05,213
59,55,6.59252182e-05,9.76927640e-06,5.54770413e-05,333
59,56,5.55499973e-05,1.11374993e-05,5.55000006e-05,1
59,57,8.81255837e-05,9.44414933e-05,5.72145909e-05,283
59,58,4.51034612e-05,1.09633678e-04,5.81070017e-05,576
59,59,9.33799602e-05,3.86463253e-05,5.98234947e-05,180
59,60,4.90674320e-05,8.67074777e-05,6.00172425e-05,220
59,61,6.98955191e-05,6.28791167e-05,6.25341927e-05,324
59,62,1.32456735e-05,5.06615797e-05,6.21117724e-05,9
59,63,6.92997346e-05,1.15762254e-04,6.27594927e-05,323
59,64,6.64118634e-05,8.74973484e-05,6.27396439e-05,89
59,65,1.69149862e-05,9.63943166e-05,6.31071089e-05,57
60,1,9.11061070e-05,4.91700339e-05,5.79374387e-07,277
60,2,5.63406684e-05,6.90356319e-05,2.74895547e-06,659
60,3,5.80249980e-05,6.89561057e-05,0.00000000e+00,2
60,4,8.67201816e-05,7.67897582e-05,4.46060994e-07,160
60,5,8.81975648e-05,7.75384469e-05,2.42151782e-06,247
60,6,2.60401703e-05,8.34290549e-05,6.87179863e-07,337
60,7,3.02288699e-05,8.49141288e-05,1.86476626e-07,32
60,8,2.22725248e-05,8.63501118e-05,7.88880470e-07,424
60,9,8.60290456e-05,1.05431100e-04,2.45180627e-06,1277
60,10,1.74039924e-05,1.13889917e-04,0.00000000e+00,7
60,11,9.97925017e-05,1.16894575e-04,3.41859760e-07,156
60,12,9.76444790e-05,1.20301040e-04,7.01026806e-07,483
60,13,1.94915301e-05,1.14091265e-04,7.70525912e-06,1157
60,14,2.66728712e-05,2.69435805e-05,7.29264502e-06,426
60,15,1.28944972e-04,5.56144878e-05,6.89339595e-06,175
60,16,3.08353119e-05,8.32968872e-05,6.78801280e-06,326
60,17,2.40998888e-05,8.51340810e-05,8.55093731e-06,797
60,18,8.37950138e-05,9.05228226e-05,9.00017585e-06,583
60,19,5.94235353e-05,1.16546929e-04,8.54376140e-06,283
60,20,9.41164180e-05,1.12313210e-04,1.10932342e-05,400
60,21,1.12041904e-04,4.07317239e-05,1.24209255e-05,185
60,22,1.08117223e-04,1.08088294e-04,1.80756688e-05,552
60,23,1.33903814e-04,5.02336079e-05,1.83042885e-05,125
60,24,3.45758926e-05,9.04422268e-05,2.24012838e-05,293
60,25,1.03447499e-04,1.21948229e-04,2.46666968e-05,134
60,26,1.24509694e-04,6.80908561e-05,2.48774431e-05,78
60,27,1.08563443e-04,1.67497365e-05,2.46552936e-05,16
60,28,8.50416473e-05,6.67168351e-05,2.82604487e-05,1180
60,29,3.04894620e-05,1.04008555e-04,2.62488975e-05,120
60,30,1.00832658e-04,3.07792434e-05,2.98489849e-05,383
60,31,8.07379620e-05,2.97087336e-05,3.13009477e-05,514
60,32,1.25612307e-04,3.25033434e-05,3.05475878e-05,155
60,33,1.33755355e-04,9.53825365e-05,3.29755894e-05,1263
60,34,8.78365317e-05,1.29139618e-04,3.29760260e-05,1222
60,35,6.66725682e-05,3.66683053e-05,3.41141495e-05,1114
60,36,1.07492000e-04,3.77789329e-05,3.49046350e-05,934
60,37,5.60786102e-05,8.64486065e-05,3.62261089e-05,626
60,38,2.84852267e-05,1.28835163e-04,3.75902964e-05,274
60,39,3.63505060e-05,2.25819367e-05,3.77729775e-05,44
60,40,2.22468043e-05,9.36756041e-05,3.94367162e-05,415
60,41,5.98112310e-05,8.75888582e-05,4.02753394e-05,241
60,42,1.11025831e-04,2.28549688e-05,4.21302502e-05,390
60,43,5.48674761e-05,2.96493999e-05,4.19060889e-05,27
60,44,6.42848099e-05,4.37298440e-05,4.24217615e-05,245
60,45,5.29675017e-05,6.44330357e-05,4.38422758e-05,224
60,46,5.60364424e-05,1.34256028e-04,4.44628458e-05,54
60,47,7.25336431e-05,5.24829775e-05,4.59007024e-05,734
60,48,1.51389286e-05,5.28635464e-05,4.53462526e-05,326
60,49,1.24716520e-04,5.12596016e-05,4.72405191e-05,1052
60,50,2.07624798e-05,5.67875613e-05,4.45000005e-05,5
60,51,6.41071456e-05,5.44238756e-05,4.71202766e-05,432
60,52,7.78875401e-05,5.46938427e-05,4.66365273e-05,81
60,53,3.07449736e-05,2.10650433e-05,4.69999977e-05,5
60,54,4.89862832e-05,6.20359424e-05,4.95140885e-05,199
60,55,5.06981487e-05,8.97769496e-05,5.40520450e-05,241
60,56,3.40481311e-05,8.97662103e-05,5.45969560e-05,291
60,57,6.59977377e-05,9.63201728e-06,5.51338780e-05,155
60,58,5.55090992e-05,1.11102090e-05,5.58484389e-05,30
60,59,8.87881470e-05,9.42486440e-05,5.67906209e-05,61
60,60,4.46975209e-05,1.08829765e-04,5.81131389e-05,393
60,61,9.32559633e-05,3.90743953e-05,5.96642676e-05,206
60,62,4.89719132e-05,8.77803614e-05,6.02108084e-05,372
60,63,6.99442971e-05,6.27513946e-05,6.24669119e-05,455
60,64,6.62096427e-05,8.74652978e-05,6.25927205e-05,80
60,65,6.94785413e-05,1.16435891e-04,6.26628753e-05,257
60,66,8.98725993e-05,6.09973213e-05,6.28349735e-05,21
60,67,1.70033090e-05,9.64663122e-05,6.34187672e-05,62
61,1,9.09430528e-05,4.99746347e-05,1.28806437e-06,946
61,2,5.72983954e-05,6.85141349e-05,1.42296017e-07,7
61,3,5.61107154e-05,6.88623550e-05,3.34779179e-06,447
61,4,8.75621117e-05,7.73873835e-05,2.02732781e-06,853
61,5,2.58272903e-05,8.34175808e-05,5.35683796e-07,203
61,6,3.01880409e-05,8.51852237e-05,1.83165341e-07,38
61,7,2.22381805e-05,8.65136171e-05,8.46524642e-07,462
61,8,8.59372740e-05,1.04338615e-04,1.46075791e-07,17
61,9,9.98034811e-05,1.16702809e-04,4.13607808e-07,179
61,10,9.77416494e-05,1.20234850e-04,5.91957246e-07,424
61,11,8.55079925e-05,1.05572930e-04,3.96114683e-06,66
61,12,2.66499082e-05,2.69201228e-05,7.10447830e-06,202
61,13,3.13195342e-05,8.37163316e-05,6.71883981e-06,274
61,14,1.94720360e-05,1.14182381e-04,7.75361423e-06,841
61,15,6.04286142e-05,1.16187352e-04,8.16891861e-06,500
61,16,1.29538210e-04,5.59734399e-05,6.91588366e-06,63
61,17,2.40276713e-05,8.51950754e-05,8.49381649e-06,645
61,18,8.38211927e-05,9.04823464e-05,8.56744100e-06,390
61,19,9.41504550e-05,1.12346846e-04,1.10628189e-05,374
61,20,1.13139162e-04,4.10846260e-05,1.21261482e-05,112
61,21,1.34264570e-04,4.97689180e-05,1.81598916e-05,109
61,22,1.08104396e-04,1.08070337e-04,1.81936703e-05,571
61,23,3.51261588e-05,9.08595903e-05,2.21273476e-05,214
61,24,1.03465027e-04,1.21929363e-04,2.47164189e-05,115
61,25,1.07693842e-04,1.72434175e-05,2.48235774e-05,42
61,26,1.24036160e-04,6.89910812e-05,2.49999975e-05,12
61,27,3.05206013e-05,1.03979619e-04,2.62625817e-05,173
61,28,8.49956123e-05,6.67640925e-05,2.84165417e-05,984
61,29,1.25965220e-04,3.22360138e-05,3.03226716e-05,1139
61,30,1.00640958e-04,3.04653968e-05,2.97123897e-05,161
61,31,8.05116724e-05,3.00244592e-05,3.17089252e-05,380
61,32,8.76836057e-05,1.29449094e-04,3.34256947e-05,1850
61,33,1.34132977e-04,9.51947441e-05,3.34825563e-05,590
61,34,1.07491665e-04,3.78577024e-05,3.47621390e-05,899
61,35,6.70916197e-05,3.69706977e-05,3.43896972e-05,613
61,36,5.60720946e-05,8.65403272e-05,3.62069150e-05,587
61,37,2.84171383e-05,1.29012813e-04,3.74851952e-05,287
61,38,3.70368070e-05,2.22380277e-05,3.78803634e-05,142
61,39,2.29465404e-05,9.36282886e-05,3.95489151e-05,362
61,40,5.98110928e-05,8.76376507e-05,4.03408558e-05,194
61,41,1.11069712e-04,2.28069730e-05,4.22128760e-05,355
61,42,5.48958524e-05,2.98042960e-05,4.19464159e-05,29
61,43,6.53049719e-05,4.40320946e-05,4.24866193e-05,279
61,44,5.29550271e-05,6.44526444e-05,4.38891911e-05,203
61,45,5.61768902e-05,1.34144357e-04,4.44633115e-05,278
61,46,7.26045473e-05,5.23679155e-05,4.58170689e-05,552
61,47,1.52398288e-05,5.28613709e-05,4.52111344e-05,208
61,48,2.07117519e-05,5.66756389e-05,4.44815450e-05,27
61,49,1.24708808e-04,5.13409359e-05,4.76074856e-05,689
61,50,6.36350160e-05,5.47241507e-05,4.76954920e-05,703
61,51,7.79011461e-05,5.47160780e-05,4.66593992e-05,89
61,52,4.84039592e-05,6.19608618e-05,4.92721992e-05,141
61,53,4.60499105e-05,1.05509556e-04,5.16220134e-05,41
61,54,5.03558658e-05,8.92280659e-05,5.43691931e-05,76
61,55,3.38603022e-05,8.97108112e-05,5.44621180e-05,50
61,56,5.13561281e-05,9.06815694e-05,5.37498127e-05,8
61,57,8.92414610e-05,9.45483989e-05,5.66437484e-05,369
61,58,4.46561280e-05,1.08243243e-04,5.76634193e-05,711
61,59,4.87932048e-05,8.83719113e-05,6.00133753e-05,313
61,60,9.28996378e-05,4.00800309e-05,5.95147103e-05,100
61,61,7.01240715e-05,6.25449175e-05,6.24998938e-05,230
61,62,6.93976472e-05,1.17235926e-04,6.24152308e-05,326
61,63,6.59475991e-05,8.74734105e-05,6.26914116e-05,88
61,64,8.83339962e-05,6.06963840e-05,6.27862973e-05,7
61,65,9.03026958e-05,6.12183940e-05,6.27417394e-05,35
61,66,1.70797503e-05,9.64624851e-05,6.37818084e-05,73
62,1,9.07927097e-05,5.03948031e-05,1.08151437e-06,644
62,2,1.28410524e-04,5.78648614e-05,1.61263131e-07,37
62,3,5.49586366e-05,6.82062673e-05,2.80933989e-07,23
62,4,5.71880992e-05,6.82981554e-05,5.03245019e-07,60
62,5,5.77499995e-05,6.84062034e-05,0.00000000e+00,2
62,6,8.78751744e-05,7.75063672e-05,2.19194089e-06,678
62,7,3.23746790e-05,8.24168601e-05,4.35038999e-07,123
62,8,2.56614330e-05,8.34481689e-05,3.78056768e-07,144
62,9,2.22269882e-05,8.64624017e-05,7.71233772e-07,502
62,10,1.21781406e-04,9.26448847e-05,6.45929617e-07,210
62,11,7.06375795e-05,1.00967292e-04,1.94160918e-07,46
62,12,8.47288393e-05,1.06722051e-04,2.08784897e-07,38
62,13,9.99067997e-05,1.17031726e-04,2.64595485e-07,86
62,14,9.77733507e-05,1.20268174e-04,6.33332718e-07,570
62,15,5.61389534e-05,6.81616948e-05,4.50944253e-06,493
62,16,8.47961201e-05,1.05564861e-04,4.51939013e-06,103
62,17,6.12075673e-05,1.15820825e-04,7.32095623e-06,477
62,18,2.66579609e-05,2.69972988e-05,7.00788769e-06,256
62,19,3.17618542e-05,8.42072477e-05,6.91263676e-06,358
62,20,1.94435033e-05,1.14245842e-04,7.80057962e-06,687
62,21,1.29955763e-04,5.62100831e-05,7.14386488e-06,79
62,22,2.39296060e-05,8.51091972e-05,8.28717293e-06,756
62,23,8.38330670e-05,9.04985136e-05,8.44184797e-06,571
62,24,1.28562489e-04,5.55499973e-05,7.50000027e-06,1
62,25,9.40746540e-05,1.12375768e-04,1.11296586e-05,413
62,26,1.13625276e-04,4.10295615e-05,1.18252801e-05,63
62,27,1.34462112e-04,4.95149689e-05,1.80533771e-05,113
62,28,1.08052649e-04,1.07979351e-04,1.83434295e-05,579
62,29,3.55394368e-05,9.13364056e-05,2.18271580e-05,267
62,30,1.07158470e-04,1.75835721e-05,2.45788615e-05,109
62,31,1.03326907e-04,1.21595047e-04,2.47656935e-05,85
62,32,1.23674443e-04,6.96752322e-05,2.51429356e-05,108
62,33,8.51130244e-05,6.65925472e-05,2.81816974e-05,1091
62,34,3.05950634e-05,1.03828825e-04,2.63123875e-05,130
62,35,1.53999990e-05,4.01500001e-05,2.59999997e-05,1
62,36,1.26299899e-04,3.21396292e-05,2.93798566e-05,252
62,37,1.00641395e-04,3.02947483e-05,2.94580714e-05,62
62,38,8.05463860e-05,3.01705168e-05,3.23890745e-05,445
62,39,1.34351154e-04,9.50752583e-05,3.38097343e-05,864
62,40,8.75895494e-05,1.29574371e-04,3.40484694e-05,1168
62,41,6.73195464e-05,3.72749637e-05,3.48180147e-05,1468
62,42,1.07488937e-04,3.79921221e-05,3.47724999e-05,954
62,43,5.61084453e-05,8.64874746e-05,3.59395635e-05,457
62,44,2.84896651e-05,1.28958200e-04,3.74205774e-05,174
62,45,3.73624971e-05,2.24124415e-05,3.73644070e-05,11
62,46,2.36161359e-05,9.32878393e-05,3.94163362e-05,294
62,47,5.98203296e-05,8.76371050e-05,4.04965976e-05,305
62,48,1.11056266e-04,2.28230947e-05,4.21982695e-05,383
62,49,4.38115021e-05,1.32936024e-04,4.16334296e-05,67
62,50,6.60996520e-05,4.43453282e-05,4.23234778e-05,228
62,51,5.49999968e-05,2.96999988e-05,4.19999997e-05,1
62,52,5.30189245e-05,6.44068205e-05,4.37590788e-05,192
62,53,5.60891385e-05,1.34170885e-04,4.42274359e-05,102
62,54,7.27954321e-05,5.23491617e-05,4.58090399e-05,571
62,55,9.68497843e-05,7.95698907e-06,4.52001441e-05,30
62,56,2.09824811e-05,5.66778217e-05,4.45000005e-05,5
62,57,1.52548046e-05,5.28751589e-05,4.52991881e-05,45
62,58,1.24462589e-04,5.14037201e-05,4.77715766e-05,698
62,59,7.80415648e-05,5.47259515e-05,4.67340105e-05,75
62,60,3.06869842e-05,2.07700632e-05,4.67940627e-05,17
62,61,6.33993477e-05,5.47761920e-05,4.79624214e-05,367
62,62,4.76639907e-05,6.19438943e-05,4.88537698e-05,120
62,63,4.61777563e-05,1.05516345e-04,5.17558183e-05,43
62,64,5.04706732e-05,8.93465112e-05,5.44765426e-05,204
62,65,5.13938903e-05,9.06032583e-05,5.37162377e-05,44
62,66,9.01708117e-05,9.44042622e-05,5.63949507e-05,279
62,67,4.42508026e-05,1.07360269e-04,5.74627302e-05,345
62,68,9.25321947e-05,4.04728416e-05,5.92435645e-05,296
62,69,4.88086480e-05,8.92609678e-05,5.98617444e-05,292
62,70,7.01121171e-05,6.23449960e-05,6.23470260e-05,184
62,71,1.35148239e-05,5.06924043e-05,6.19786078e-05,24
62,72,6.56805714e-05,8.76334670e-05,6.26876645e-05,159
62,73,6.92501053e-05,1.17822958e-04,6.26758847e-05,352
62,74,9.06935165e-05,6.13188604e-05,6.28406124e-05,41
62,75,1.72263190e-05,9.66472871e-05,6.35157485e-05,86
63,1,9.07170397e-05,5.08128869e-05,1.13392446e-06,660
63,2,8.78878200e-05,7.75951048e-05,2.20932270e-06,871
63,3,8.64532631e-05,7.74299406e-05,1.86512196e-07,8
63,4,2.57385600e-05,8.34942912e-05,9.58208588e-08,26
63,5,3.34676151e-05,8.33525628e-05,0.00000000e+00,5
63,6,3.27249982e-05,8.38749984e-05,0.00000000e+00,1
63,7,2.23070929e-05,8.65100810e-05,6.51146593e-07,360
63,8,3.12124976e-05,8.59374995e-05,0.00000000e+00,1
63,9,8.46951079e-05,1.06627638e-04,4.17421461e-07,84
63,10,1.03009887e-04,1.09822984e-04,3.18993074e-07,150
63,11,9.98956457e-05,1.17074407e-04,1.87424405e-07,74
63,12,9.78557800e-05,1.20153709e-04,6.37595349e-07,595
63,13,5.60970257e-05,6.79562290e-05,5.35813797e-06,200
63,14,8.40684443e-05,1.05565872e-04,4.68509143e-06,71
63,15,3.27303824e-05,8.46451367e-05,7.01193994e-06,510
63,16,2.66137449e-05,2.70395794e-05,7.28933765e-06,304
63,17,8.39540589e-05,9.04754634e-05,8.37680000e-06,1021
63,18,1.94135264e-05,1.14367882e-04,7.73943520e-06,622
63,19,6.23501473e-05,1.15760762e-04,7.20191383e-06,343
63,20,2.39099027e-05,8.50524884e-05,8.21791946e-06,681
63,21,1.28851374e-04,5.58250867e-05,7.19975196e-06,10
63,22,9.41888866e-05,1.12233123e-04,1.12346643e-05,501
63,23,1.02093712e-04,1.10825000e-04,9.49999958e-06,2
63,24,1.14548966e-04,4.12471964e-05,1.20888990e-05,51
63,25,1.34643546e-04,4.95132117e-05,1.75711939e-05,91
63,26,1.08031993e-04,1.07959546e-04,1.83902830e-05,634
63,27,3.61568564e-05,9.18497244e-05,2.14838383e-05,538
63,28,1.03451079e-04,1.21600788e-04,2.44584280e-05,126
63,29,1.06669511e-04,1.78121263e-05,2.45863830e-05,111
63,30,1.23413905e-04,7.02728576e-05,2.50655085e-05,61
63,31,3.07836017e-05,1.03799131e-04,2.65878352e-05,127
63,32,8.51826844e-05,6.65960251e-05,2.83409627e-05,979
63,33,1.00162237e-04,3.01768378e-05,2.94122765e-05,64
63,34,1.26202562e-04,3.18648599e-05,2.92769546e-05,38
63,35,8.02663053e-05,3.03446104e-05,3.29689501e-05,553
63,36,1.34525762e-04,9.48387024e-05,3.41211198e-05,980
63,37,8.76306731e-05,1.29688982e-04,3.46038141e-05,1153
63,38,6.75500632e-05,3.76033349e-05,3.52716270e-05,1317
63,39,1.07517924e-04,3.80006313e-05,3.48066424e-05,1116
63,40,5.62815258e-05,8.65047696e-05,3.61134043e-05,382
63,41,3.87032960e-05,2.16478566e-05,3.69642221e-05,126
63,42,2.86905488e-05,1.28829459e-04,3.76425705e-05,219
63,43,2.43391878e-05,9.31578033e-05,3.97978547e-05,295
63,44,5.98685801e-05,8.77144848e-05,4.05240207e-05,324
63,45,1.11147929e-04,2.28179961e-05,4.19383396e-05,343
63,46,1.32724381e-04,3.43893589e-05,4.12632071e-05,19
63,47,5.49999131e-05,2.97686329e-05,4.17506672e-05,12
63,48,6.69337314e-05,4.46313607e-05,4.24628670e-05,254
63,49,4.36330993e-05,1.33008201e-04,4.19161988e-05,6
63,50,5.30679463e-05,6.44842730e-05,4.37067501e-05,177
63,51,7.27395091e-05,5.24999159e-05,4.58077157e-05,730
63,52,2.08142137e-05,5.65768605e-05,4.43282443e-05,32
63,53,9.67813176e-05,7.89249043e-06,4.51985616e-05,15
63,54,1.51837667e-05,5.28999517e-05,4.54691435e-05,33
63,55,1.24497805e-04,5.14551066e-05,4.79991177e-05,1008
63,56,3.06781694e-05,2.08189049e-05,4.68520302e-05,27
63,57,6.29598435e-05,5.47913769e-05,4.84047814e-05,633
63,58,7.79220500e-05,5.48079952e-05,4.68291182e-05,59
63,59,4.69069855e-05,6.17578626e-05,4.88460355e-05,69
63,60,1.15362498e-04,2.52999998e-05,5.09999991e-05,1
63,61,4.63817414e-05,1.05333143e-04,5.15433894e-05,34
63,62,5.13887244e-05,9.06198911e-05,5.34199207e-05,19
63,63,6.61212980e-05,8.57715986e-06,5.54738617e-05,94
63,64,9.08059374e-05,9.45681531e-05,5.62039895e-05,418
63,65,4.41839256e-05,1.06301042e-04,5.72232857e-05,416
63,66,9.23293555e-05,4.07901825e-05,5.90344134e-05,373
63,67,4.87086400e-05,9.04610934e-05,5.99714840e-05,192
63,68,7.00275850e-05,6.21308354e-05,6.21779836e-05,175
63,69,6.54918840e-05,8.78012579e-05,6.27549234e-05,173
63,70,9.10113667e-05,6.15624522e-05,6.27602931e-05,79
63,71,1.73079843e-05,9.67417727e-05,6.30812283e-05,115
63,72,6.90020606e-05,1.18193639e-04,6.29055794e-05,404
64,1,8.84328474e-05,7.77638488e-05,4.22225042e-07,20
64,2,8.88641516e-05,7.78250396e-05,1.41938614e-07,7
64,3,2.61993282e-05,8.35829560e-05,1.81957560e-07,41
64,4,3.38708851e-05,8.37294283e-05,3.61831894e-07,63
64,5,2.23695752e-05,8.62623710e-05,7.16156421e-07,280
64,6,7.01999670e-05,1.02349804e-04,3.19525753e-07,100
64,7,8.37463012e-05,1.04445848e-04,4.43443611e-07,66
64,8,8.36923064e-05,1.06143510e-04,3.47301989e-06,941
64,9,1.02928614e-04,1.09765715e-04,2.97157499e-07,151
64,10,9.78714233e-05,1.20135453e-04,6.34877154e-07,571
64,11,8.75414262e-05,7.79631810e-05,2.94956521e-06,339
64,12,9.05243578e-05,5.13710511e-05,2.44665239e-06,28
64,13,5.61121378e-05,6.76002965e-05,5.63850699e-06,160
64,14,1.95019074e-05,1.14166745e-04,7.54054781e-06,834
64,15,3.32878553e-05,8.51871810e-05,6.64514982e-06,209
64,16,8.40917128e-05,9.03139517e-05,8.37002335e-06,838
64,17,6.32094889e-05,1.15318639e-04,7.53348741e-06,214
64,18,2.65493254e-05,2.71348872e-05,7.47249487e-06,133
64,19,1.29623557e-04,5.59833352e-05,7.20263597e-06,87
64,20,1.31157780e-04,5.70281773e-05,7.12441897e-06,8
64,21,2.40080699e-05,8.50946381e-05,8.34088405e-06,567
64,22,9.42286497e-05,1.12282927e-04,1.11683730e-05,299
64,23,1.15422772e-04,4.15081849e-05,1.16312967e-05,64
64,24,1.08045650e-04,1.08025670e-04,1.83620941e-05,514
64,25,1.34848524e-04,4.92645413e-05,1.81424730e-05,7
64,26,3.66895692e-05,9.23857297e-05,2.10606231e-05,397
64,27,1.06331216e-04,1.80557836e-05,2.43952381e-05,99
64,28,1.03474558e-04,1.21517325e-04,2.45289812e-05,55
64,29,1.22870028e-04,7.11151370e-05,2.54999995e-05,5
64,30,8.52135636e-05,6.66499836e-05,2.82992114e-05,925
64,31,3.07575865e-05,1.03724604e-04,2.65393246e-05,39
64,32,1.26489016e-04,3.12196134e-05,2.92832628e-05,346
64,33,9.98573232e-05,2.99344611e-05,2.94593265e-05,51
64,34,8.00556081e-05,3.06024813e-05,3.35200202e-05,698
64,35,1.34808084e-04,9.46358632e-05,3.40742918e-05,443
64,36,8.74492107e-05,1.29712353e-04,3.54705226e-05,1841
64,37,1.07669352e-04,3.80264537e-05,3.48700014e-05,1064
64,38,6.78517899e-05,3.80574565e-05,3.56100572e-05,698
64,39,5.61812740e-05,8.64709509e-05,3.62042447e-05,446
64,40,4.00029021e-05,2.11454171e-05,3.62310966e-05,28
64,41,2.87654184e-05,1.28949425e-04,3.76453281e-05,228
64,42,5.98169536e-05,8.78099818e-05,4.05446081e-05,410
64,43,2.49738368e-05,9.31238828e-05,3.96081159e-05,279
64,44,1.11280591e-04,2.30683381e-05,4.13410926e-05,87
64,45,6.76480850e-05,4.50237276e-05,4.25143189e-05,280
64,46,5.31288351e-05,6.45525433e-05,4.36027840e-05,188
64,47,5.51374942e-05,1.36354240e-04,4.36670998e-05,3
64,48,7.27891165e-05,5.25042378e-05,4.58775030e-05,718
64,49,9.67761953e-05,7.93294384e-06,4.51943633e-05,23
64,50,1.51647846e-05,5.29961399e-05,4.55000045e-05,7
64,51,1.24437240e-04,5.14697749e-05,4.82505166e-05,616
64,52,7.79894035e-05,5.47187337e-05,4.67431491e-05,99
64,53,3.08000017e-05,2.08311139e-05,4.70000050e-05,2
64,54,6.27310292e-05,5.49513679e-05,4.87629914e-05,494
64,55,4.63200886e-05,6.15878162e-05,4.84067496e-05,161
64,56,4.63869801e-05,1.05496911e-04,5.15586580e-05,204
64,57,5.07536497e-05,8.96987185e-05,5.33372731e-05,631
64,58,6.69503424e-05,7.90415197e-06,5.46849369e-05,700
64,59,9.11615862e-05,9.45735010e-05,5.59620130e-05,349
64,60,1.24024547e-04,2.34967902e-05,5.63059548e-05,62
64,61,4.40535005e-05,1.05272797e-04,5.67304487e-05,176
64,62,9.19645172e-05,4.13914822e-05,5.89881711e-05,159
64,63,4.88092592e-05,9.11615134e-05,6.11470095e-05,943
64,64,7.00121673e-05,6.20018982e-05,6.21585859e-05,174
64,65,9.11949392e-05,6.21811269e-05,6.27162226e-05,149
64,66,6.53649695e-05,8.79572763e-05,6.30020368e-05,183
64,67,6.85332052e-05,1.18505901e-04,6.30163195e-05,272
64,68,1.73462613e-05,9.65581348e-05,6.33317104e-05,115
65,1,5.60543303e-05,6.73749964e-05,1.65694701e-07,3
65,2,5.50458099e-05,6.78331635e-05,0.00000000e+00,3
65,3,8.78191495e-05,7.78091053e-05,2.16854164e-06,510
65,4,2.63643069e-05,8.37194893e-05,4.28052971e-07,172
65,5,3.40213228e-05,8.41555811e-05,2.13945341e-07,51
65,6,2.23403222e-05,8.59176725e-05,7.07535833e-07,270
65,7,3.32749987e-05,8.52499943e-05,0.00000000e+00,1
65,8,1.22025202e-04,9.27119472e-05,4.44403554e-07,112
65,9,8.37220723e-05,1.04500003e-04,1.11399750e-07,9
65,10,8.27376498e-05,1.07236971e-04,0.00000000e+00,11
65,11,1.02938873e-04,1.09913948e-04,3.62713990e-07,233
65,12,9.78446260e-05,1.20232820e-04,5.85069870e-07,375
65,13,3.41756131e-05,8.45901814e-05,3.94921744e-06,20
65,14,5.62018213e-05,6.72088499e-05,5.59099226e-06,200
65,15,3.36874982e-05,8.55249964e-05,3.99999999e-06,1
65,16,3.34124998e-05,8.59374995e-05,3.99999999e-06,1
65,17,3.32749987e-05,8.63499954e-05,3.99999999e-06,1
65,18,8.28504853e-05,1.05710416e-04,5.21013590e-06,307
65,19,8.42658992e-05,9.03094260e-05,8.35882020e-06,1173
65,20,3.39102662e-05,8.56349288e-05,7.10209542e-06,653
65,21,1.31610883e-04,5.71925812e-05,6.67326594e-06,122
65,22,1.94196000e-05,1.14279355e-04,7.50715708e-06,664
65,23,2.65822055e-05,2.72602811e-05,7.46832120e-06,47
65,24,2.40592362e-05,8.50905926e-05,8.29880901e-06,658
65,25,6.41885708e-05,1.14983945e-04,7.70482529e-06,193
65,26,1.30017725e-04,5.63979811e-05,7.62420086e-06,12
65,27,1.01990729e-04,1.10813628e-04,9.74980412e-06,48
65,28,9.43549530e-05,1.12438684e-04,1.12775078e-05,160
65,29,1.16146017e-04,4.17686424e-05,1.13661918e-05,106
65,30,1.08108674e-04,1.08079403e-04,1.83462635e-05,531
65,31,1.35318754e-04,4.86491554e-05,1.82779622e-05,54
65,32,3.71784408e-05,9.28227309e-05,2.09462487e-05,544
65,33,1.05421626e-04,1.84985402e-05,2.43139093e-05,147
65,34,1.03701161e-04,1.21825062e-04,2.45927768e-05,49
65,35,1.22478596e-04,7.16889117e-05,2.52117770e-05,40
65,36,8.52663870e-05,6.66789929e-05,2.80918084e-05,890
65,37,1.27084160e-04,3.08543567e-05,2.90567259e-05,898
65,38,3.06773945e-05,1.03796963e-04,2.64999999e-05,9
65,39,9.96514500e-05,2.95644350e-05,2.95102054e-05,84
65,40,7.99179907e-05,3.08119961e-05,3.39735852e-05,628
65,41,1.35088485e-04,9.43635823e-05,3.43376887e-05,761
65,42,1.07732725e-04,3.80808160e-05,3.48038593e-05,1163
65,43,6.80177109e-05,3.81993777e-05,3.58713733e-05,1746
65,44,8.73489043e-05,1.29768086e-04,3.62151623e-05,1129
65,45,5.61071902e-05,8.64010944e-05,3.59205224e-05,483
65,46,4.01829675e-05,2.09748468e-05,3.62422361e-05,90
65,47,2.87643925e-05,1.28882733e-04,3.78195655e-05,197
65,48,5.97383550e-05,8.78637511e-05,4.05528044e-05,430
65,49,2.55290452e-05,9.28013687e-05,3.99406272e-05,310
65,50,1.11351466e-04,2.30332116e-05,4.14069946e-05,80
65,51,1.31960362e-04,3.43747633e-05,4.14999959e-05,7
65,52,6.86436761e-05,4.55072513e-05,4.24028258e-05,284
65,53,5.31878541e-05,6.45426699e-05,4.35191942e-05,114
65,54,5.52694873e-05,1.35988957e-04,4.41798547e-05,183
65,55,7.28430532e-05,5.22703667e-05,4.57861570e-05,490
65,56,1.52762950e-05,5.30201287e-05,4.55000009e-05,10
65,57,7.81085764e-05,5.46964984e-05,4.64555051e-05,124
65,58,1.24088750e-04,5.15769789e-05,4.85753117e-05,644
65,59,4.58737923e-05,6.13384764e-05,4.80399249e-05,197
65,60,6.23798187e-05,5.50198638e-05,4.90502207e-05,436
65,61,4.61859272e-05,1.05586070e-04,5.14413441e-05,78
65,62,5.08215562e-05,8.97646605e-05,5.35339314e-05,659
65,63,6.73193936e-05,7.77126024e-06,5.43949536e-05,535
65,64,3.38610298e-05,8.91879681e-05,5.41420304e-05,42
65,65,9.20296516e-05,9.44079802e-05,5.58706524e-05,265
65,66,1.23940117e-04,2.37949898e-05,5.61940469e-05,110
65,67,4.41017401e-05,1.04420498e-04,5.69635886e-05,305
65,68,9.15700730e-05,4.17188130e-05,5.89964548e-05,197
65,69,4.88393453e-05,9.17213401e-05,6.17674814e-05,993
65,70,6.99780940e-05,6.19185885e-05,6.21723375e-05,199
65,71,9.02136962e-05,6.10561401e-05,6.24304666e-05,59
65,72,9.11422467e-05,6.26494075e-05,6.26768524e-05,112
65,73,6.51493319e-05,8.81476444e-05,6.30846989e-05,204
65,74,1.74523884e-05,9.67018059e-05,6.31498842e-05,108
65,75,6.78938159e-05,1.18916978e-04,6.31779476e-05,195
66,1,8.90311276e-05,5.25249961e-05,0.00000000e+00,2
66,2,5.70624943e-05,6.62752645e-05,1.23460865e-07,4
66,3,8.78800784e-05,7.76419183e-05,2.16150033e-06,922
66,4,2.62528956e-05,8.37224143e-05,4.25145714e-07,193
66,5,2.22373874e-05,8.59842257e-05,9.37187394e-07,546
66,6,3.43749998e-05,8.59374995e-05,0.00000000e+00,1
66,7,1.21993493e-04,9.26982902e-05,7.01514750e-07,218
66,8,8.23527516e-05,1.04267332e-04,7.49274307e-07,242
66,9,1.02822982e-04,1.09703360e-04,4.79004200e-07,334
66,10,9.98708783e-05,1.16852309e-04,0.00000000e+00,6
66,11,9.78831304e-05,1.20214128e-04,6.55653025e-07,561
66,12,8.98104045e-05,5.31670630e-05,2.64816231e-06,78
66,13,8.25378884e-05,1.05786821e-04,5.35498702e-06,307
66,14,5.58899555e-05,6.64189065e-05,5.60225590e-06,247
66,15,1.94611257e-05,1.14081544e-04,7.27807992e-06,872
66,16,1.32168338e-04,5.74755577e-05,6.49984031e-06,9
66,17,8.41105211e-05,9.02260872e-05,8.43431553e-06,637
66,18,6.50516740e-05,1.14724804e-04,7.34821970e-06,165
66,19,2.41109574e-05,8.52099838e-05,8.31593570e-06,1021
66,20,1.30555971e-04,5.64028778e-05,7.30070042e-06,10
66,21,3.44091168e-05,8.60449582e-05,7.70739371e-06,303
66,22,1.01892059e-04,1.10795794e-04,9.70678775e-06,214
66,23,9.43656123e-05,1.12393012e-04,1.10755191e-05,175
66,24,1.16758063e-04,4.17516640e-05,1.15504017e-05,20
66,25,1.35558512e-04,4.82582291e-05,1.72350810e-05,34
66,26,1.08008979e-04,1.07952299e-04,1.83731299e-05,530
66,27,3.74929041e-05,9.33323245e-05,2.07728081e-05,314
66,28,1.05019855e-04,1.87747246e-05,2.42163915e-05,205
66,29,1.03570237e-04,1.21716563e-04,2.44603616e-05,109
66,30,1.22231329e-04,7.24051861e-05,2.50611483e-05,41
66,31,8.52672529e-05,6.67295317e-05,2.82123874e-05,707
66,32,1.27319043e-04,3.07232767e-05,2.86632276e-05,194
66,33,9.94593356e-05,2.93725152e-05,2.94132296e-05,149
66,34,1.07871463e-04,3.80465062e-05,3.48497451e-05,1062
66,35,6.81653837e-05,3.85516250e-05,3.58723773e-05,1305
66,36,1.35377442e-04,9.41652688e-05,3.48316971e-05,535
66,37,7.97151661e-05,3.11311342e-05,3.47348614e-05,529
66,38,8.72029050e-05,1.29942171e-04,3.69958507e-05,1118
66,39,5.61771376e-05,8.63443056e-05,3.58540237e-05,500
66,40,4.11816072e-05,2.03304535e-05,3.58588877e-05,14
66,41,2.88545634e-05,1.28764543e-04,3.78597870e-05,331
66,42,2.63028178e-05,9.26387584e-05,3.95332609e-05,272
66,43,5.98228726e-05,8.77458224e-05,4.07904263e-05,191
66,44,1.11363799e-04,2.30057685e-05,4.15651994e-05,183
66,45,1.31385430e-04,3.43930442e-05,4.15745126e-05,61
66,46,6.93824113e-05,4.57410715e-05,4.23845595e-05,302
66,47,5.52717756e-05,2.97971837e-05,4.20225042e-05,48
66,48,5.33974780e-05,6.45074033e-05,4.35306247e-05,114
66,49,5.52147867e-05,1.36257207e-04,4.39513278e-05,134
66,50,7.29097956e-05,5.21892725e-05,4.60009178e-05,545
66,51,1.53951751e-05,5.29281497e-05,4.54826986e-05,29
66,52,7.81245108e-05,5.46222727e-05,4.63032084e-05,163
66,53,4.53583889e-05,6.11924479e-05,4.78178117e-05,243
66,54,1.24013517e-04,5.16422660e-05,4.89481390e-05,829
66,55,6.20031715e-05,5.49513097e-05,4.91694846e-05,713
66,56,1.15499992e-04,2.52312693e-05,5.09999954e-05,2
66,57,4.61477466e-05,1.05629653e-04,5.16073196e-05,66
66,58,5.08258599e-05,8.97412901e-05,5.38700697e-05,418
66,59,6.75481133e-05,7.35871117e-06,5.39849716e-05,271
66,60,3.37886013e-05,8.92982571e-05,5.43859751e-05,215
66,61,4.40484073e-05,1.03803970e-04,5.68808027e-05,838
66,62,1.23604535e-04,2.40672034e-05,5.57897583e-05,114
66,63,9.25259083e-05,9.44919229e-05,5.57447784e-05,347
66,64,9.10743547e-05,4.24292484e-05,5.85236594e-05,183
66,65,4.86999998e-05,9.26324428e-05,6.12036092e-05,316
66,66,6.98484509e-05,6.16835241e-05,6.21781655e-05,145
66,67,1.76670419e-05,9.68956374e-05,6.28532434e-05,178
66,68,9.08841539e-05,6.21106738e-05,6.25715547e-05,234
66,69,6.51110895e-05,8.83608227e-05,6.29100905e-05,215
66,70,6.74014082e-05,1.19061930e-04,6.30380746e-05,208
67,1,8.86954003e-05,5.31237383e-05,1.45673440e-07,17
67,2,9.03375039e-05,5.41064001e-05,0.00000000e+00,2
67,3,1.31149078e-04,5.86744973e-05,1.91164176e-07,52
67,4,8.66487680e-05,7.72955536e-05,3.60108970e-07,100
67,5,8.81317537e-05,7.76222878e-05,2.92268783e-06,652
67,6,2.61492623e-05,8.35255341e-05,4.27888438e-07,162
67,7,2.23168445e-05,8.61000881e-05,5.64927348e-07,255
67,8,1.21932106e-04,9.28439185e-05,6.57124644e-07,169
67,9,8.24440940e-05,1.06528911e-04,2.95334462e-06,605
67,10,1.02906313e-04,1.09744571e-04,5.39857581e-07,369
67,11,9.97422321e-05,1.16813113e-04,3.58018298e-07,148
67,12,9.79971446e-05,1.20133795e-04,5.91702417e-07,405
67,13,8.94767218e-05,5.36739171e-05,2.38438861e-06,65
67,14,5.57211897e-05,6.55223048e-05,5.25248834e-06,442
67,15,1.94937529e-05,1.14081842e-04,7.14071257e-06,956
67,16,6.60041114e-05,1.14654344e-04,6.85674331e-06,156
67,17,1.32622343e-04,5.74908408e-05,6.17508204e-06,17
67,18,8.42443042e-05,9.02195461e-05,8.31015404e-06,740
67,19,2.42034203e-05,8.52017838e-05,8.31019497e-06,875
67,20,3.47135938e-05,8.66785340e-05,7.70950555e-06,403
67,21,2.64288810e-05,2.70150467e-05,7.47365220e-06,19
67,22,2.59874996e-05,2.68812346e-05,7.50000027e-06,2
67,23,1.01922473e-04,1.10830733e-04,9.87420208e-06,469
67,24,9.44481435e-05,1.12365415e-04,1.11382078e-05,203
67,25,1.07980370e-04,1.07783431e-04,1.84186920e-05,519
67,26,3.79396661e-05,9.40749596e-05,2.08305191e-05,282
67,27,1.04783532e-04,1.90429255e-05,2.40622012e-05,113
67,28,1.03737519e-04,1.21559773e-04,2.43947143e-05,87
67,29,1.22080775e-04,7.29384556e-05,2.49539498e-05,43
67,30,8.54273749e-05,6.66116612e-05,2.80846143e-05,836
67,31,1.27538748e-04,3.01297187e-05,2.88755964e-05,185
67,32,9.93302820e-05,2.92643363e-05,2.93138692e-05,103
67,33,1.07975597e-04,3.81685131e-05,3.48269532e-05,956
67,34,7.95568048e-05,3.13930032e-05,3.52062671e-05,454
67,35,1.35770009e-04,9.39956881e-05,3.49942129e-05,119
67,36,6.83861363e-05,3.89229681e-05,3.65376509e-05,997
67,37,5.61055385e-05,8.63199020e-05,3.59066798e-05,667
67,38,8.70561271e-05,1.30154323e-04,3.76173775e-05,1889
67,39,4.13010748e-05,2.02027113e-05,3.58570687e-05,160
67,40,2.88542305e-05,1.28726504e-04,3.78797922e-05,292
67,41,2.68690110e-05,9.22593026e-05,3.97416188e-05,245
67,42,5.99742743e-05,8.77264829e-05,4.04671846e-05,281
67,43,1.11422560e-04,2.30282512e-05,4.15136965e-05,233
67,44,1.30805274e-04,3.44802429e-05,4.17069168e-05,48
67,45,7.02117686e-05,4.59890543e-05,4.21885707e-05,279
67,46,5.52005877e-05,2.97547140e-05,4.22346493e-05,68
67,47,5.35710715e-05,6.43620224e-05,4.37488816e-05,36
67,48,7.28022424e-05,5.23604758e-05,4.59820258e-05,569
67,49,2.12666582e-05,5.67418538e-05,4.45000005e-05,3
67,50,1.54244681e-05,5.29207719e-05,4.53538814e-05,34
67,51,7.81983763e-05,5.45620678e-05,4.63794422e-05,93
67,52,4.47413950e-05,6.10586867e-05,4.76625282e-05,164
67,53,6.16643738e-05,5.50363948e-05,4.93935913e-05,482
67,54,1.23705307e-04,5.17326116e-05,4.95142485e-05,357
67,55,4.62196731e-05,1.05751998e-04,5.16575928e-05,158
67,56,5.07731384e-05,8.96196580e-05,5.38557615e-05,438
67,57,3.37524725e-05,8.93692049e-05,5.43154165e-05,257
67,58,9.33920164e-05,9.44421772e-05,5.56232408e-05,319
67,59,4.35875772e-05,1.02834849e-04,5.60225817e-05,454
67,60,1.23337479e-04,2.46812524e-05,5.55000006e-05,2
67,61,1.24605256e-04,2.26417233e-05,5.65557129e-05,27
67,62,9.07141439e-05,4.33156129e-05,5.84842564e-05,127
67,63,4.84603443e-05,9.35256612e-05,6.11871219e-05,403
67,64,6.97616706e-05,6.16799080e-05,6.20054416e-05,89
67,65,1.77995007e-05,9.69056055e-05,6.26989640e-05,146
67,66,9.06124260e-05,6.15808021e-05,6.24707609e-05,84
67,67,6.51176233e-05,8.86731868e-05,6.29270799e-05,87
67,68,6.67057175e-05,1.19060911e-04,6.28769849e-05,164
67,69,9.16134013e-05,6.33597010e-05,6.28309353e-05,48
68,1,8.91277305e-05,5.42541566e-05,1.77466382e-06,394
68,2,1.43501547e-05,7.59622853e-05,9.05755968e-08,11
68,3,8.79043364e-05,7.75124645e-05,2.07239509e-06,2262
68,4,2.63192051e-05,8.35583778e-05,3.34495240e-07,93
68,5,2.22915169e-05,8.59463253e-05,5.34349226e-07,181
68,6,1.21777106e-04,9.27414294e-05,7.05166826e-07,230
68,7,8.17111213e-05,1.06572734e-04,3.22856522e-06,2051
68,8,1.03010207e-04,1.10084511e-04,3.06573241e-07,217
68,9,9.99795593e-05,1.17012227e-04,9.36662232e-08,16
68,10,9.79201068e-05,1.20206503e-04,4.67158486e-07,247
68,11,5.54109502e-05,6.46559129e-05,5.60569606e-06,140
68,12,6.71121743e-05,1.14387738e-04,6.69507972e-06,317
68,13,1.95061657e-05,1.14216331e-04,7.24996016e-06,834
68,14,1.33224778e-04,5.76843668e-05,6.26296014e-06,42
68,15,2.63300353e-05,2.69019893e-05,7.35709409e-06,52
68,16,1.31319292e-04,5.68838586e-05,7.14978796e-06,20
68,17,2.42461974e-05,8.51195437e-05,8.44101669e-06,686
68,18,3.53587311e-05,8.70485674e-05,8.13505903e-06,403
68,19,8.41588844e-05,9.01151870e-05,8.36655545e-06,292
68,20,1.02057849e-04,1.10814770e-04,9.64881929e-06,292
68,21,9.47354565e-05,1.12513255e-04,1.11149584e-05,124
68,22,1.18329997e-04,4.20219039e-05,1.12798998e-05,65
68,23,1.08182547e-04,1.07825843e-04,1.82966742e-05,372
68,24,3.86994943e-05,9.47915978e-05,2.04517073e-05,265
68,25,1.04377003e-04,1.92226289e-05,2.39011424e-05,51
68,26,1.03734848e-04,1.21596691e-04,2.44543608e-05,83
68,27,1.21788951e-04,7.37461451e-05,2.48129472e-05,42
68,28,1.27995503e-04,2.98405412e-05,2.84493090e-05,1068
68,29,8.54941973e-05,6.66431661e-05,2.83747686e-05,441
68,30,9.91206543e-05,2.91730285e-05,2.92077966e-05,70
68,31,1.08116430e-04,3.81508107e-05,3.48019094e-05,861
68,32,6.84521146e-05,3.91997637e-05,3.70756861e-05,2307
68,33,1.36231756e-04,9.37337245e-05,3.56706478e-05,534
68,34,7.93368163e-05,3.17585364e-05,3.56077508e-05,311
68,35,5.61135676e-05,8.62965317e-05,3.57816098e-05,705
68,36,4.24015670e-05,1.98133239e-05,3.55449083e-05,83
68,37,8.68955831e-05,1.30203189e-04,3.83312508e-05,932
68,38,2.89478412e-05,1.28605127e-04,3.79957419e-05,366
68,39,2.75040329e-05,9.21112805e-05,3.95252828e-05,225
68,40,6.01132306e-05,8.77889834e-05,4.03841077e-05,236
68,41,1.11554364e-04,2.31955310e-05,4.15103350e-05,266
68,42,7.11190733e-05,4.62658245e-05,4.19744720e-05,261
68,43,5.53397476e-05,2.95800364e-05,4.22240519e-05,40
68,44,1.31229986e-04,3.45672561e-05,4.15995419e-05,5
68,45,5.35122854e-05,6.45150867e-05,4.39352007e-05,71
68,46,7.27174702e-05,5.24584975e-05,4.59206094e-05,556
68,47,1.54194513e-05,5.28909186e-05,4.53765206e-05,36
68,48,7.80999981e-05,5.47251293e-05,4.65000012e-05,3
68,49,4.40784497e-05,6.10103707e-05,4.74488152e-05,123
68,50,1.23483856e-04,5.16645414e-05,4.96799003e-05,714
68,51,6.12195436e-05,5.50974000e-05,4.95997883e-05,624
68,52,4.61151794e-05,1.05734362e-04,5.15627253e-05,154
68,53,5.11415346e-05,9.00308805e-05,5.41138288e-05,480
68,54,3.37778329e-05,8.94127952e-05,5.43890965e-05,84
68,55,9.22537001e-05,1.18292912e-04,5.49405013e-05,282
68,56,9.39311431e-05,9.44763524e-05,5.54210055e-05,388
68,57,4.34553222e-05,1.02199039e-04,5.55830047e-05,548
68,58,9.05094857e-05,4.38546158e-05,5.82443827e-05,268
68,59,4.84410448e-05,9.45375068e-05,6.14126111e-05,328
68,60,6.96055649e-05,6.15182144e-05,6.18863996e-05,71
68,61,1.79386916e-05,9.70169494e-05,6.27694608e-05,158
68,62,9.08910733e-05,6.20700885e-05,6.25493267e-05,83
68,63,9.19925660e-05,6.36867917e-05,6.26991387e-05,68
68,64,6.53070238e-05,8.89014118e-05,6.31897055e-05,103
68,65,6.61830491e-05,1.18959120e-04,6.28672788e-05,68
69,1,1.31890294e-04,5.89049778e-05,0.00000000e+00,5
69,2,5.65726405e-05,6.34234966e-05,1.28721112e-07,23
69,3,1.49180414e-05,7.61963965e-05,4.22730125e-07,75
69,4,8.79127037e-05,7.74242144e-05,2.02712317e-06,2394
69,5,2.62775684e-05,8.35128376e-05,2.73683355e-07,65
69,6,2.22491326e-05,8.59556167e-05,6.07715776e-07,173
69,7,3.42470339e-05,8.98201251e-05,2.12608839e-07,42
69,8,1.21891164e-04,9.26518551e-05,9.50281731e-07,502
69,9,8.15156236e-05,1.04527368e-04,1.07366452e-06,298
69,10,8.11938735e-05,1.07387488e-04,2.48929098e-07,4
69,11,1.03179198e-04,1.10371751e-04,1.98216611e-07,109
69,12,1.74625020e-05,1.14111419e-04,1.98068491e-07,10
69,13,9.80339464e-05,1.20103658e-04,5.33679156e-07,342
69,14,8.89624935e-05,5.44499999e-05,3.00000011e-06,1
69,15,5.52133970e-05,6.37913326e-05,5.71946975e-06,431
69,16,8.08804180e-05,1.06149026e-04,5.65920345e-06,440
69,17,1.94627355e-05,1.14244955e-04,6.98632721e-06,885
69,18,1.33620706e-04,5.81086242e-05,6.06686035e-06,23
69,19,6.77787175e-05,1.14071074e-04,6.62778348e-06,213
69,20,2.65083654e-05,2.69430984e-05,7.03761407e-06,84
69,21,1.31925175e-04,5.70131633e-05,6.87999182e-06,61
69,22,8.42914887e-05,9.00831728e-05,8.19169327e-06,367
69,23,2.42736460e-05,8.51542572e-05,8.60330510e-06,762
69,24,3.57728495e-05,8.74930556e-05,8.45642535e-06,365
69,25,1.02554630e-04,1.10907371e-04,9.92586956e-06,20
69,26,9.47087756e-05,1.12346024e-04,1.10742330e-05,120
69,27,1.18836186e-04,4.20434335e-05,1.10578267e-05,53
69,28,1.08246095e-04,1.07686836e-04,1.82593540e-05,353
69,29,3.90478781e-05,9.52112969e-05,2.03562486e-05,286
69,30,1.02768914e-04,1.98401867e-05,2.38406064e-05,41
69,31,1.03758852e-04,1.21517420e-04,2.45918382e-05,38
69,32,1.28465093e-04,2.98592568e-05,2.78283569e-05,485
69,33,8.54083410e-05,6.65674888e-05,2.82138826e-05,499
69,34,9.89200053e-05,2.90710868e-05,2.89882591e-05,109
69,35,1.08142318e-04,3.81046339e-05,3.47107998e-05,665
69,36,5.63146605e-05,8.63962705e-05,3.57361641e-05,703
69,37,1.36512710e-04,9.35070202e-05,3.62524370e-05,433
69,38,7.88001271e-05,3.20672698e-05,3.59366240e-05,222
69,39,6.85872728e-05,3.96730429e-05,3.73790463e-05,1222
69,40,4.23406927e-05,1.96296187e-05,3.55270349e-05,57
69,41,8.67132112e-05,1.30307555e-04,3.89373417e-05,1178
69,42,2.89772943e-05,1.28652624e-04,3.81366190e-05,253
69,43,2.80226450e-05,9.16435965e-05,3.94402196e-05,371
69,44,6.02205546e-05,8.78107458e-05,4.03100967e-05,376
69,45,1.11390713e-04,2.31115300e-05,4.16660769e-05,201
69,46,7.20552925e-05,4.66656675e-05,4.19825483e-05,244
69,47,5.54644903e-05,2.95888294e-05,4.20825454e-05,37
69,48,5.45108342e-05,1.38890377e-04,4.28337007e-05,9
69,49,5.34893588e-05,6.46295885e-05,4.39058349e-05,115
69,50,7.27909064e-05,5.25519099e-05,4.59410439e-05,487
69,51,2.15694381e-05,5.67968782e-05,4.49009967e-05,15
69,52,1.56924907e-05,5.26796939e-05,4.52503882e-05,16
69,53,7.79766269e-05,5.46149058e-05,4.65000085e-05,10
69,54,4.32840243e-05,6.10464922e-05,4.73009059e-05,108
69,55,1.23174308e-04,5.18630841e-05,5.01053000e-05,565
69,56,6.07492912e-05,5.51460762e-05,4.99236958e-05,407
69,57,1.15300187e-04,2.54625811e-05,5.13643645e-05,11
69,58,4.61458003e-05,1.05553212e-04,5.14650237e-05,58
69,59,1.15637486e-04,2.54374991e-05,5.14999992e-05,1
69,60,5.11700673e-05,9.00753366e-05,5.39629254e-05,460
69,61,3.38412174e-05,8.95630146e-05,5.43429560e-05,249
69,62,4.32556917e-05,1.01306927e-04,5.53372120e-05,666
69,63,9.42315455e-05,9.46764485e-05,5.50909499e-05,407
69,64,9.04749904e-05,4.36561277e-05,5.80000014e-05,2
69,65,9.00167288e-05,4.47790408e-05,5.80000051e-05,3
69,66,4.82845171e-05,9.54024945e-05,6.18847407e-05,402
69,67,6.93485199e-05,6.15716126e-05,6.20831561e-05,137
69,68,1.79758899e-05,9.69258035e-05,6.28759590e-05,166
69,69,9.11311436e-05,6.24224267e-05,6.26535111e-05,129
69,70,9.22394684e-05,6.40961152e-05,6.26880574e-05,147
69,71,6.52997478e-05,8.91255258e-05,6.27006739e-05,117
69,72,6.56872944e-05,1.18852731e-04,6.27492627e-05,124
70,1,8.84541878e-05,5.37266351e-05,3.52594839e-07,95
70,2,5.65080300e-05,6.28495109e-05,1.41751499e-07,35
70,3,1.54110694e-05,7.64712531e-05,5.61265665e-07,162
70,4,8.79172730e-05,7.73571810e-05,2.08218489e-06,2726
70,5,2.65946001e-05,8.36909167e-05,2.37896060e-07,48
70,6,2.24712239e-05,8.52987650e-05,1.41921817e-07,14
70,7,2.19097838e-05,8.60059299e-05,4.91402936e-08,20
70,8,3.48294743e-05,8.96616839e-05,9.03755790e-07,294
70,9,1.21982317e-04,9.26758948e-05,1.07880419e-06,779
70,10,8.04619340e-05,1.04589024e-04,1.75431197e-07,17
70,11,1.03252773e-04,1.10458910e-04,0.00000000e+00,15
70,12,9.79497490e-05,1.20114317e-04,5.37664619e-07,349
70,13,8.89108924e-05,5.44930299e-05,2.71454905e-06,195
70,14,5.50483237e-05,6.31596049e-05,6.01630882e-06,325
70,15,6.87899592e-05,1.13892180e-04,6.24924769e-06,265
70,16,1.34019981e-04,5.82940411e-05,5.89837873e-06,64
70,17,8.08966361e-05,1.06363208e-04,6.08392384e-06,112
70,18,1.93921369e-05,1.14424365e-04,7.27920633e-06,675
70,19,8.45407121e-05,8.99368970e-05,7.84344684e-06,269
70,20,2.65643957e-05,2.70192741e-05,7.18839146e-06,99
70,21,2.44004350e-05,8.51752266e-05,8.48530271e-06,751
70,22,7.96123495e-05,1.06218591e-04,6.49999993e-06,6
70,23,3.63043546e-05,8.78719147e-05,8.61905846e-06,582
70,24,9.46814616e-05,1.12233298e-04,1.08281884e-05,215
70,25,1.19693723e-04,4.21437217e-05,1.10000010e-05,4
70,26,1.08261498e-04,1.07606516e-04,1.81781506e-05,318
70,27,3.96425239e-05,9.55818978e-05,2.00394934e-05,129
70,28,1.02386672e-04,1.99725946e-05,2.38528228e-05,185
70,29,1.03711631e-04,1.21290104e-04,2.46504424e-05,47
70,30,1.21279125e-04,7.51365005e-05,2.47199077e-05,34
70,31,8.38770029e-06,3.44122527e-05,2.53191647e-05,11
70,32,8.55562103e-05,6.64694089e-05,2.81935754e-05,543
70,33,1.28678599e-04,2.96294802e-05,2.76864266e-05,232
70,34,9.86376763e-05,2.89058480e-05,2.88388455e-05,172
70,35,1.08093533e-04,3.80778947e-05,3.48207468e-05,695
70,36,5.64846159e-05,8.64332251e-05,3.56556557e-05,584
70,37,4.32746529e-05,1.93885789e-05,3.51982308e-05,126
70,38,1.36806237e-04,9.35603821e-05,3.64707375e-05,336
70,39,7.84098374e-05,3.24130924e-05,3.65381638e-05,271
70,40,6.88489599e-05,3.99591772e-05,3.78233563e-05,973
70,41,8.64028334e-05,1.30369663e-04,3.97702534e-05,1637
70,42,2.90309108e-05,1.28538260e-04,3.81942482e-05,255
70,43,2.86041122e-05,9.15602795e-05,3.93865048e-05,403
70,44,6.01443135e-05,8.78008359e-05,4.03885242e-05,399
70,45,1.11465859e-04,2.31980448e-05,4.16972980e-05,135
70,46,7.28003142e-05,4.70644518e-05,4.19437129e-05,272
70,47,5.54676990e-05,2.96720900e-05,4.19999997e-05,5
70,48,9.48749857e-06,1.22031313e-04,4.19999997e-05,2
70,49,4.37616400e-05,1.33695925e-04,4.27674167e-05,15
70,50,7.27905281e-05,5.26163312e-05,4.57819588e-05,815
70,51,5.34987121e-05,6.45618202e-05,4.38633615e-05,63
70,52,2.13953517e-05,5.68768482e-05,4.48516585e-05,20
70,53,1.55990401e-05,5.27844786e-05,4.55000009e-05,9
70,54,7.79284455e-05,5.46420852e-05,4.66738384e-05,40
70,55,4.26000443e-05,6.07790062e-05,4.68954750e-05,117
70,56,1.22994461e-04,5.18605084e-05,5.04886157e-05,479
70,57,6.01904430e-05,5.53064237e-05,5.02299918e-05,505
70,58,6.83367325e-05,6.15910812e-06,5.33681268e-05,707
70,59,1.15331692e-04,2.55216128e-05,5.11554681e-05,74
70,60,4.63832876e-05,1.05508319e-04,5.14999956e-05,3
70,61,3.39344697e-05,8.95015619e-05,5.43003589e-05,249
70,62,5.11702347e-05,8.98845683e-05,5.40710353e-05,121
70,63,4.32485613e-05,1.00650366e-04,5.49974684e-05,415
70,64,9.49556124e-05,9.46090586e-05,5.50323057e-05,284
70,65,9.24316628e-05,1.18300610e-04,5.50302393e-05,281
70,66,8.98760045e-05,4.46463528e-05,5.80562919e-05,184
70,67,3.02533363e-06,1.13801943e-04,6.03815533e-05,17
70,68,4.78390393e-05,9.62359554e-05,6.21128056e-05,360
70,69,6.91691530e-05,6.15595854e-05,6.21835425e-05,154
70,70,9.13828044e-05,6.26135807e-05,6.25830362e-05,136
70,71,9.24279302e-05,6.43547319e-05,6.26557448e-05,190
70,72,6.54153264e-05,8.93510005e-05,6.26384572e-05,173
70,73,4.19533899e-05,1.32119530e-05,6.26355977e-05,99
70,74,1.80746902e-05,9.70440524e-05,6.29751084e-05,136
70,75,6.55121694e-05,1.18833646e-04,6.28034832e-05,90
71,1,8.87765636e-05,5.41712434e-05,1.79429844e-06,481
71,2,5.63742105e-05,6.23558808e-05,1.00166730e-07,20
71,3,5.69249969e-05,6.23563174e-05,0.00000000e+00,2
71,4,8.79094150e-05,7.73379506e-05,2.10118810e-06,2796
71,5,1.59984756e-05,7.67885358e-05,3.86500915e-07,77
71,6,2.65647177e-05,8.33798404e-05,0.00000000e+00,5
71,7,3.46410088e-05,9.00525483e-05,2.92024168e-07,105
71,8,1.22036727e-04,9.27681467e-05,9.53508561e-07,560
71,9,6.95749986e-05,1.13712500e-04,0.00000000e+00,1
71,10,9.81742050e-05,1.19917400e-04,4.50231596e-07,346
71,11,6.96728166e-05,1.13743401e-04,5.37076949e-06,495
71,12,5.49105462e-05,6.22719017e-05,6.11861196e-06,456
71,13,1.93976521e-05,1.14335147e-04,7.32905210e-06,605
71,14,1.32803398e-04,5.77283608e-05,6.08853907e-06,46
71,15,1.34413829e-04,5.87889408e-05,5.94523954e-06,9
71,16,2.70175788e-05,2.73295464e-05,7.06744549e-06,37
71,17,8.06627941e-05,1.05986859e-04,6.40993585e-06,11
71,18,2.74999984e-05,2.74999984e-05,6.49999993e-06,1
71,19,2.43949635e-05,8.50730648e-05,8.30871159e-06,520
71,20,2.63387574e-05,2.69650282e-05,7.22173854e-06,9
71,21,8.46212934e-05,8.98090075e-05,7.99967529e-06,45
71,22,3.68904402e-05,8.82302484e-05,8.97770406e-06,315
71,23,1.02860009e-04,1.11139801e-04,9.28615282e-06,14
71,24,9.48593079e-05,1.12282039e-04,1.09590719e-05,121
71,25,1.20489553e-04,4.23278543e-05,1.08671802e-05,67
71,26,1.08369881e-04,1.07519932e-04,1.81145933e-05,169
71,27,4.02860642e-05,9.61528567e-05,2.03620748e-05,108
71,28,1.01758276e-04,2.02061965e-05,2.37940767e-05,194
71,29,1.21054865e-04,7.60516195e-05,2.46878717e-05,40
71,30,1.03710656e-04,1.21252451e-04,2.45807842e-05,43
71,31,1.62463657e-05,4.03721315e-05,2.52308673e-05,13
71,32,1.28726606e-04,2.92336590e-05,2.80428267e-05,557
71,33,8.55121252e-05,6.65076004e-05,2.82292513e-05,426
71,34,9.83423306e-05,2.88659867e-05,2.89706113e-05,257
71,35,1.08197033e-04,3.79275589e-05,3.48826652e-05,758
71,36,5.65494629e-05,8.65813490e-05,3.57221434e-05,584
71,37,6.89541121e-05,4.01126963e-05,3.81185528e-05,2108
71,38,1.36978240e-04,9.32964540e-05,3.69419977e-05,647
71,39,4.32521483e-05,1.92262396e-05,3.51284943e-05,23
71,40,7.82166244e-05,3.26175250e-05,3.70698508e-05,374
71,41,2.92391633e-05,1.28549262e-04,3.80642668e-05,142
71,42,2.89622785e-05,9.11697498e-05,3.92694419e-05,303
71,43,8.62520174e-05,1.30654938e-04,4.02750920e-05,792
71,44,6.01543070e-05,8.78364008e-05,4.04375278e-05,534
71,45,1.11486559e-04,2.30205333e-05,4.16974071e-05,38
71,46,7.36833317e-05,4.72038737e-05,4.17928604e-05,197
71,47,5.54890030e-05,2.97146707e-05,4.21656914e-05,9
71,48,5.34823193e-05,6.42581144e-05,4.38234565e-05,54
71,49,7.28181913e-05,5.25003961e-05,4.57164278e-05,446
71,50,2.14632400e-05,5.68850373e-05,4.49758554e-05,41
71,51,1.57093327e-05,5.27825432e-05,4.55000045e-05,8
71,52,4.19300814e-05,6.06222347e-05,4.67461141e-05,128
71,53,7.79428665e-05,5.45875810e-05,4.67856953e-05,7
71,54,1.22723170e-04,5.19063651e-05,5.08979756e-05,1009
71,55,5.98484330e-05,5.53704631e-05,5.03784322e-05,315
71,56,1.15322735e-04,2.55809518e-05,5.11348553e-05,104
71,57,6.86242856e-05,5.94776839e-06,5.30656907e-05,403
71,58,4.62818134e-05,1.05399798e-04,5.16833497e-05,65
71,59,4.32364686e-05,9.97798925e-05,5.46822084e-05,844
71,60,3.39341677e-05,8.95706762e-05,5.44043287e-05,328
71,61,5.11900471e-05,9.00384839e-05,5.41400514e-05,288
71,62,9.24627020e-05,1.18322510e-04,5.48718817e-05,440
71,63,9.59559693e-05,9.47454027e-05,5.50152290e-05,239
71,64,8.97166174e-05,4.47750790e-05,5.79196640e-05,70
71,65,9.04444241e-05,4.36944938e-05,5.83897418e-05,9
71,66,6.89878289e-05,6.15315148e-05,6.21481086e-05,214
71,67,4.72909451e-05,9.70443725e-05,6.24933746e-05,253
71,68,9.22311592e-05,6.39798818e-05,6.24860695e-05,304
71,69,6.54894102e-05,8.94315090e-05,6.25244793e-05,144
71,70,1.81544037e-05,9.70702167e-05,6.27660411e-05,67
71,71,4.22594967e-05,1.36973495e-05,6.28743437e-05,32
71,72,6.49208159e-05,1.18663942e-04,6.30226859e-05,131
72,1,8.81374945e-05,5.34873070e-05,0.00000000e+00,3
72,2,9.00619561e-05,5.43366332e-05,2.94371972e-07,67
72,3,1.33237074e-04,5.98466722e-05,0.00000000e+00,4
72,4,8.78991996e-05,7.73148786e-05,2.03722766e-06,1935
72,5,1.66379850e-05,7.69262770e-05,3.59464167e-07,117
72,6,1.22035002e-04,9.28280351e-05,1.14208626e-06,741
72,7,6.86101339e-05,1.04754610e-04,2.75686745e-07,61
72,8,8.00704365e-05,1.07635678e-04,6.63227240e-07,265
72,9,7.07867875e-05,1.13484646e-04,3.70656880e-06,1500
72,10,9.81029807e-05,1.19849705e-04,4.57625134e-07,382
72,11,8.90108713e-05,5.41180452e-05,3.31105434e-06,193
72,12,5.49103133e-05,6.14309247e-05,6.56614702e-06,402
72,13,7.92270148e-05,1.06345375e-04,6.33717991e-06,560
72,14,1.93668511e-05,1.14376424e-04,7.36625452e-06,540
72,15,1.33217691e-04,5.80251508e-05,6.08587152e-06,41
72,16,2.70687106e-05,2.73997466e-05,6.97681253e-06,22
72,17,8.44128808e-05,8.98792496e-05,7.99076133e-06,156
72,18,2.45523024e-05,8.50973156e-05,8.31250782e-06,445
72,19,3.74218907e-05,8.88042341e-05,9.03062391e-06,236
72,20,1.02939222e-04,1.11181114e-04,9.09714981e-06,37
72,21,9.48393281e-05,1.12206159e-04,1.12944954e-05,195
72,22,1.21150311e-04,4.24608443e-05,1.11636864e-05,62
72,23,1.37212235e-04,4.63878350e-05,1.73183216e-05,11
72,24,1.08494336e-04,1.07671163e-04,1.80492098e-05,157
72,25,4.11162509e-05,9.67658634e-05,2.01367275e-05,318
72,26,1.01486898e-04,2.01645144e-05,2.38125303e-05,197
72,27,1.20736426e-04,7.66177109e-05,2.44732364e-05,36
72,28,1.62564465e-05,4.00765603e-05,2.55706909e-05,84
72,29,1.03688311e-04,1.21357327e-04,2.46487325e-05,10
72,30,1.29135165e-04,2.91590404e-05,2.73289224e-05,795
72,31,8.53813181e-05,6.67281347e-05,2.82770816e-05,444
72,32,3.06278926e-05,1.03211001e-04,2.67505620e-05,8
72,33,9.82418060e-05,2.85304504e-05,2.90782573e-05,265
72,34,1.08269451e-04,3.78647746e-05,3.50304363e-05,791
72,35,4.45061232e-05,1.88166650e-05,3.45175031e-05,140
72,36,5.65682785e-05,8.66029732e-05,3.58407196e-05,651
72,37,7.78910835e-05,3.30156035e-05,3.76738280e-05,503
72,38,6.89878798e-05,4.05310639e-05,3.84702071e-05,995
72,39,1.37188326e-04,9.31716349e-05,3.71616443e-05,174
72,40,2.91865163e-05,1.28528700e-04,3.82169383e-05,161
72,41,6.02430628e-05,8.76721533e-05,4.04932871e-05,636
72,42,2.98073683e-05,9.08470465e-05,3.92692200e-05,185
72,43,8.60175205e-05,1.30796514e-04,4.09452441e-05,1373
72,44,1.11542045e-04,2.29752404e-05,4.14671740e-05,64
72,45,7.46332080e-05,4.75414599e-05,4.18364398e-05,205
72,46,5.33595921e-05,6.41810475e-05,4.34412650e-05,43
72,47,7.28401501e-05,5.24747993e-05,4.56189700e-05,483
72,48,2.14497068e-05,5.68782743e-05,4.50412736e-05,38
72,49,4.12086156e-05,6.05500973e-05,4.61014570e-05,130
72,50,1.57516097e-05,5.28155433e-05,4.54999972e-05,9
72,51,1.22618585e-04,5.19220121e-05,5.14266103e-05,775
72,52,5.91061726e-05,5.55841107e-05,5.08148696e-05,437
72,53,4.62584248e-05,1.05456493e-04,5.16387627e-05,180
72,54,6.88244691e-05,5.93916457e-06,5.26880176e-05,112
72,55,3.40916085e-05,8.95694247e-05,5.46151496e-05,475
72,56,4.30913533e-05,9.88891843e-05,5.39858884e-05,478
72,57,5.12417682e-05,9.00606537e-05,5.40878682e-05,514
72,58,9.66303633e-05,9.47018125e-05,5.47013551e-05,271
72,59,9.28068548e-05,1.18296281e-04,5.50315854e-05,691
72,60,1.24044775e-04,2.45339106e-05,5.58577703e-05,7
72,61,9.03789623e-05,4.35986840e-05,5.84678419e-05,149
72,62,6.88452346e-05,6.15611716e-05,6.22309672e-05,203
72,63,6.56952689e-05,8.94670447e-05,6.25924149e-05,273
72,64,3.95022562e-06,1.13658978e-04,6.14408636e-05,26
72,65,9.24071282e-05,6.40834696e-05,6.24321401e-05,189
72,66,4.65365520e-05,9.77887248e-05,6.27109403e-05,181
72,67,1.82708354e-05,9.70401743e-05,6.26788533e-05,50
72,68,6.45720502e-05,1.18449796e-04,6.27151239e-05,219
72,69,4.25570252e-05,1.44374280e-05,6.27497357e-05,46
73,1,8.94678669e-05,5.36798216e-05,1.29473790e-06,366
73,2,8.78487554e-05,7.73357679e-05,2.04741445e-06,2296
73,3,1.72313867e-05,7.71622363e-05,5.08471146e-07,241
73,4,2.26205375e-05,8.48964555e-05,1.98679587e-07,35
73,5,1.22126439e-04,9.28354202e-05,1.14122781e-06,643
73,6,7.93375220e-05,1.04557483e-04,3.96167451e-07,75
73,7,7.91126004e-05,1.08420041e-04,3.79486039e-07,125
73,8,1.76408321e-05,1.13607151e-04,8.76614834e-08,17
73,9,9.80236291e-05,1.19851073e-04,4.13199331e-07,332
73,10,1.93568339e-05,1.14324699e-04,7.00592364e-06,763
73,11,7.18577867e-05,1.13372516e-04,5.93269078e-06,191
73,12,1.35325157e-04,5.93565273e-05,5.61900561e-06,67
73,13,5.47505551e-05,6.05782552e-05,7.10772338e-06,378
73,14,7.86735109e-05,1.06562038e-04,6.66096594e-06,455
73,15,1.33447058e-04,5.83434121e-05,6.10746747e-06,19
73,16,2.45303963e-05,8.50258875e-05,8.36911750e-06,699
73,17,2.70532782e-05,2.73281767e-05,6.87592910e-06,4
73,18,8.44059396e-05,8.99485603e-05,8.01438819e-06,281
73,19,3.79645026e-05,8.90928422e-05,8.99624592e-06,387
73,20,1.02585742e-04,1.11254449e-04,9.13463828e-06,285
73,21,9.49329988e-05,1.12292168e-04,1.10783094e-05,115
73,22,1.21982026e-04,4.24875507e-05,1.10112605e-05,42
73,23,1.08597545e-04,1.07884851e-04,1.80754323e-05,144
73,24,4.15061222e-05,9.70398614e-05,2.02326755e-05,425
73,25,1.00723781e-04,2.05067172e-05,2.37078457e-05,43
73,26,1.20389268e-04,7.72152198e-05,2.45839165e-05,41
73,27,1.03785125e-04,1.21129393e-04,2.46069485e-05,52
73,28,1.02445056e-05,3.34681572e-05,2.53926046e-05,32
73,29,1.62829474e-05,4.02374135e-05,2.54453680e-05,19
73,30,1.29345717e-04,2.91894594e-05,2.69097691e-05,83
73,31,8.53001038e-05,6.67081913e-05,2.82093006e-05,567
73,32,3.06627953e-05,1.03253289e-04,2.66321058e-05,15
73,33,9.79484612e-05,2.83816880e-05,2.90740063e-05,111
73,34,1.08302826e-04,3.79728917e-05,3.49179572e-05,822
73,35,5.65370974e-05,8.65312759e-05,3.58652396e-05,609
73,36,7.72683998e-05,3.33020762e-05,3.79403536e-05,546
73,37,6.91970636e-05,4.08634878e-05,3.91725589e-05,1239
73,38,1.37390016e-04,9.30327005e-05,3.72893119e-05,50
73,39,2.92564328e-05,1.28623869e-04,3.79922931e-05,223
73,40,3.01866839e-05,9.04450135e-05,3.91384019e-05,216
73,41,6.02810578e-05,8.75012774e-05,4.06556173e-05,492
73,42,8.58297135e-05,1.30934408e-04,4.15511822e-05,1369
73,43,7.55356814e-05,4.77929316e-05,4.16392431e-05,222
73,44,1.33810216e-04,3.43970532e-05,4.13763664e-05,12
73,45,1.11412461e-04,2.29878278e-05,4.16346993e-05,11
73,46,5.56188861e-05,2.94708352e-05,4.18349300e-05,6
73,47,5.33309794e-05,6.41801889e-05,4.34463473e-05,68
73,48,7.27684092e-05,5.25218311e-05,4.58414361e-05,634
73,49,4.06768449e-05,6.03442604e-05,4.55517111e-05,205
73,50,2.13909971e-05,5.69447584e-05,4.51417036e-05,7
73,51,3.14384488e-05,2.08442507e-05,4.69720253e-05,57
73,52,7.78227986e-05,5.50132172e-05,4.70733939e-05,84
73,53,1.22344383e-04,5.20397189e-05,5.16352084e-05,851
73,54,5.87988397e-05,5.56341074e-05,5.12401821e-05,400
73,55,4.63858996e-05,1.05333718e-04,5.15102838e-05,133
73,56,3.39792132e-05,8.94507684e-05,5.46493939e-05,745
73,57,4.29988140e-05,9.82977072e-05,5.36547304e-05,482
73,58,5.13500090e-05,9.00129671e-05,5.39543507e-05,676
73,59,9.73649803e-05,9.50063841e-05,5.47969175e-05,306
73,60,9.24605192e-05,1.18236312e-04,5.49868346e-05,195
73,61,9.05736015e-05,4.36080445e-05,5.85504276e-05,233
73,62,4.26507268e-06,1.13342365e-04,6.17210972e-05,52
73,63,4.60417759e-05,9.80929690e-05,6.22207954e-05,176
73,64,4.28638523e-05,1.54674235e-05,6.21091749e-05,88
73,65,6.86527201e-05,6.17131736e-05,6.26114706e-05,223
73,66,9.23407715e-05,6.39499340e-05,6.25501707e-05,131
73,67,6.59600191e-05,8.95114645e-05,6.27928530e-05,96
73,68,1.84783730e-05,9.70904512e-05,6.24170862e-05,18
73,69,6.41620791e-05,1.18376192e-04,6.27804402e-05,59
74,1,8.95058765e-05,5.32581980e-05,1.43960551e-06,862
74,2,8.79437721e-05,7.73205611e-05,2.05012157e-06,3223
74,3,1.76629237e-05,7.74046566e-05,5.06129936e-07,251
74,4,2.25726235e-05,8.51061704e-05,6.19694788e-07,228
74,5,2.50249996e-05,8.46999974e-05,0.00000000e+00,1
74,6,3.70373637e-05,9.19750746e-05,8.95307792e-08,11
74,7,1.22154292e-04,9.28678492e-05,1.09237169e-06,505
74,8,3.74000701e-05,1.01375736e-04,1.10592552e-07,18
74,9,6.76686104e-05,1.05696177e-04,2.52128018e-07,86
74,10,1.77351376e-05,1.13434828e-04,1.55465813e-07,51
74,11,9.82689235e-05,1.20108656e-04,5.21100731e-07,351
74,12,1.95591947e-05,1.14222799e-04,6.86854855e-06,1249
74,13,7.28919840e-05,1.13233975e-04,5.40427300e-06,300
74,14,1.34121336e-04,5.85447560e-05,5.80512824e-06,23
74,15,1.35644077e-04,5.97437793e-05,5.75060267e-06,8
74,16,2.44696130e-05,8.51431469e-05,8.63463538e-06,703
74,17,8.44090609e-05,9.00645973e-05,8.12976123e-06,503
74,18,7.81601993e-05,1.06571977e-04,6.98936446e-06,55
74,19,5.47168238e-05,5.97519393e-05,8.09633912e-06,270
74,20,1.02508166e-04,1.11222929e-04,9.07789308e-06,291
74,21,3.83301704e-05,8.94511832e-05,9.35131720e-06,166
74,22,9.49932655e-05,1.12306792e-04,1.09197854e-05,127
74,23,1.22749349e-04,4.26249790e-05,1.09721768e-05,18
74,24,1.08554879e-04,1.07659384e-04,1.79344643e-05,101
74,25,4.22026642e-05,9.75899820e-05,1.98758480e-05,547
74,26,9.99637850e-05,2.08178535e-05,2.34656272e-05,90
74,27,1.04107654e-04,1.21234152e-04,2.46616128e-05,34
74,28,1.29598659e-04,2.86837712e-05,2.65414292e-05,269
74,29,1.06223588e-05,3.33264543e-05,2.54999977e-05,8
74,30,1.62249999e-05,4.02188489e-05,2.54999995e-05,2
74,31,3.09006173e-05,1.03527389e-04,2.65941017e-05,134
74,32,8.53418969e-05,6.68255743e-05,2.81500870e-05,585
74,33,9.76894735e-05,2.84233211e-05,2.87477615e-05,77
74,34,1.08330416e-04,3.80361380e-05,3.49825568e-05,821
74,35,4.58631039e-05,1.80306833e-05,3.39993931e-05,95
74,36,5.65697519e-05,8.65395850e-05,3.59505866e-05,511
74,37,1.37622250e-04,9.27366564e-05,3.78052464e-05,393
74,38,7.69321705e-05,3.35611694e-05,3.83561346e-05,340
74,39,6.93999900e-05,4.11766196e-05,3.94973322e-05,1807
74,40,2.94232141e-05,1.28575368e-04,3.81486971e-05,276
74,41,3.09377174e-05,9.03118489e-05,3.89944980e-05,314
74,42,6.03887929e-05,8.74969628e-05,4.07476691e-05,771
74,43,8.57588821e-05,1.30896864e-04,4.21596560e-05,968
74,44,7.64302022e-05,4.79873270e-05,4.15202230e-05,97
74,45,5.55505103e-05,2.93562262e-05,4.17871815e-05,14
74,46,5.32605336e-05,6.41715669e-05,4.36757000e-05,37
74,47,7.27895458e-05,5.25073483e-05,4.60069969e-05,852
74,48,2.16574772e-05,5.67074494e-05,4.46635022e-05,98
74,49,4.01710022e-05,6.01239626e-05,4.56966627e-05,156
74,50,9.75975345e-05,7.75488752e-06,4.52999302e-05,5
74,51,7.79043839e-05,5.50956829e-05,4.71567255e-05,176
74,52,1.22163125e-04,5.21625770e-05,5.20168978e-05,706
74,53,5.82713110e-05,5.57201674e-05,5.14668900e-05,308
74,54,4.66459242e-05,1.05121107e-04,5.13193554e-05,33
74,55,4.32023007e-05,9.73262868e-05,5.31951555e-05,324
74,56,3.41241248e-05,8.95031844e-05,5.44364775e-05,488
74,57,5.14606472e-05,9.00406812e-05,5.38787172e-05,749
74,58,9.81020930e-05,9.49577152e-05,5.43068636e-05,302
74,59,9.21473766e-05,1.18166274e-04,5.46814226e-05,36
74,60,1.21549994e-04,2.63999991e-05,5.50000004e-05,1
74,61,9.37751247e-05,1.18112592e-04,5.54999970e-05,7
74,62,9.07324647e-05,4.35333204e-05,5.85941489e-05,139
74,63,4.28548374e-05,1.60248710e-05,6.20942665e-05,140
74,64,6.84867191e-05,6.18170379e-05,6.26387482e-05,248
74,65,9.23909465e-05,6.40168364e-05,6.25092071e-05,205
74,66,9.32709227e-05,6.57250421e-05,6.24672903e-05,15
74,67,6.61642553e-05,8.95208650e-05,6.26791225e-05,89
74,68,1.86218676e-05,9.71581321e-05,6.25010653e-05,23
74,69,6.35604156e-05,1.18056720e-04,6.28562339e-05,201
74,70,4.48364735e-05,9.87747844e-05,6.30192662e-05,83
75,1,1.34681424e-04,6.08438022e-05,0.00000000e+00,6
75,2,8.79829895e-05,7.72892017e-05,2.07218113e-06,3373
75,3,8.55249964e-05,7.69999970e-05,0.00000000e+00,1
75,4,1.83047996e-05,7.77589084e-05,2.47712819e-07,72
75,5,2.26293760e-05,8.50528450e-05,9.83344080e-07,110
75,6,2.45896754e-05,8.46771945e-05,1.65978335e-07,6
75,7,2.50249668e-05,8.46765834e-05,3.03070181e-07,18
75,8,3.74870106e-05,9.23092957e-05,2.67573995e-07,70
75,9,1.22130892e-04,9.28758745e-05,1.01135993e-06,417
75,10,3.73308685e-05,1.01217025e-04,1.55148044e-07,16
75,11,6.71784583e-05,1.06061583e-04,3.52797755e-08,14
75,12,1.79740837e-05,1.13407244e-04,8.26138162e-08,18
75,13,9.80296900e-05,1.20061923e-04,5.50823813e-07,447
75,14,8.99330626e-05,5.27680641e-05,2.47070261e-06,17
75,15,7.37938244e-05,1.13074049e-04,5.05122944e-06,343
75,16,1.96364290e-05,1.14250361e-04,6.82189011e-06,1274
75,17,1.35948474e-04,6.00678468e-05,5.78527806e-06,7
75,18,1.18259879e-04,3.29038198e-06,6.00000112e-06,14
75,19,8.45527538e-05,8.99548540e-05,8.18835269e-06,465
75,20,7.77358000e-05,1.06728730e-04,6.58117779e-06,87
75,21,2.44456041e-05,8.51271398e-05,8.72413966e-06,672
75,22,5.44001232e-05,5.90169439e-05,8.32966543e-06,194
75,23,3.90199930e-05,9.00567029e-05,8.92666139e-06,407
75,24,1.02405684e-04,1.11249239e-04,9.13789336e-06,69
75,25,1.23612816e-04,4.25520047e-05,1.06657617e-05,111
75,26,9.49652531e-05,1.12204725e-04,1.12715625e-05,201
75,27,1.08537752e-04,1.07504209e-04,1.80903589e-05,93
75,28,4.26428778e-05,9.80664990e-05,1.95855373e-05,467
75,29,9.92381101e-05,2.12233826e-05,2.29563302e-05,72
75,30,1.30074099e-04,2.84302514e-05,2.64260052e-05,1074
75,31,1.19589269e-04,7.86073724e-05,2.43012037e-05,35
75,32,1.03878054e-04,1.21152501e-04,2.45336250e-05,63
75,33,1.11435629e-05,3.33769021e-05,2.56819949e-05,19
75,34,1.63624991e-05,4.01958787e-05,2.56654293e-05,3
75,35,3.09310999e-05,1.03533785e-04,2.64212777e-05,84
75,36,8.54632453e-05,6.66916603e-05,2.79875057e-05,608
75,37,9.73101196e-05,2.84329799e-05,2.87326257e-05,28
75,38,1.08450440e-04,3.79854173e-05,3.50373593e-05,655
75,39,4.70250488e-05,1.75999976e-05,3.35000004e-05,3
75,40,4.59629227e-05,1.80391780e-05,3.38859136e-05,48
75,41,5.65475093e-05,8.63341120e-05,3.59252917e-05,382
75,42,7.66880912e-05,3.36855010e-05,3.89535235e-05,364
75,43,1.37745650e-04,9.25451677e-05,3.81283644e-05,78
75,44,2.93782341e-05,1.28578584e-04,3.82962753e-05,215
75,45,6.96329880e-05,4.15082395e-05,3.98018128e-05,801
75,46,3.15101606e-05,8.99318256e-05,3.88811095e-05,168
75,47,6.03325097e-05,8.73967147e-05,4.06187610e-05,448
75,48,8.55847102e-05,1.31139284e-04,4.28989333e-05,1688
75,49,7.74174332e-05,4.81479474e-05,4.14313399e-05,258
75,50,5.55658989e-05,2.93018475e-05,4.18429554e-05,60
75,51,4.45554251e-05,1.33517417e-04,4.29617721e-05,27
75,52,5.34183382e-05,6.42743398e-05,4.37249655e-05,40
75,53,7.26978396e-05,5.25372416e-05,4.59972471e-05,708
75,54,2.19156082e-05,5.62976238e-05,4.46790727e-05,120
75,55,3.96440846e-05,5.99631712e-05,4.55075751e-05,182
75,56,7.79522015e-05,5.50613695e-05,4.72847569e-05,81
75,57,1.21828445e-04,5.21169641e-05,5.24255083e-05,511
75,58,5.79740808e-05,5.57461499e-05,5.16828841e-05,423
75,59,4.64458390e-05,1.05507221e-04,5.14292988e-05,28
75,60,4.32942179e-05,9.64096398e-05,5.28786150e-05,371
75,61,5.14427884e-05,8.99332808e-05,5.39524990e-05,845
75,62,3.40655643e-05,8.93786855e-05,5.45187613e-05,392
75,63,9.87616368e-05,9.50104150e-05,5.42172747e-05,376
75,64,9.28183799e-05,1.18220290e-04,5.50734730e-05,187
75,65,1.21366669e-04,2.66865027e-05,5.51660050e-05,12
75,66,9.09964001e-05,4.33405294e-05,5.86160204e-05,60
75,67,1.36076014e-05,5.08982230e-05,6.18442064e-05,29
75,68,6.83640974e-05,6.19966449e-05,6.24261593e-05,247
75,69,9.25512650e-05,6.42467348e-05,6.22982407e-05,246
75,70,4.27646519e-05,1.67408980e-05,6.21962899e-05,82
75,71,6.64089384e-05,8.96671481e-05,6.26055844e-05,133
75,72,6.32371593e-05,1.17863776e-04,6.26336478e-05,297
75,73,9.34709024e-05,6.58823701e-05,6.21784420e-05,14
75,74,1.85478784e-05,9.71114714e-05,6.27645568e-05,19
75,75,4.40991207e-05,9.91052293e-05,6.27879053e-05,160
76,1,9.03233740e-05,5.20582835e-05,7.30056172e-07,192
76,2,8.79968575e-05,7.72892672e-05,2.07568564e-06,3241
76,3,1.90670853e-05,7.78195536e-05,3.01856346e-07,51
76,4,3.74478586e-05,9.21565952e-05,3.64645842e-07,134
76,5,1.22088080e-04,9.28604495e-05,9.22634570e-07,270
76,6,6.65848493e-05,1.06541767e-04,6.63586263e-07,498
76,7,7.80541523e-05,1.08120817e-04,0.00000000e+00,3
76,8,7.81688286e-05,1.08487504e-04,0.00000000e+00,2
76,9,1.79938543e-05,1.13309448e-04,0.00000000e+00,15
76,10,2.16002063e-05,1.14762654e-04,9.02979025e-08,11
76,11,9.80300101e-05,1.20248136e-04,5.96675477e-07,423
76,12,4.43603276e-05,1.36565970e-04,5.77104800e-07,325
76,13,7.48173843e-05,1.12899601e-04,5.28982537e-06,268
76,14,1.96076471e-05,1.14335984e-04,6.99223847e-06,865
76,15,1.36446426e-04,6.03599292e-05,5.40007841e-06,50
76,16,1.34784364e-04,5.91593016e-05,5.87524437e-06,4
76,17,7.70545739e-05,1.06781787e-04,6.60615478e-06,205
76,18,1.18981698e-04,3.96854148e-06,6.22725156e-06,22
76,19,2.44842649e-05,8.51912846e-05,8.64375488e-06,638
76,20,8.44383685e-05,9.00524101e-05,8.35239371e-06,512
76,21,5.44841350e-05,5.81446657e-05,8.46567218e-06,361
76,22,3.94226736e-05,9.01473468e-05,8.94479399e-06,229
76,23,1.24279904e-04,4.27861378e-05,1.05849031e-05,77
76,24,9.50867907e-05,1.12301052e-04,1.10066630e-05,76
76,25,1.08531829e-04,1.07481050e-04,1.82115200e-05,105
76,26,4.32109227e-05,9.84628132e-05,1.97157296e-05,380
76,27,9.87743042e-05,2.13835538e-05,2.27814417e-05,129
76,28,1.19294804e-04,7.95024098e-05,2.44999992e-05,5
76,29,1.30298999e-04,2.85224160e-05,2.59134486e-05,132
76,30,1.62328433e-05,4.02637706e-05,2.57828488e-05,69
76,31,8.54620885e-05,6.67763088e-05,2.81863286e-05,660
76,32,3.10528012e-05,1.03548824e-04,2.62352423e-05,36
76,33,9.69605608e-05,2.84019588e-05,2.87517196e-05,90
76,34,4.70899286e-05,1.73256449e-05,3.36520097e-05,263
76,35,1.08534681e-04,3.79226258e-05,3.48841349e-05,557
76,36,5.65706287e-05,8.63025416e-05,3.60245576e-05,469
76,37,2.93424109e-05,1.28659158e-04,3.80044185e-05,208
76,38,1.38009374e-04,9.22266045e-05,3.82359831e-05,110
76,39,7.62785930e-05,3.39921826e-05,3.94828639e-05,311
76,40,6.99417433e-05,4.16862640e-05,4.02686783e-05,965
76,41,3.20783438e-05,8.96155325e-05,3.90976456e-05,172
76,42,6.03064691e-05,8.71115917e-05,4.05837964e-05,786
76,43,7.80968912e-05,4.82484429e-05,4.11188048e-05,218
76,44,5.55088154e-05,2.92914174e-05,4.18704622e-05,93
76,45,8.55349281e-05,1.31182343e-04,4.36944720e-05,1067
76,46,5.35878062e-05,6.40652361e-05,4.36347145e-05,45
76,47,3.90811547e-05,5.98486076e-05,4.51153101e-05,304
76,48,7.26754224e-05,5.26286640e-05,4.58964169e-05,718
76,49,2.22001181e-05,5.57122221e-05,4.45000005e-05,11
76,50,2.15087239e-05,5.71072742e-05,4.48067149e-05,47
76,51,7.81504350e-05,5.50632139e-05,4.73504879e-05,107
76,52,4.35020484e-05,9.58277014e-05,5.18689376e-05,1035
76,53,6.98887670e-05,4.56692806e-06,5.19627647e-05,266
76,54,1.21752615e-04,5.23155832e-05,5.27071170e-05,938
76,55,5.74107726e-05,5.57129970e-05,5.19579298e-05,322
76,56,4.65207122e-05,1.05645689e-04,5.15000029e-05,3
76,57,5.13212981e-05,8.97507198e-05,5.38532040e-05,539
76,58,3.41916239e-05,8.94583354e-05,5.47509408e-05,252
76,59,9.94677612e-05,9.51206021e-05,5.40587353e-05,171
76,60,9.28798909e-05,1.18192569e-04,5.51784615e-05,87
76,61,1.22650003e-04,2.50938137e-05,5.59999971e-05,2
76,62,1.33546710e-04,9.95156879e-05,5.73753605e-05,4
76,63,9.09245791e-05,4.30376931e-05,5.86800379e-05,74
76,64,6.66089618e-05,8.96275014e-05,6.23803862e-05,175
76,65,6.82886312e-05,6.21666986e-05,6.24943059e-05,170
76,66,9.26707580e-05,6.45072578e-05,6.23736269e-05,118
76,67,4.26984625e-05,1.73530807e-05,6.22284861e-05,50
76,68,1.85277677e-05,9.71884438e-05,6.28820198e-05,60
76,69,4.32901215e-05,9.93423309e-05,6.29640635e-05,182
76,70,6.28157577e-05,1.17582669e-04,6.27750342e-05,174
76,71,1.75314344e-05,9.87249950e-05,6.29999995e-05,2
77,1,9.08771835e-05,5.11821454e-05,6.27534121e-07,294
77,2,8.80113730e-05,7.73150532e-05,2.12967666e-06,3378
77,3,1.95050252e-05,7.78588146e-05,4.78329810e-07,157
77,4,1.21992416e-04,9.29194503e-05,9.50143658e-07,392
77,5,7.68432437e-05,1.04706261e-04,2.84273682e-07,14
77,6,7.68624959e-05,1.05050000e-04,0.00000000e+00,1
77,7,7.67249294e-05,1.05874999e-04,8.44177123e-07,13
77,8,6.61121449e-05,1.06994157e-04,4.70625167e-07,372
77,9,7.68453247e-05,1.08553111e-04,2.39464413e-07,25
77,10,7.56254522e-05,1.12735848e-04,4.12973395e-06,395
77,11,1.78749997e-05,1.13437498e-04,0.00000000e+00,1
77,12,7.57347370e-05,1.13946327e-04,0.00000000e+00,10
77,13,7.57624439e-05,1.14537499e-04,0.00000000e+00,3
77,14,9.81232952e-05,1.20259552e-04,6.01907800e-07,458
77,15,4.38138522e-05,1.36640432e-04,1.98421418e-07,20
77,16,1.94939712e-05,1.14429116e-04,7.15931947e-06,706
77,17,1.35343667e-04,5.94000230e-05,5.60838089e-06,28
77,18,1.36674993e-04,6.06374997e-05,4.99999987e-06,1
77,19,7.63562712e-05,1.07151594e-04,6.96224242e-06,391
77,20,1.19625642e-04,4.62983417e-06,6.24935137e-06,18
77,21,8.45525792e-05,8.99594161e-05,8.43199905e-06,430
77,22,7.63124262e-05,1.06348554e-04,6.77696244e-06,9
77,23,5.41170557e-05,5.76471393e-05,8.32339811e-06,279
77,24,2.44734420e-05,8.51116274e-05,8.57713894e-06,492
77,25,3.96841278e-05,9.06052446e-05,9.38981339e-06,18
77,26,1.25091407e-04,4.28662315e-05,1.07423948e-05,91
77,27,9.51550101e-05,1.12322850e-04,1.10362871e-05,28
77,28,1.08540808e-04,1.07461223e-04,1.80930620e-05,152
77,29,4.38984935e-05,9.88755128e-05,2.01223320e-05,234
77,30,9.79229444e-05,2.18630703e-05,2.25072417e-05,137
77,31,1.19014025e-04,8.00172274e-05,2.42495025e-05,18
77,32,1.60980944e-05,4.03803388e-05,2.58443979e-05,155
77,33,1.30695931e-04,2.80888453e-05,2.59358858e-05,39
77,34,8.54148166e-05,6.68352150e-05,2.82455203e-05,706
77,35,9.66904190e-05,2.82388701e-05,2.89019408e-05,178
77,36,4.78912734e-05,1.68145598e-05,3.29998547e-05,47
77,37,1.08748434e-04,3.77818324e-05,3.48637586e-05,574
77,38,5.66320668e-05,8.63102250e-05,3.59843325e-05,593
77,39,7.00640230e-05,4.19428943e-05,4.06511208e-05,2209
77,40,1.38176460e-04,9.21371393e-05,3.86673928e-05,340
77,41,2.94345082e-05,1.28544780e-04,3.83164406e-05,311
77,42,3.26440022e-05,8.92628959e-05,3.89329762e-05,218
77,43,7.58684182e-05,3.43707034e-05,4.00216741e-05,304
77,44,6.05275927e-05,8.72535456e-05,4.04599559e-05,802
77,45,7.89882251e-05,4.84624943e-05,4.08738379e-05,288
77,46,5.54554208e-05,2.92522782e-05,4.18221098e-05,144
77,47,8.51798832e-05,1.31437191e-04,4.41151496e-05,788
77,48,5.36831867e-05,6.41682927e-05,4.33893074e-05,50
77,49,7.28169398e-05,5.27357006e-05,4.61526215e-05,1057
77,50,3.83315128e-05,5.96326900e-05,4.47910716e-05,253
77,51,9.78350727e-05,7.63481057e-06,4.50291845e-05,17
77,52,2.21060436e-05,5.57821731e-05,4.45378646e-05,13
77,53,2.14958673e-05,5.71541386e-05,4.46669801e-05,3
77,54,7.82595162e-05,5.52605561e-05,4.72853644e-05,115
77,55,5.69206459e-05,5.56417763e-05,5.22593218e-05,627
77,56,4.35702714e-05,9.49632304e-05,5.16989057e-05,380
77,57,1.21526624e-04,5.23074159e-05,5.30025136e-05,470
77,58,4.66195961e-05,1.05534986e-04,5.14208477e-05,95
77,59,6.99557640e-05,4.99775297e-06,5.22312621e-05,26
77,60,5.13051564e-05,8.96808560e-05,5.36867665e-05,397
77,61,1.00335659e-04,9.50858230e-05,5.41248737e-05,344
77,62,3.42893727e-05,8.93155666e-05,5.51946614e-05,456
77,63,9.21759784e-05,1.18202457e-04,5.50448131e-05,32
77,64,9.39812890e-05,1.17906267e-04,5.55000042e-05,4
77,65,9.04753178e-05,4.35869370e-05,5.84386471e-05,8
77,66,9.15292185e-05,4.28999992e-05,5.86654824e-05,3
77,67,6.84645565e-05,6.24199165e-05,6.27324989e-05,211
77,68,9.29406160e-05,6.47362103e-05,6.21239742e-05,62
77,69,6.67894637e-05,8.94666373e-05,6.25721150e-05,108
77,70,1.84607161e-05,9.72134949e-05,6.25042303e-05,88
77,71,4.23936872e-05,1.82338899e-05,6.25613102e-05,41
77,72,4.24253521e-05,9.94998627e-05,6.29046917e-05,180
77,73,6.26632464e-05,1.17591662e-04,6.26514156e-05,211
78,1,9.08948277e-05,5.08962876e-05,1.00624186e-06,810
78,2,2.21436603e-05,7.36442234e-05,1.73188070e-07,23
78,3,8.80813823e-05,7.72922285e-05,2.09999939e-06,3677
78,4,2.24435880e-05,8.50022479e-05,2.60524303e-07,40
78,5,1.21951467e-04,9.27631627e-05,1.01477451e-06,495
78,6,7.64500001e-05,1.04912499e-04,0.00000000e+00,1
78,7,7.64409924e-05,1.05673316e-04,3.96683362e-07,15
78,8,6.56673510e-05,1.07368505e-04,6.80926007e-07,623
78,9,7.64047072e-05,1.10245455e-04,3.65054632e-07,95
78,10,7.64500001e-05,1.10962494e-04,0.00000000e+00,1
78,11,7.67800593e-05,1.12503069e-04,4.06897016e-06,576
78,12,1.77850070e-05,1.13657028e-04,1.33993069e-07,37
78,13,9.81741396e-05,1.19992852e-04,5.71953876e-07,444
78,14,1.94373970e-05,1.14535280e-04,7.05461116e-06,900
78,15,1.37362513e-04,6.09124982e-05,4.74910803e-06,2
78,16,1.35652750e-04,5.99070845e-05,5.62577225e-06,32
78,17,1.20137243e-04,5.09210986e-06,6.15336603e-06,29
78,18,7.62706186e-05,1.07488355e-04,7.36553739e-06,238
78,19,5.40393667e-05,5.67800962e-05,8.26072301e-06,306
78,20,2.43162958e-05,8.48739655e-05,8.54382961e-06,475
78,21,8.44521564e-05,8.99855004e-05,8.52090852e-06,306
78,22,4.10282009e-05,9.15038327e-05,9.88538432e-06,368
78,23,1.25743856e-04,4.26249971e-05,1.04999999e-05,2
78,24,9.53215786e-05,1.12337366e-04,1.09998218e-05,24
78,25,7.57145754e-05,1.09724948e-04,1.65013862e-05,23
78,26,1.08586268e-04,1.07232867e-04,1.79401959e-05,139
78,27,4.44848592e-05,9.95426017e-05,2.01342646e-05,361
78,28,9.75062503e-05,2.20124202e-05,2.22224753e-05,259
78,29,1.30993663e-04,2.77995823e-05,2.58185901e-05,633
78,30,1.18618591e-04,8.04648444e-05,2.43423783e-05,25
78,31,1.03950006e-04,1.21618497e-04,2.44999992e-05,2
78,32,1.61568150e-05,4.03558042e-05,2.57494376e-05,36
78,33,1.32740006e-05,3.27251473e-05,2.61528912e-05,13
78,34,8.55181061e-05,6.67482891e-05,2.81020111e-05,668
78,35,9.62893100e-05,2.80095919e-05,2.85523147e-05,194
78,36,4.81893148e-05,1.67580438e-05,3.32492345e-05,226
78,37,1.08741384e-04,3.79063495e-05,3.47932983e-05,643
78,38,5.66227282e-05,8.63098903e-05,3.62349238e-05,432
78,39,2.93822850e-05,1.28638072e-04,3.81663958e-05,370
78,40,3.31169722e-05,8.88831637e-05,3.91015346e-05,152
78,41,7.55678848e-05,3.47899513e-05,4.03893901e-05,588
78,42,7.02815742e-05,4.22954217e-05,4.08488741e-05,1029
78,43,6.05691639e-05,8.71758239e-05,4.03192535e-05,591
78,44,8.00593189e-05,4.86594763e-05,4.03941958e-05,282
78,45,5.55261577e-05,2.92820769e-05,4.17684023e-05,218
78,46,1.11512505e-04,2.30313253e-05,4.17494011e-05,4
78,47,8.51373188e-05,1.31653709e-04,4.46636695e-05,1676
78,48,9.76251522e-06,1.21962286e-04,4.19999997e-05,5
78,49,3.76390162e-05,5.92669603e-05,4.43139361e-05,188
78,50,5.37342385e-05,6.43285748e-05,4.34997164e-05,19
78,51,7.28819650e-05,5.27258599e-05,4.60490555e-05,1134
78,52,2.18254572e-05,5.64050351e-05,4.46842932e-05,98
78,53,9.78994794e-05,7.63117987e-06,4.50000007e-05,6
78,54,7.83691721e-05,5.52877136e-05,4.70716368e-05,78
78,55,4.38171337e-05,9.42115003e-05,5.15168686e-05,485
78,56,4.63625474e-05,1.05677653e-04,5.15626925e-05,189
78,57,5.65519622e-05,5.57059757e-05,5.24221177e-05,354
78,58,1.21290504e-04,5.23116541e-05,5.33862039e-05,530
78,59,5.16571054e-05,9.01846070e-05,5.37153428e-05,434
78,60,1.00655037e-04,9.53120398e-05,5.38623572e-05,334
78,61,3.44745386e-05,8.93804827e-05,5.54723483e-05,444
78,62,1.20725010e-04,2.78436619e-05,5.50000041e-05,2
78,63,9.40174505e-05,1.17953059e-04,5.55113220e-05,38
78,64,9.07105132e-05,4.25463295e-05,5.85000053e-05,7
78,65,6.83639009e-05,6.25377434e-05,6.27254412e-05,259
78,66,1.84662567e-05,9.70161054e-05,6.25175817e-05,128
78,67,4.22251942e-05,1.88380072e-05,6.27665650e-05,75
78,68,9.32380208e-05,6.50814618e-05,6.22645894e-05,49
78,69,6.69757646e-05,8.94700643e-05,6.27548870e-05,113
78,70,4.15680006e-05,9.95989976e-05,6.29127389e-05,219
78,71,6.20880382e-05,1.17498661e-04,6.28486159e-05,130
78,72,6.53096231e-06,1.11736023e-04,6.28760390e-05,8
79,1,1.02319907e-04,1.40562788e-05,3.21211019e-07,99
79,2,9.13709810e-05,5.03299198e-05,6.89882540e-07,494
79,3,8.81158921e-05,7.73383290e-05,2.11903603e-06,3870
79,4,2.56782550e-05,8.32907317e-05,1.25022140e-07,4
79,5,2.25874373e-05,8.54436439e-05,1.80948064e-07,22
79,6,1.21963792e-04,9.28105364e-05,8.23198491e-07,336
79,7,3.87064647e-05,9.44624917e-05,0.00000000e+00,2
79,8,7.46901496e-05,1.05050007e-04,1.99305845e-07,5
79,9,6.53109964e-05,1.07730324e-04,5.19484786e-07,423
79,10,7.78243993e-05,1.12646158e-04,4.10415441e-06,479
79,11,7.82002753e-05,1.14072362e-04,3.77660285e-08,26
79,12,2.18624991e-05,1.15156283e-04,0.00000000e+00,2
79,13,9.84161670e-05,1.19457480e-04,3.31358478e-07,332
79,14,4.26942606e-05,1.35299997e-04,0.00000000e+00,2
79,15,1.37681447e-04,6.11703726e-05,5.09809342e-06,41
79,16,1.95036610e-05,1.14508119e-04,7.38771541e-06,1113
79,17,1.36056347e-04,5.99043851e-05,5.33419643e-06,6
79,18,7.48564853e-05,1.07505315e-04,7.08487187e-06,64
79,19,2.44075691e-05,8.48934869e-05,8.47481442e-06,438
79,20,5.39259236e-05,5.58886786e-05,8.51861932e-06,224
79,21,8.45069444e-05,8.98211001e-05,8.27436452e-06,49
79,22,4.14450005e-05,9.18049045e-05,9.47343506e-06,418
79,23,1.02250619e-04,1.11057307e-04,9.01115891e-06,48
79,24,1.08571345e-04,1.07406944e-04,1.80706375e-05,121
79,25,4.48709252e-05,9.97347015e-05,2.01554394e-05,392
79,26,9.69097455e-05,2.22771923e-05,2.18340301e-05,261
79,27,1.31386550e-04,2.78533880e-05,2.54119077e-05,377
79,28,1.18268523e-04,8.12629878e-05,2.43022769e-05,30
79,29,1.03812359e-04,1.21481389e-04,2.44999992e-05,6
79,30,1.61933185e-05,4.04754865e-05,2.57291304e-05,78
79,31,8.55760081e-05,6.68196808e-05,2.80981840e-05,824
79,32,9.62172271e-05,2.79586402e-05,2.85479491e-05,187
79,33,4.95126296e-05,1.64004632e-05,3.23843378e-05,48
79,34,1.08649860e-04,3.79137418e-05,3.47446585e-05,548
79,35,5.66428462e-05,8.62571105e-05,3.62798019e-05,590
79,36,2.95094560e-05,1.28777276e-04,3.81212049e-05,208
79,37,1.38302756e-04,9.15204000e-05,3.85990097e-05,135
79,38,7.06341452e-05,4.23792953e-05,4.12870504e-05,1282
79,39,3.37671045e-05,8.84933761e-05,3.89190500e-05,185
79,40,7.53192799e-05,3.52342540e-05,4.08509368e-05,574
79,41,8.06997268e-05,4.90064303e-05,4.00699209e-05,320
79,42,6.06826361e-05,8.73046811e-05,4.02610931e-05,352
79,43,5.53556893e-05,2.91511369e-05,4.16861221e-05,91
79,44,3.70514645e-05,5.90828968e-05,4.39829892e-05,117
79,45,8.51775840e-05,1.31709676e-04,4.55830377e-05,1125
79,46,5.36802727e-05,6.41804945e-05,4.37333510e-05,30
79,47,7.29372114e-05,5.27523771e-05,4.61834861e-05,930
79,48,2.18024707e-05,5.63334579e-05,4.47393104e-05,44
79,49,7.85601878e-05,5.53006757e-05,4.71685453e-05,145
79,50,4.39349824e-05,9.34689233e-05,5.13194027e-05,912
79,51,1.33893336e-04,4.04253187e-05,5.07891273e-05,26
79,52,4.63416072e-05,1.05851417e-04,5.15788051e-05,184
79,53,1.21065576e-04,5.24544776e-05,5.37918422e-05,931
79,54,5.59511136e-05,5.58656211e-05,5.27136908e-05,290
79,55,5.15758475e-05,8.99865263e-05,5.38219647e-05,437
79,56,1.01202932e-04,9.52405608e-05,5.36182451e-05,208
79,57,3.43565152e-05,8.94531986e-05,5.56545237e-05,400
79,58,1.31955341e-04,9.74919240e-05,5.84043119e-05,31
79,59,8.94669211e-05,4.42754936e-05,5.86233291e-05,12
79,60,6.82928148e-05,6.26685287e-05,6.25892499e-05,252
79,61,9.44624990e-05,6.72374954e-05,6.15000026e-05,1
79,62,6.70783120e-05,8.91009840e-05,6.28915659e-05,202
79,63,1.84427354e-05,9.67933811e-05,6.23834785e-05,70
79,64,4.06373874e-05,9.97513343e-05,6.27109184e-05,184
79,65,4.18718009e-05,1.94554559e-05,6.24580789e-05,124
79,66,6.19262282e-05,1.17299431e-04,6.26683905e-05,180
80,1,9.15583514e-05,5.00708229e-05,8.26122630e-07,655
80,2,8.82410604e-05,7.72142012e-05,2.17273282e-06,4032
80,3,4.17225747e-05,9.25743880e-05,2.03522788e-07,44
80,4,1.22061720e-04,9.28355148e-05,9.55932023e-07,370
80,5,6.49043286e-05,1.08442968e-04,6.63646802e-07,533
80,6,7.57379603e-05,1.08958615e-04,1.77420688e-07,28
80,7,7.87874960e-05,1.13299997e-04,0.00000000e+00,1
80,8,2.13903913e-05,1.15297698e-04,3.29289058e-08,30
80,9,2.18624991e-05,1.15157352e-04,0.00000000e+00,6
80,10,9.91873385e-05,1.17809366e-04,1.91605153e-07,88
80,11,9.84256403e-05,1.19671895e-04,2.54081073e-07,90
80,12,4.24285718e-05,1.34534625e-04,3.37399086e-07,66
80,13,7.88388425e-05,1.12190501e-04,5.50254344e-06,320
80,14,1.95839257e-05,1.14560295e-04,7.51117068e-06,1409
80,15,1.21476078e-04,6.49434423e-06,5.80944197e-06,13
80,16,1.36537492e-04,6.02256368e-05,5.50000004e-06,3
80,17,7.47656595e-05,1.07532789e-04,6.83566941e-06,256
80,18,5.38039676e-05,5.52410129e-05,8.67337803e-06,526
80,19,2.43330760e-05,8.48201453e-05,8.60832006e-06,386
80,20,8.43033049e-05,8.98817598e-05,8.25782627e-06,76
80,21,4.18100863e-05,9.19775994e-05,9.17927446e-06,585
80,22,1.02311758e-04,1.10930050e-04,9.11474399e-06,264
80,23,1.27172607e-04,4.24970713e-05,9.84785584e-06,56
80,24,1.08644686e-04,1.07465392e-04,1.81493415e-05,102
80,25,4.55715308e-05,1.00123732e-04,1.99172828e-05,302
80,26,9.65363215e-05,2.23949464e-05,2.15258879e-05,286
80,27,1.18197197e-04,8.16468309e-05,2.42447641e-05,47
80,28,1.31669731e-04,2.76324881e-05,2.52343816e-05,60
80,29,1.60963737e-05,4.03820450e-05,2.57171541e-05,16
80,30,3.10701216e-05,1.03314815e-04,2.60967790e-05,52
80,31,8.56534898e-05,6.68183784e-05,2.80846416e-05,683
80,32,9.59954705e-05,2.79787473e-05,2.83504251e-05,147
80,33,4.97759138e-05,1.61911194e-05,3.21815933e-05,175
80,34,1.08703935e-04,3.78600744e-05,3.47655769e-05,521
80,35,5.66276176e-05,8.62692614e-05,3.62363498e-05,442
80,36,2.95608716e-05,1.28895263e-04,3.80684251e-05,208
80,37,1.38362433e-04,9.12673058e-05,3.91565954e-05,213
80,38,3.43048996e-05,8.81396409e-05,3.91704307e-05,196
80,39,7.07099389e-05,4.26066435e-05,4.14832066e-05,1947
80,40,8.15169260e-05,4.93579792e-05,3.95217139e-05,256
80,41,6.07723014e-05,8.73817262e-05,4.04111706e-05,521
80,42,7.50965628e-05,3.55420489e-05,4.11694928e-05,326
80,43,5.55108381e-05,2.90810567e-05,4.17843257e-05,14
80,44,3.66202257e-05,5.88533439e-05,4.39200885e-05,56
80,45,5.36869156e-05,6.43343301e-05,4.37015588e-05,45
80,46,8.51760196e-05,1.31795430e-04,4.60699957e-05,895
80,47,7.30418324e-05,5.27915472e-05,4.62532989e-05,1040
80,48,2.19472076e-05,5.63012873e-05,4.48186183e-05,74
80,49,7.87207755e-05,5.53793579e-05,4.71731983e-05,202
80,50,4.39974538e-05,9.28164882e-05,5.07574587e-05,356
80,51,2.11060851e-05,7.09499946e-05,5.05000025e-05,2
80,52,4.67071332e-05,1.05604173e-04,5.17253538e-05,122
80,53,5.57321218e-05,5.58649117e-05,5.29325371e-05,333
80,54,1.20979174e-04,5.24592033e-05,5.42330563e-05,477
80,55,1.02023623e-04,9.52673799e-05,5.33655621e-05,461
80,56,5.15701322e-05,9.00633604e-05,5.39079228e-05,364
80,57,3.41046434e-05,8.95205885e-05,5.54248800e-05,501
80,58,1.33610039e-04,8.00355265e-05,5.50074001e-05,92
80,59,8.93640463e-05,4.44131801e-05,5.85360140e-05,54
80,60,1.31449997e-04,9.69374960e-05,5.89999945e-05,1
80,61,6.85186242e-05,6.29249116e-05,6.24630993e-05,265
80,62,4.15655741e-05,2.01243402e-05,6.22953157e-05,191
80,63,9.44476997e-05,6.76894051e-05,6.18032209e-05,28
80,64,1.84170785e-05,9.67413434e-05,6.24994864e-05,70
80,65,3.97673248e-05,9.96458111e-05,6.28990092e-05,236
80,66,6.72400420e-05,8.88744835e-05,6.29812857e-05,178
80,67,6.14869059e-05,1.16931049e-04,6.24433815e-05,86
80,68,6.73762224e-06,1.11154921e-04,6.30496579e-05,10
81,1,9.18697260e-05,4.95417262e-05,5.38482311e-07,272
81,2,8.83839675e-05,7.70721599e-05,2.22078847e-06,4207
81,3,2.18712685e-05,7.87925092e-05,3.20312523e-07,85
81,4,4.40381737e-05,9.00698869e-05,1.37222756e-07,18
81,5,1.22049598e-04,9.27814472e-05,7.07852280e-07,170
81,6,4.07952029e-05,9.36906290e-05,1.52952552e-07,13
81,7,7.41050389e-05,1.05843072e-04,3.99325103e-07,103
81,8,6.45748587e-05,1.08868539e-04,4.41548167e-07,350
81,9,1.02918741e-04,1.07937500e-04,0.00000000e+00,2
81,10,7.46887235e-05,1.09332679e-04,2.37158218e-07,21
81,11,7.98532346e-05,1.12096714e-04,1.24985561e-07,4
81,12,2.16225108e-05,1.15033356e-04,3.70371509e-07,258
81,13,9.91265551e-05,1.18368989e-04,3.97868035e-07,440
81,14,4.18912168e-05,1.33857102e-04,6.64631955e-07,320
81,15,4.10615248e-05,9.34294221e-05,2.81137227e-06,76
81,16,1.38410993e-04,6.16124453e-05,4.26435054e-06,32
81,17,7.98886249e-05,1.12144138e-04,5.21066522e-06,221
81,18,1.96157634e-05,1.14445145e-04,7.48999901e-06,1417
81,19,7.41340336e-05,1.07879736e-04,6.93384527e-06,512
81,20,1.21824989e-04,7.01249974e-06,6.00000021e-06,1
81,21,2.62901231e-05,2.67986707e-05,7.29980502e-06,10
81,22,2.44130315e-05,8.47161718e-05,8.51521145e-06,337
81,23,5.35666222e-05,5.48545504e-05,8.80121661e-06,289
81,24,4.23719248e-05,9.23709886e-05,9.27848578e-06,615
81,25,8.44708047e-05,8.96958009e-05,8.00000089e-06,3
81,26,1.02534781e-04,1.10857334e-04,9.19874492e-06,345
81,27,8.37374973e-05,9.00624946e-05,8.50000015e-06,1
81,28,9.49710229e-05,1.12369096e-04,1.13363631e-05,43
81,29,1.08868546e-04,1.07692242e-04,1.81340711e-05,130
81,30,4.58911672e-05,1.00481331e-04,1.97790923e-05,315
81,31,9.59582976e-05,2.24909418e-05,2.12788000e-05,210
81,32,1.31959285e-04,2.72704383e-05,2.49540335e-05,504
81,33,1.17814954e-04,8.21583963e-05,2.41586022e-05,31
81,34,1.60377567e-05,4.04135462e-05,2.58480177e-05,82
81,35,3.11593503e-05,1.03284641e-04,2.58968485e-05,140
81,36,8.56560582e-05,6.67693312e-05,2.81314042e-05,817
81,37,9.55866271e-05,2.79805245e-05,2.81914854e-05,108
81,38,5.07541881e-05,1.60431064e-05,3.20743020e-05,154
81,39,4.08294472e-05,1.38168631e-04,3.35907716e-05,100
81,40,1.08762775e-04,3.79477387e-05,3.46760171e-05,401
81,41,5.67582756e-05,8.62482848e-05,3.61947386e-05,280
81,42,2.97075585e-05,1.28701460e-04,3.80995225e-05,96
81,43,3.51712370e-05,8.82306631e-05,3.88140179e-05,295
81,44,8.27235563e-05,4.95148452e-05,3.96339165e-05,196
81,45,6.07614784e-05,8.73125682e-05,4.02911573e-05,404
81,46,1.38383868e-04,9.10842646e-05,3.89277957e-05,7
81,47,7.49630926e-05,3.58682228e-05,4.14583774e-05,293
81,48,7.10731765e-05,4.29405518e-05,4.17536903e-05,711
81,49,5.54891885e-05,2.90811950e-05,4.18127165e-05,32
81,50,9.92447622e-06,1.21865727e-04,4.20589240e-05,17
81,51,3.60252707e-05,5.86111419e-05,4.35912734e-05,50
81,52,5.36466760e-05,6.45640685e-05,4.36183655e-05,38
81,53,7.30518223e-05,5.27306765e-05,4.63175274e-05,1017
81,54,8.51994992e-05,1.31893685e-04,4.67246173e-05,1440
81,55,2.23666666e-05,5.55499282e-05,4.45000005e-05,3
81,56,2.18999212e-05,5.65581722e-05,4.49876716e-05,40
81,57,7.87227909e-05,5.53486389e-05,4.73753826e-05,131
81,58,4.43479839e-05,9.20415259e-05,5.05365097e-05,657
81,59,2.10375001e-05,7.10874956e-05,5.04999989e-05,1
81,60,4.66698657e-05,1.05576066e-04,5.15980792e-05,179
81,61,5.52085476e-05,5.59755790e-05,5.30847101e-05,223
81,62,1.02503662e-04,9.54119241e-05,5.31117148e-05,263
81,63,1.20590215e-04,5.24088355e-05,5.45747353e-05,562
81,64,5.17043518e-05,9.01999592e-05,5.41310437e-05,295
81,65,3.40004262e-05,8.95797639e-05,5.51952144e-05,524
81,66,8.92274038e-05,4.49598992e-05,5.82143985e-05,79
81,67,1.30899920e-04,9.62846316e-05,5.89153133e-05,12
81,68,9.45600550e-05,6.82046302e-05,6.18859485e-05,31
81,69,4.12570953e-05,2.06927707e-05,6.23887900e-05,152
81,70,6.87119536e-05,6.29614806e-05,6.25648754e-05,226
81,71,3.90911082e-05,9.93380163e-05,6.28894850e-05,312
81,72,6.09305789e-05,1.16593073e-04,6.24707536e-05,269
81,73,1.84710807e-05,9.64761493e-05,6.26875844e-05,59
81,74,6.73194809e-05,8.86462512e-05,6.31749135e-05,107
82,1,9.23096377e-05,4.87871475e-05,4.68610324e-07,193
82,2,8.82947861e-05,7.69924300e-05,2.19653657e-06,4294
82,3,4.38870775e-05,9.02447064e-05,3.50861512e-07,100
82,4,1.21715711e-04,9.29481685e-05,9.74623958e-07,570
82,5,1.03089129e-04,1.08033106e-04,2.58247951e-07,27
82,6,6.42044906e-05,1.09482913e-04,5.24436814e-07,431
82,7,1.82320528e-05,1.12761132e-04,1.47363579e-07,47
82,8,2.14378761e-05,1.15351657e-04,2.99062293e-07,204
82,9,9.93718277e-05,1.17784504e-04,5.34432445e-07,436
82,10,9.84495200e-05,1.19597775e-04,9.92976226e-08,15
82,11,4.14179776e-05,1.33311813e-04,7.26087421e-07,376
82,12,8.08172044e-05,1.12097077e-04,4.47255343e-06,88
82,13,1.97053650e-05,1.14503280e-04,7.34291007e-06,1808
82,14,1.37166018e-04,6.06962421e-05,4.71318981e-06,7
82,15,1.22861617e-04,7.88041507e-06,5.80847382e-06,13
82,16,7.38627132e-05,1.08239990e-04,7.20562230e-06,90
82,17,5.32318663e-05,5.39338034e-05,9.33053434e-06,356
82,18,2.47319476e-05,8.50106881e-05,8.50925881e-06,318
82,19,4.30021973e-05,9.28314184e-05,9.39413985e-06,337
82,20,1.02566344e-04,1.10887006e-04,9.14760494e-06,451
82,21,1.28631014e-04,4.24184946e-05,9.99999884e-06,4
82,22,9.51247857e-05,1.12356734e-04,1.11047002e-05,43
82,23,1.08998312e-04,1.07850698e-04,1.80017414e-05,116
82,24,4.67116588e-05,1.00892241e-04,1.99295755e-05,183
82,25,9.52369373e-05,2.24222094e-05,2.10484086e-05,311
82,26,1.32325091e-04,2.71034860e-05,2.44489838e-05,595
82,27,1.17516356e-04,8.27988843e-05,2.41855359e-05,24
82,28,1.61469252e-05,4.02606165e-05,2.57596457e-05,25
82,29,3.15672805e-05,1.03426319e-04,2.60597553e-05,84
82,30,8.57386258e-05,6.67035711e-05,2.79894502e-05,668
82,31,9.51878465e-05,2.77528288e-05,2.85169062e-05,195
82,32,5.11071557e-05,1.58552630e-05,3.20518957e-05,95
82,33,1.08677887e-04,3.79142657e-05,3.47142668e-05,432
82,34,5.67652169e-05,8.62513771e-05,3.61551902e-05,300
82,35,2.97319366e-05,1.28943648e-04,3.81270511e-05,348
82,36,1.38588512e-04,9.07980357e-05,3.99850178e-05,348
82,37,6.07658367e-05,8.73479366e-05,4.04341190e-05,788
82,38,3.58859652e-05,8.76772247e-05,3.93689188e-05,323
82,39,8.34721504e-05,4.95646127e-05,3.94727540e-05,209
82,40,7.11770190e-05,4.32353918e-05,4.24249047e-05,963
82,41,7.48846360e-05,3.64047410e-05,4.23226338e-05,410
82,42,9.99636359e-06,1.21742793e-04,4.20198594e-05,50
82,43,5.57586573e-05,2.90596763e-05,4.18789132e-05,29
82,44,3.53972900e-05,5.85398047e-05,4.34113863e-05,51
82,45,5.37068954e-05,6.45130276e-05,4.35092225e-05,54
82,46,7.30716856e-05,5.27522679e-05,4.62633943e-05,852
82,47,2.22496019e-05,5.60274275e-05,4.46837221e-05,49
82,48,8.51166769e-05,1.32029803e-04,4.73290092e-05,795
82,49,7.88115140e-05,5.55646075e-05,4.71091880e-05,111
82,50,7.12518304e-05,3.24762595e-06,5.00912865e-05,235
82,51,4.45518854e-05,9.11803872e-05,5.01095055e-05,261
82,52,1.33468056e-04,4.15609029e-05,5.17261069e-05,74
82,53,2.11200513e-05,7.09588494e-05,5.04996278e-05,15
82,54,4.67205573e-05,1.05681458e-04,5.17678636e-05,71
82,55,5.48786920e-05,5.60437111e-05,5.33928724e-05,461
82,56,1.03027465e-04,9.53855852e-05,5.30877587e-05,271
82,57,1.20138007e-04,5.24932402e-05,5.47982272e-05,627
82,58,3.40313381e-05,8.94598343e-05,5.46120682e-05,638
82,59,1.32749949e-04,7.94460284e-05,5.45677431e-05,112
82,60,5.16020700e-05,9.00961168e-05,5.40383699e-05,117
82,61,8.88785944e-05,4.52675122e-05,5.84351146e-05,46
82,62,9.47553490e-05,6.85110426e-05,6.17259502e-05,62
82,63,6.88383443e-05,6.30594950e-05,6.25636967e-05,254
82,64,6.05565619e-05,1.16269875e-04,6.23179367e-05,218
82,65,4.09266941e-05,2.14562551e-05,6.26423862e-05,79
82,66,1.85011795e-05,9.63902421e-05,6.25649263e-05,61
82,67,1.74669240e-05,9.86023006e-05,6.27146583e-05,28
82,68,3.82457547e-05,9.91232373e-05,6.26094479e-05,70
82,69,6.73291506e-05,8.83669418e-05,6.29999995e-05,3
82,70,7.53871973e-06,1.10367087e-04,6.30000068e-05,6
83,1,9.26212888e-05,4.83873591e-05,5.02380146e-07,177
83,2,1.37816562e-04,6.26766196e-05,1.83370545e-07,46
83,3,8.83141693e-05,7.69919207e-05,2.17393767e-06,4064
83,4,1.21823978e-04,9.29926391e-05,1.07667302e-06,688
83,5,1.03015089e-04,1.07525011e-04,1.98478077e-07,5
83,6,1.02987520e-04,1.07891981e-04,1.66386982e-07,12
83,7,6.40025246e-05,1.10056484e-04,4.97828808e-07,329
83,8,8.18553308e-05,1.12020956e-04,4.36989103e-06,322
83,9,1.87866772e-05,1.12639202e-04,3.13238189e-07,115
83,10,8.18810149e-05,1.12474991e-04,2.48417706e-07,4
83,11,8.19889101e-05,1.13025002e-04,2.13375444e-07,7
83,12,2.10537310e-05,1.15729810e-04,3.11127593e-07,339
83,13,9.94263537e-05,1.17781972e-04,4.54412429e-07,305
83,14,9.86388914e-05,1.19786579e-04,1.69139696e-07,50
83,15,4.06883228e-05,1.32704765e-04,1.66033388e-07,24
83,16,1.97478639e-05,1.14645496e-04,7.19830632e-06,2124
83,17,2.68150161e-05,2.68034091e-05,7.35909725e-06,241
83,18,2.47213356e-05,8.48915224e-05,8.57781743e-06,387
83,19,1.02558050e-04,1.10849418e-04,9.27027759e-06,550
83,20,5.31329133e-05,5.33146595e-05,9.99537860e-06,241
83,21,4.36474438e-05,9.30926763e-05,9.88744159e-06,314
83,22,1.29318913e-04,4.22124976e-05,9.49999867e-06,2
83,23,9.51628608e-05,1.12357062e-04,1.09520834e-05,21
83,24,1.08875138e-04,1.07769527e-04,1.81047490e-05,137
83,25,4.70839077e-05,1.01382473e-04,1.99698388e-05,185
83,26,9.47592562e-05,2.25397980e-05,2.07359608e-05,233
83,27,1.32496629e-04,2.69822904e-05,2.39620167e-05,13
83,28,1.17134477e-04,8.34459206e-05,2.44999956e-05,17
83,29,3.18426682e-05,1.03639708e-04,2.60464749e-05,149
83,30,8.57984851e-05,6.66677515e-05,2.79623127e-05,737
83,31,9.48314846e-05,2.74161630e-05,2.86131071e-05,188
83,32,5.18422057e-05,1.58581697e-05,3.18044840e-05,147
83,33,4.13418238e-05,1.38508287e-04,3.25000001e-05,3
83,34,1.08716624e-04,3.79308040e-05,3.47179084e-05,239
83,35,5.69165277e-05,8.62570159e-05,3.62513529e-05,372
83,36,2.98383893e-05,1.28905856e-04,3.80262718e-05,341
83,37,3.63532017e-05,8.76726917e-05,3.91628309e-05,413
83,38,6.09027702e-05,8.73662138e-05,4.03149425e-05,688
83,39,8.43713497e-05,4.96505745e-05,3.94660165e-05,212
83,40,7.12477922e-05,4.33817040e-05,4.26810257e-05,1529
83,41,7.48424209e-05,3.66822278e-05,4.25730941e-05,486
83,42,5.58438696e-05,2.92731547e-05,4.18796226e-05,29
83,43,3.48711328e-05,5.84201043e-05,4.29653919e-05,225
83,44,1.02434688e-05,1.21893725e-04,4.20005126e-05,6
83,45,5.37981141e-05,6.46256813e-05,4.35706061e-05,91
83,46,7.32734043e-05,5.27116645e-05,4.60162009e-05,835
83,47,2.21934806e-05,5.60669578e-05,4.47092971e-05,74
83,48,8.50259748e-05,1.32316971e-04,4.81380375e-05,1276
83,49,7.88261896e-05,5.53956961e-05,4.71694475e-05,99
83,50,4.50467342e-05,9.05752167e-05,4.94950982e-05,457
83,51,7.16756767e-05,3.03191405e-06,5.01077629e-05,206
83,52,2.12669856e-05,7.10056920e-05,5.03161173e-05,27
83,53,4.70372688e-05,1.05408675e-04,5.12843180e-05,84
83,54,3.42376952e-05,8.93536999e-05,5.43463138e-05,431
83,55,1.02771897e-04,9.54928837e-05,5.28521050e-05,249
83,56,5.44850445e-05,5.60709523e-05,5.36549960e-05,268
83,57,1.20067365e-04,5.23390263e-05,5.52280217e-05,442
83,58,5.14759158e-05,8.96139900e-05,5.39723005e-05,56
83,59,1.31518813e-04,7.88562538e-05,5.40000037e-05,6
83,60,1.19659249e-04,2.92872010e-05,5.45616349e-05,8
83,61,8.83201137e-05,4.57767565e-05,5.82922185e-05,24
83,62,8.92640528e-05,4.50484731e-05,5.85000016e-05,16
83,63,1.30207613e-04,9.49730966e-05,5.97346516e-05,28
83,64,6.02369546e-05,1.15928509e-04,6.21656363e-05,296
83,65,6.88963773e-05,6.31945586e-05,6.27353802e-05,279
83,66,1.86560101e-05,9.65558502e-05,6.22778462e-05,72
83,67,3.74462761e-05,9.87942694e-05,6.27651971e-05,136
83,68,4.06175968e-05,2.22600538e-05,6.27506961e-05,70
84,1,8.82226814e-05,7.68170648e-05,2.13950671e-06,4449
84,2,1.21878344e-04,9.29125745e-05,9.53610254e-07,781
84,3,6.34903845e-05,1.10832007e-04,4.83228803e-07,226
84,4,8.26675096e-05,1.11874760e-04,3.64437574e-06,344
84,5,1.86547513e-05,1.12722293e-04,3.77938022e-07,224
84,6,8.25687966e-05,1.12887494e-04,0.00000000e+00,2
84,7,2.16954995e-05,1.14767157e-04,3.09598676e-07,145
84,8,9.94176662e-05,1.17795855e-04,4.88118758e-07,372
84,9,9.87500098e-05,1.20004595e-04,1.97706441e-07,88
84,10,4.01513316e-05,1.32364905e-04,8.46204387e-07,379
84,11,1.97860663e-05,1.14574766e-04,7.10884206e-06,1972
84,12,2.68231706e-05,2.69144675e-05,7.24308211e-06,121
84,13,7.19948366e-05,1.09244000e-04,7.63898697e-06,50
84,14,2.47911667e-05,8.50525248e-05,8.68251118e-06,381
84,15,1.02558079e-04,1.10870074e-04,9.30171973e-06,368
84,16,5.28763849e-05,5.25419273e-05,1.04594583e-05,487
84,17,1.29974578e-04,4.21870827e-05,9.31921113e-06,22
84,18,4.38786519e-05,9.33459960e-05,1.03211560e-05,25
84,19,9.50341273e-05,1.12441005e-04,1.09680886e-05,32
84,20,1.08930406e-04,1.07828491e-04,1.81526302e-05,142
84,21,4.77611102e-05,1.01808597e-04,1.99811184e-05,216
84,22,9.41305261e-05,2.27840519e-05,2.06120658e-05,351
84,23,1.32736692e-04,2.65659874e-05,2.40647096e-05,310
84,24,1.16748430e-04,8.42002701e-05,2.46566105e-05,25
84,25,1.62800407e-05,4.03976337e-05,2.56993208e-05,5
84,26,8.57916020e-05,6.66336055e-05,2.80134373e-05,988
84,27,3.16810401e-05,1.03424856e-04,2.60519610e-05,97
84,28,1.64022767e-05,3.16444275e-05,2.64999999e-05,14
84,29,9.46118089e-05,2.70600740e-05,2.88659303e-05,285
84,30,5.29729441e-05,1.53561632e-05,3.14903664e-05,138
84,31,1.08838918e-04,3.80591446e-05,3.46119305e-05,253
84,32,5.68863288e-05,8.63192254e-05,3.64771695e-05,359
84,33,2.97889565e-05,1.28833184e-04,3.80159800e-05,201
84,34,8.51086006e-05,4.97189430e-05,3.91284157e-05,218
84,35,6.10017996e-05,8.73244862e-05,4.02777914e-05,585
84,36,3.70916568e-05,8.71606389e-05,3.94864837e-05,288
84,37,1.38763804e-04,9.02806933e-05,4.06117178e-05,85
84,38,7.48519888e-05,3.60841332e-05,4.22039629e-05,654
84,39,5.58954307e-05,2.92678014e-05,4.18975869e-05,81
84,40,7.16268478e-05,4.36933260e-05,4.30930595e-05,889
84,41,3.43532338e-05,5.82926550e-05,4.27618725e-05,203
84,42,1.01989735e-05,1.22022218e-04,4.20647411e-05,23
84,43,5.39205175e-05,6.45664331e-05,4.34520116e-05,54
84,44,7.32870321e-05,5.25974247e-05,4.57470887e-05,793
84,45,9.79917677e-05,8.29568216e-06,4.45000005e-05,3
84,46,2.21821865e-05,5.61130691e-05,4.47020866e-05,89
84,47,3.23372042e-05,2.11749575e-05,4.62279859e-05,11
84,48,8.48631898e-05,1.32665024e-04,4.86385215e-05,1101
84,49,7.89057303e-05,5.54403377e-05,4.70645318e-05,98
84,50,4.55915979e-05,8.97639475e-05,4.94696069e-05,427
84,51,7.18716838e-05,3.54744020e-06,5.03502488e-05,10
84,52,2.12528375e-05,7.10387612e-05,5.02661787e-05,34
84,53,4.69860970e-05,1.05415267e-04,5.14788298e-05,181
84,54,1.02513790e-04,9.56144650e-05,5.29732388e-05,300
84,55,5.38776876e-05,5.61732704e-05,5.39822395e-05,375
84,56,1.19899458e-04,5.24503048e-05,5.54285398e-05,778
84,57,3.42397252e-05,8.94353361e-05,5.43901551e-05,257
84,58,5.18580273e-05,9.02516258e-05,5.38710592e-05,81
84,59,1.19696422e-04,2.96953895e-05,5.44655668e-05,29
84,60,1.20862496e-04,2.77060499e-05,5.55000042e-05,2
84,61,8.86266571e-05,4.51300511e-05,5.84158624e-05,36
84,62,8.80686930e-05,4.61316849e-05,5.85000016e-05,6
84,63,1.30000932e-04,9.43141131e-05,6.03473745e-05,13
84,64,1.35473747e-05,5.09088313e-05,6.14304081e-05,57
84,65,6.91122841e-05,6.31627699e-05,6.23920205e-05,345
84,66,1.87382502e-05,9.69187968e-05,6.21267682e-05,113
84,67,5.98975530e-05,1.15681258e-04,6.19069979e-05,322
84,68,4.03472877e-05,2.29536799e-05,6.24149397e-05,210
84,69,9.44544954e-05,6.77061034e-05,6.21743675e-05,17
84,70,9.48749948e-05,6.93278489e-05,6.23000087e-05,5
84,71,3.69629306e-05,9.84571743e-05,6.30866780e-05,268
84,72,1.75048317e-05,9.87143576e-05,6.26918918e-05,13
85,1,8.82280583e-05,7.69444741e-05,2.08899996e-06,4023
85,2,1.21972444e-04,9.29160742e-05,9.85792212e-07,852
85,3,6.30141803e-05,1.11246649e-04,6.96036466e-07,300
85,4,8.36686158e-05,1.11924986e-04,0.00000000e+00,2
85,5,1.83585198e-05,1.12559930e-04,2.21655540e-07,107
85,6,8.36275867e-05,1.12887494e-04,1.98465983e-07,5
85,7,8.36783147e-05,1.13181959e-04,1.41760111e-07,7
85,8,9.94730726e-05,1.17819385e-04,3.88913946e-07,208
85,9,9.89999971e-05,1.20449993e-04,0.00000000e+00,1
85,10,3.93435366e-05,1.31897861e-04,9.28781731e-07,423
85,11,8.36681356e-05,1.11936948e-04,4.25484859e-06,221
85,12,1.38394098e-04,6.14349847e-05,4.19988828e-06,10
85,13,1.97060435e-05,1.14528346e-04,7.38274366e-06,1627
85,14,1.24575003e-04,9.83125665e-06,5.50000004e-06,2
85,15,2.67982523e-05,2.68792410e-05,7.24979736e-06,137
85,16,7.16344875e-05,1.09275359e-04,7.49880519e-06,359
85,17,2.47628413e-05,8.47937772e-05,8.90725914e-06,619
85,18,8.46433104e-05,8.93429169e-05,7.97147550e-06,34
85,19,1.30834786e-04,4.18406235e-05,8.96600523e-06,80
85,20,1.02884609e-04,1.10799265e-04,8.98430881e-06,148
85,21,4.53001812e-05,9.41048711e-05,1.05665458e-05,170
85,22,5.27679113e-05,5.18142224e-05,1.09103157e-05,246
85,23,9.50812755e-05,1.12612499e-04,1.10000010e-05,2
85,24,1.08988228e-04,1.07726344e-04,1.81585074e-05,99
85,25,4.83583353e-05,1.02149199e-04,1.97466034e-05,357
85,26,9.35969074e-05,2.28642166e-05,2.05854540e-05,228
85,27,1.69887990e-05,2.46816380e-05,2.04450862e-05,18
85,28,1.33001100e-04,2.64190148e-05,2.36327905e-05,847
85,29,1.65075016e-05,4.05153623e-05,2.57850443e-05,86
85,30,8.59959764e-05,6.65116313e-05,2.78509706e-05,1000
85,31,3.17352169e-05,1.03336803e-04,2.61422465e-05,118
85,32,1.68589686e-05,3.16247533e-05,2.66068582e-05,23
85,33,9.44423518e-05,2.69930060e-05,2.83620338e-05,123
85,34,5.35852705e-05,1.52440771e-05,3.12176417e-05,228
85,35,1.08986926e-04,3.80526762e-05,3.49185539e-05,242
85,36,5.69402073e-05,8.62574161e-05,3.64061016e-05,543
85,37,2.99974163e-05,1.28835483e-04,3.80859274e-05,180
85,38,8.61280496e-05,4.99939306e-05,3.86387437e-05,157
85,39,3.78627810e-05,8.70397562e-05,3.93465671e-05,272
85,40,6.11762443e-05,8.72076489e-05,4.01651814e-05,416
85,41,1.38973817e-04,9.00683153e-05,4.10569082e-05,157
85,42,7.44446006e-05,3.62663632e-05,4.20520228e-05,800
85,43,7.18878946e-05,4.37197996e-05,4.35416259e-05,1679
85,44,5.58235843e-05,2.93165922e-05,4.18477430e-05,56
85,45,3.36602970e-05,5.80485721e-05,4.23636593e-05,204
85,46,1.03244383e-05,1.21944344e-04,4.18476629e-05,23
85,47,7.31924083e-05,5.27072189e-05,4.57692331e-05,897
85,48,5.39593093e-05,6.45554319e-05,4.36268492e-05,89
85,49,9.79858887e-05,8.37131756e-06,4.45215483e-05,88
85,50,2.22513117e-05,5.62591413e-05,4.47133643e-05,113
85,51,1.54491518e-05,5.36444495e-05,4.56419439e-05,14
85,52,3.24893554e-05,2.12534560e-05,4.65000012e-05,7
85,53,7.89184342e-05,5.53626815e-05,4.71704698e-05,70
85,54,8.45917966e-05,1.32898014e-04,4.92861291e-05,647
85,55,4.59502589e-05,8.91279706e-05,4.92065228e-05,244
85,56,2.13951644e-05,7.10052409e-05,5.03686060e-05,15
85,57,4.72037864e-05,1.05216030e-04,5.11802100e-05,159
85,58,1.33133581e-04,4.25286780e-05,5.23346753e-05,84
85,59,5.34563951e-05,5.62066452e-05,5.43547503e-05,298
85,60,5.19017449e-05,9.00360101e-05,5.39071189e-05,275
85,61,1.01722821e-04,9.55356809e-05,5.34165338e-05,103
85,62,1.19677316e-04,5.26790500e-05,5.59591135e-05,676
85,63,1.30952205e-04,7.83430005e-05,5.36533335e-05,26
85,64,3.43053762e-05,8.95028206e-05,5.48405151e-05,195
85,65,8.84771653e-05,4.59806033e-05,5.85022535e-05,71
85,66,8.77132989e-05,4.68303333e-05,5.83750225e-05,12
85,67,1.35121163e-05,5.09120218e-05,6.12659496e-05,165
85,68,1.29676468e-04,9.33047704e-05,6.06297253e-05,19
85,69,5.95092497e-05,1.15394068e-04,6.18087506e-05,309
85,70,6.92922549e-05,6.32401352e-05,6.23817541e-05,275
85,71,4.00636200e-05,2.32815401e-05,6.25411703e-05,191
85,72,9.45618158e-05,6.82749669e-05,6.23255401e-05,62
85,73,1.89988077e-05,9.71171903e-05,6.22241641e-05,93
85,74,6.71316957e-05,8.79545041e-05,6.27500704e-05,30
85,75,3.63884537e-05,9.80080295e-05,6.31030343e-05,312
85,76,1.76535450e-05,9.87925887e-05,6.29484639e-05,59
86,1,8.81728920e-05,7.69643302e-05,2.15011437e-06,4080
86,2,1.22097248e-04,9.29220550e-05,8.32216642e-07,548
86,3,8.45078612e-05,1.10886816e-04,3.22735445e-07,20
86,4,6.25666580e-05,1.12026326e-04,6.42179089e-07,284
86,5,8.46939583e-05,1.11846275e-04,3.22950723e-06,269
86,6,1.82530930e-05,1.12557442e-04,1.52571744e-07,65
86,7,9.95913360e-05,1.17738236e-04,4.91092749e-07,305
86,8,9.89217006e-05,1.20816243e-04,2.12938801e-07,56
86,9,3.89432716e-05,1.31066336e-04,1.06429525e-06,453
86,10,1.96818783e-05,1.14489674e-04,7.51718017e-06,1577
86,11,8.45301038e-05,8.92589451e-05,7.87351837e-06,127
86,12,2.48595170e-05,8.48595737e-05,8.74900434e-06,670
86,13,7.11510584e-05,1.09430999e-04,7.79610127e-06,270
86,14,1.03230857e-04,1.10816451e-04,8.87024544e-06,175
86,15,1.31477515e-04,4.18570598e-05,8.67913514e-06,45
86,16,5.25572068e-05,5.10020254e-05,1.11570644e-05,487
86,17,4.60075134e-05,9.42792321e-05,1.04843239e-05,436
86,18,9.50733083e-05,1.12603811e-04,1.10234423e-05,80
86,19,1.09020533e-04,1.07620013e-04,1.79928120e-05,102
86,20,4.87651378e-05,1.02509206e-04,1.98955622e-05,269
86,21,9.29543676e-05,2.31564591e-05,1.98836078e-05,183
86,22,1.33147536e-04,2.63761867e-05,2.31994836e-05,58
86,23,1.15977178e-04,8.54522514e-05,2.44122784e-05,51
86,24,1.64420999e-05,4.03307349e-05,2.56670555e-05,45
86,25,8.60801592e-05,6.65285843e-05,2.77522358e-05,1074
86,26,3.17281374e-05,1.03291211e-04,2.60637389e-05,147
86,27,1.73249991e-05,3.16250007e-05,2.69999982e-05,1
86,28,9.42816259e-05,2.70892924e-05,2.82301407e-05,78
86,29,5.38535242e-05,1.52748144e-05,3.10177420e-05,242
86,30,1.08923137e-04,3.80575548e-05,3.49259972e-05,183
86,31,5.69240983e-05,8.62222296e-05,3.63277104e-05,279
86,32,3.01080454e-05,1.28728410e-04,3.81982027e-05,305
86,33,8.70669901e-05,5.02260846e-05,3.83725128e-05,193
86,34,3.81735990e-05,8.67434355e-05,3.94742492e-05,383
86,35,6.13087323e-05,8.71641096e-05,4.03621016e-05,448
86,36,7.45097641e-05,3.67011307e-05,4.17119008e-05,887
86,37,5.58993961e-05,2.94289475e-05,4.18105665e-05,125
86,38,7.21521064e-05,4.40525873e-05,4.36626360e-05,1279
86,39,3.31179945e-05,5.77339852e-05,4.21506520e-05,111
86,40,1.03302928e-05,1.21989120e-04,4.16405455e-05,46
86,41,5.40423935e-05,6.45503678e-05,4.35274887e-05,99
86,42,7.33416673e-05,5.26857802e-05,4.57948554e-05,860
86,43,9.80075565e-05,8.37186235e-06,4.45224578e-05,70
86,44,2.24330506e-05,5.62051973e-05,4.46987942e-05,58
86,45,1.56286624e-05,5.35793224e-05,4.54010224e-05,30
86,46,3.23870372e-05,2.11328133e-05,4.63083743e-05,13
86,47,8.44169699e-05,1.33023656e-04,4.96876346e-05,1651
86,48,7.89329060e-05,5.51391931e-05,4.72820902e-05,55
86,49,4.65134508e-05,8.84994297e-05,4.90186285e-05,625
86,50,2.13266230e-05,7.11422908e-05,5.00998394e-05,10
86,51,4.75798079e-05,1.04988314e-04,5.12839360e-05,195
86,52,1.15362498e-04,2.51624988e-05,5.14999992e-05,1
86,53,1.32935354e-04,4.29000029e-05,5.26990552e-05,5
86,54,1.01208236e-04,9.55715368e-05,5.34503706e-05,191
86,55,5.20410540e-05,9.02459069e-05,5.39496250e-05,267
86,56,5.26701951e-05,5.62914938e-05,5.46137562e-05,212
86,57,3.42019448e-05,8.96909769e-05,5.51257508e-05,224
86,58,1.19418342e-04,5.26183539e-05,5.63226167e-05,358
86,59,8.71670782e-05,4.73693071e-05,5.79026091e-05,36
86,60,1.34976981e-05,5.09802012e-05,6.13814045e-05,206
86,61,1.29437263e-04,9.26325592e-05,6.08972259e-05,39
86,62,1.90772771e-05,9.73574570e-05,6.20812789e-05,170
86,63,5.90146374e-05,1.15115130e-04,6.14781529e-05,297
86,64,6.94117771e-05,6.31925577e-05,6.24522436e-05,231
86,65,9.47333247e-05,6.85876294e-05,6.20071660e-05,61
86,66,3.60559279e-05,9.77455056e-05,6.30038339e-05,397
86,67,3.97590993e-05,2.38305329e-05,6.24992026e-05,93
86,68,6.69060755e-05,8.77934363e-05,6.28014386e-05,76
86,69,1.76530921e-05,9.90091430e-05,6.31769071e-05,31
87,1,1.03244871e-04,1.73692297e-05,3.56892230e-07,111
87,2,8.82649547e-05,7.68961327e-05,2.16354147e-06,4262
87,3,1.22127880e-04,9.28850859e-05,6.81645815e-07,525
87,4,4.64742843e-05,9.48749948e-05,1.23832010e-07,4
87,5,4.63649085e-05,9.53697818e-05,1.32502208e-07,15
87,6,4.55812551e-05,9.75562798e-05,0.00000000e+00,4
87,7,4.54992296e-05,9.80103578e-05,1.49909411e-07,10
87,8,6.18001068e-05,1.12584996e-04,1.01507271e-06,716
87,9,8.56912156e-05,1.11747540e-04,3.77243578e-06,226
87,10,1.83203629e-05,1.12594214e-04,6.69302409e-08,37
87,11,9.95277223e-05,1.17801304e-04,4.50450187e-07,265
87,12,9.84500002e-05,1.19831311e-04,0.00000000e+00,2
87,13,9.91374982e-05,1.20312507e-04,0.00000000e+00,1
87,14,3.82359794e-05,1.30653629e-04,1.43834689e-06,283
87,15,1.39012554e-04,6.22281659e-05,3.17906097e-06,14
87,16,1.96373931e-05,1.14570168e-04,7.42822976e-06,1627
87,17,8.45383620e-05,8.92572862e-05,7.99199188e-06,128
87,18,7.07124127e-05,1.09694301e-04,7.97165649e-06,161
87,19,2.48671295e-05,8.48508353e-05,8.92360003e-06,538
87,20,1.02875623e-04,1.10743960e-04,8.94707955e-06,357
87,21,1.32457601e-04,4.15915238e-05,9.07863796e-06,95
87,22,4.66670026e-05,9.46303189e-05,1.04043820e-05,583
87,23,5.23854142e-05,5.03999727e-05,1.13550514e-05,321
87,24,9.51571128e-05,1.12517046e-04,1.12319885e-05,66
87,25,1.09069893e-04,1.07692729e-04,1.81771156e-05,102
87,26,9.23628540e-05,2.34169420e-05,1.95861085e-05,210
87,27,4.93546540e-05,1.02946899e-04,1.95841676e-05,306
87,28,1.05737498e-04,1.21962490e-04,1.99999995e-05,1
87,29,1.33490044e-04,2.60661691e-05,2.32827861e-05,332
87,30,8.61257358e-05,6.64934487e-05,2.76318860e-05,1187
87,31,1.64082558e-05,4.03642880e-05,2.57210086e-05,9
87,32,3.16018304e-05,1.03313090e-04,2.60653669e-05,46
87,33,1.82129352e-05,3.14488898e-05,2.66940315e-05,18
87,34,9.39682941e-05,2.67931719e-05,2.83716963e-05,138
87,35,5.45536095e-05,1.53448800e-05,3.07956616e-05,315
87,36,1.08907880e-04,3.80022502e-05,3.49514921e-05,301
87,37,5.69679323e-05,8.62607776e-05,3.61811217e-05,223
87,38,8.77778075e-05,5.04590607e-05,3.83423794e-05,298
87,39,3.00126594e-05,1.28836284e-04,3.82987928e-05,391
87,40,6.13146185e-05,8.70496515e-05,4.03126578e-05,503
87,41,7.47835293e-05,3.65948654e-05,4.09969834e-05,817
87,42,3.88748813e-05,8.68144343e-05,3.96636278e-05,274
87,43,1.39067211e-04,8.94570767e-05,4.16879375e-05,154
87,44,3.25608307e-05,5.76314233e-05,4.17167357e-05,93
87,45,5.59312903e-05,2.94512465e-05,4.17302872e-05,26
87,46,1.04499995e-05,1.22237499e-04,4.14999995e-05,1
87,47,4.51091619e-05,1.33108391e-04,4.23669408e-05,81
87,48,7.25289428e-05,4.43431672e-05,4.40346885e-05,828
87,49,5.39545945e-05,6.45304244e-05,4.35844886e-05,73
87,50,9.80652330e-05,8.34068942e-06,4.42645905e-05,51
87,51,7.33098786e-05,5.26776348e-05,4.58633149e-05,584
87,52,2.24280702e-05,5.65921691e-05,4.45609403e-05,51
87,53,1.56183523e-05,5.36460539e-05,4.54230030e-05,39
87,54,3.21799416e-05,2.09997343e-05,4.64156365e-05,29
87,55,7.89339101e-05,5.51892299e-05,4.73634500e-05,29
87,56,4.68520884e-05,8.78010760e-05,4.85401542e-05,429
87,57,8.42422451e-05,1.33182184e-04,5.00028764e-05,415
87,58,4.77012873e-05,1.04979365e-04,5.11031212e-05,241
87,59,1.15493531e-04,2.54110601e-05,5.13348750e-05,21
87,60,1.29943161e-04,7.75401932e-05,5.32050326e-05,145
87,61,3.42347885e-05,8.97154605e-05,5.51217709e-05,538
87,62,1.00683108e-04,9.54751376e-05,5.35531217e-05,294
87,63,5.22701412e-05,5.63554240e-05,5.50311925e-05,310
87,64,5.23024864e-05,9.05995112e-05,5.42009475e-05,215
87,65,1.19053424e-04,5.24293246e-05,5.66533563e-05,673
87,66,8.66364135e-05,4.79530063e-05,5.81923923e-05,47
87,67,1.34981374e-05,5.11043800e-05,6.16022953e-05,323
87,68,1.29297376e-04,9.19850208e-05,6.14270466e-05,61
87,69,5.85950947e-05,1.14737319e-04,6.11138530e-05,423
87,70,1.91018917e-05,9.74594732e-05,6.21097206e-05,213
87,71,9.49378154e-05,6.89371154e-05,6.20384162e-05,106
87,72,9.55135329e-05,7.09257001e-05,6.15721219e-05,28
87,73,9.79817469e-06,1.07204694e-04,6.26566398e-05,248
87,74,6.95986673e-05,6.29638307e-05,6.26220499e-05,220
87,75,6.66876949e-05,8.75752958e-05,6.26968031e-05,194
87,76,3.57383142e-05,9.72284324e-05,6.28997877e-05,262
87,77,3.89727866e-05,2.45855081e-05,6.23812157e-05,25
87,78,1.72402069e-05,9.92282075e-05,6.27244008e-05,49
88,1,1.03292383e-04,1.75835448e-05,5.05313949e-07,245
88,2,1.39435870e-04,6.38671554e-05,1.87199916e-07,37
88,3,8.81990927e-05,7.69626640e-05,2.16315698e-06,4142
88,4,4.85377423e-05,9.09796436e-05,0.00000000e+00,18
88,5,1.22178331e-04,9.28021182e-05,8.37487164e-07,568
88,6,1.02760758e-04,1.07868029e-04,2.24898130e-07,20
88,7,1.02712496e-04,1.08487504e-04,0.00000000e+00,1
88,8,8.64874964e-05,1.11924994e-04,0.00000000e+00,1
88,9,1.81124433e-05,1.12872018e-04,1.06215204e-07,75
88,10,6.11574142e-05,1.13180751e-04,8.63834146e-07,823
88,11,2.14499996e-05,1.15087496e-04,0.00000000e+00,1
88,12,9.95353548e-05,1.17844720e-04,4.53294319e-07,251
88,13,9.84635481e-05,1.19721546e-04,1.48994573e-07,10
88,14,3.70043272e-05,1.30882749e-04,0.00000000e+00,8
88,15,8.66619448e-05,1.11733134e-04,4.34106823e-06,50
88,16,1.97365916e-05,1.14493283e-04,7.35223148e-06,1787
88,17,2.47485241e-05,8.48674099e-05,8.62211891e-06,515
88,18,2.70875007e-05,2.72249999e-05,7.00000055e-06,1
88,19,8.44953174e-05,8.93152319e-05,8.12294547e-06,135
88,20,6.96198185e-05,1.10076078e-04,7.57705129e-06,144
88,21,1.02665901e-04,1.10756468e-04,9.16736826e-06,505
88,22,1.33102512e-04,4.17178744e-05,8.63728201e-06,44
88,23,4.71901585e-05,9.46305663e-05,1.02718450e-05,556
88,24,5.22028931e-05,4.96251705e-05,1.13005590e-05,594
88,25,9.49730311e-05,1.12637194e-04,1.11256977e-05,55
88,26,1.09115404e-04,1.07722532e-04,1.80679235e-05,112
88,27,9.19620798e-05,2.36889682e-05,1.93140659e-05,365
88,28,5.00025562e-05,1.03221413e-04,1.95215089e-05,241
88,29,1.05737498e-04,1.21893827e-04,1.99989681e-05,6
88,30,1.33909562e-04,2.57373231e-05,2.28555764e-05,1095
88,31,1.05325002e-04,1.22008285e-04,2.08335186e-05,3
88,32,1.15445349e-04,8.69294890e-05,2.45421816e-05,58
88,33,8.63668829e-05,6.63015453e-05,2.74936792e-05,1151
88,34,1.66146729e-05,4.02531987e-05,2.57920510e-05,12
88,35,3.17137710e-05,1.03321174e-04,2.58233849e-05,28
88,36,9.35308126e-05,2.64565533e-05,2.85288861e-05,602
88,37,1.86872003e-05,3.13632809e-05,2.68830954e-05,21
88,38,4.30806685e-05,1.40585660e-04,3.01872842e-05,16
88,39,5.48493190e-05,1.50312571e-05,3.04275327e-05,115
88,40,1.08797503e-04,3.78951881e-05,3.49282382e-05,249
88,41,5.68695395e-05,8.63425084e-05,3.59053483e-05,100
88,42,2.99479743e-05,1.28982079e-04,3.83440492e-05,383
88,43,8.85046466e-05,5.07058758e-05,3.83230763e-05,179
88,44,7.46505539e-05,3.66558561e-05,4.04657731e-05,853
88,45,3.97874574e-05,8.64533140e-05,3.95724128e-05,241
88,46,6.15527169e-05,8.69315118e-05,4.03899212e-05,459
88,47,3.18825078e-05,5.75607773e-05,4.12305963e-05,125
88,48,7.27373554e-05,4.45295373e-05,4.44497855e-05,1804
88,49,1.39263779e-04,8.91604577e-05,4.21141413e-05,124
88,50,1.05083300e-05,1.22213009e-04,4.19243479e-05,33
88,51,5.60954832e-05,2.95432874e-05,4.18446361e-05,29
88,52,4.51040760e-05,1.33012931e-04,4.23553538e-05,79
88,53,5.39123648e-05,6.44363026e-05,4.35937909e-05,59
88,54,7.33173947e-05,5.27418561e-05,4.58544928e-05,716
88,55,9.81956109e-05,8.31173929e-06,4.43756580e-05,20
88,56,2.28178142e-05,5.52515485e-05,4.41660450e-05,18
88,57,2.24960495e-05,5.68018258e-05,4.43870813e-05,31
88,58,1.58925832e-05,5.34977662e-05,4.52317799e-05,41
88,59,4.73752480e-05,8.74046964e-05,4.81384304e-05,335
88,60,7.89412588e-05,5.51568337e-05,4.76162459e-05,34
88,61,8.41100336e-05,1.33507754e-04,5.06397082e-05,1312
88,62,7.29298918e-05,1.92480911e-06,4.93501793e-05,10
88,63,4.77318135e-05,1.04883526e-04,5.10553109e-05,269
88,64,1.15653944e-04,2.53753151e-05,5.10460231e-05,33
88,65,1.32784087e-04,4.34306530e-05,5.28542441e-05,71
88,66,1.28961736e-04,7.70263141e-05,5.25976175e-05,46
88,67,1.00434125e-04,9.54500792e-05,5.34879036e-05,184
88,68,3.42934181e-05,8.97002101e-05,5.52765341e-05,331
88,69,5.19912610e-05,5.62839414e-05,5.52071615e-05,249
88,70,5.23081653e-05,9.07092472e-05,5.43517053e-05,40
88,71,1.18887488e-04,5.22035662e-05,5.69401964e-05,311
88,72,8.59029678e-05,4.83310796e-05,5.83134897e-05,8
88,73,1.34851380e-05,5.12407314e-05,6.17268379e-05,542
88,74,5.84215522e-05,1.14393362e-04,6.09661111e-05,380
88,75,1.28957778e-04,9.13635886e-05,6.21377912e-05,104
88,76,9.50144531e-05,6.94771734e-05,6.20220380e-05,114
88,77,9.58638193e-05,7.11923349e-05,6.12862714e-05,21
88,78,1.90665687e-05,9.73958522e-05,6.20823484e-05,71
88,79,3.54783660e-05,9.66048174e-05,6.25172834e-05,135
88,80,3.85676030e-05,2.50863377e-05,6.25520115e-05,58
88,81,6.97466967e-05,6.30002614e-05,6.27002009e-05,157
88,82,6.64739273e-05,8.74241377e-05,6.28605776e-05,134
88,83,1.72264117e-05,9.92636633e-05,6.27400368e-05,25
88,84,1.00193110e-05,1.06579362e-04,6.36889599e-05,84
89,1,1.03098610e-04,1.81987907e-05,4.22867032e-07,136
89,2,8.81829983e-05,7.68899481e-05,2.19694289e-06,4294
89,3,1.22163794e-04,9.28505688e-05,1.05794652e-06,766
89,4,1.02797305e-04,1.07985747e-04,5.22455878e-07,183
89,5,7.03164187e-05,1.11620866e-04,9.49932598e-07,173
89,6,1.77041875e-05,1.13380243e-04,1.83773622e-07,89
89,7,6.07410366e-05,1.13657923e-04,9.05490879e-07,837
89,8,2.09516784e-05,1.15888171e-04,2.03459905e-07,78
89,9,9.95973751e-05,1.17720425e-04,4.37893164e-07,265
89,10,9.91548877e-05,1.20192351e-04,0.00000000e+00,8
89,11,4.63375000e-05,1.21825004e-04,0.00000000e+00,1
89,12,3.71210226e-05,1.29509295e-04,1.90014669e-06,395
89,13,8.75235128e-05,1.12008580e-04,4.07519838e-06,136
89,14,1.96675446e-05,1.14459093e-04,7.56681857e-06,1772
89,15,1.02815175e-04,1.10669047e-04,9.20074672e-06,824
89,16,2.70159962e-05,2.71936860e-05,7.00557030e-06,313
89,17,6.90403322e-05,1.10333502e-04,7.52466349e-06,540
89,18,2.46099007e-05,8.47206757e-05,8.53108395e-06,437
89,19,8.45160685e-05,8.95368648e-05,8.41620295e-06,105
89,20,1.34161499e-04,4.15265495e-05,8.82010227e-06,96
89,21,5.19955684e-05,4.89737504e-05,1.14487093e-05,397
89,22,4.81663919e-05,9.51022448e-05,1.06590078e-05,193
89,23,9.52108967e-05,1.12566660e-04,1.12219368e-05,9
89,24,1.09169909e-04,1.07871696e-04,1.81495889e-05,151
89,25,9.16728968e-05,2.40455811e-05,1.91153085e-05,385
89,26,5.07228397e-05,1.03498947e-04,1.94649492e-05,209
89,27,1.34132119e-04,2.56688945e-05,2.19986250e-05,85
89,28,1.15352908e-04,8.75743790e-05,2.47701282e-05,104
89,29,1.04740342e-04,1.22564248e-04,2.43130144e-05,16
89,30,1.68588358e-05,4.01098805e-05,2.59051794e-05,66
89,31,3.17423073e-05,1.03227692e-04,2.57134652e-05,47
89,32,8.63374371e-05,6.62809398e-05,2.76658957e-05,857
89,33,9.36438373e-05,2.62382036e-05,2.79674441e-05,263
89,34,1.90577684e-05,3.13359742e-05,2.69505763e-05,10
89,35,5.58932152e-05,1.50447177e-05,3.01753262e-05,309
89,36,1.08806416e-04,3.78263285e-05,3.50805749e-05,302
89,37,5.68692631e-05,8.65637412e-05,3.60956365e-05,79
89,38,8.94176992e-05,5.08860576e-05,3.74925839e-05,170
89,39,2.99484418e-05,1.28858781e-04,3.81915270e-05,392
89,40,7.48412858e-05,3.66514432e-05,3.97838521e-05,701
89,41,4.03012746e-05,8.63513342e-05,3.98298580e-05,326
89,42,6.14445307e-05,8.69311261e-05,4.02479054e-05,365
89,43,3.12737138e-05,5.73643556e-05,4.09335080e-05,77
89,44,1.05902527e-05,1.22154321e-04,4.15074319e-05,53
89,45,4.51159394e-05,1.32771223e-04,4.21520490e-05,98
89,46,5.62805581e-05,2.95516329e-05,4.18839263e-05,39
89,47,7.29036765e-05,4.48791325e-05,4.46853919e-05,1326
89,48,5.38854583e-05,6.43501116e-05,4.36239461e-05,66
89,49,7.33141642e-05,5.27469201e-05,4.59483745e-05,880
89,50,9.82896090e-05,8.36874915e-06,4.45509941e-05,30
89,51,2.27600940e-05,5.52100137e-05,4.42050441e-05,17
89,52,2.23983916e-05,5.67508250e-05,4.44100697e-05,50
89,53,1.58173461e-05,5.35393992e-05,4.51460692e-05,24
89,54,7.34834539e-05,2.01083822e-06,4.82968462e-05,408
89,55,7.90653285e-05,5.51019075e-05,4.75140478e-05,102
89,56,4.79963346e-05,8.62215384e-05,4.81519528e-05,327
89,57,8.38861524e-05,1.33804890e-04,5.08220073e-05,380
89,58,1.15678718e-04,2.54995684e-05,5.09677557e-05,120
89,59,4.77148169e-05,1.04930048e-04,5.11294311e-05,271
89,60,1.28881744e-04,7.69862745e-05,5.26551121e-05,392
89,61,1.00631558e-04,9.54132774e-05,5.36871339e-05,224
89,62,1.32687317e-04,4.38625975e-05,5.33117964e-05,8
89,63,3.42470194e-05,8.98360668e-05,5.51272242e-05,617
89,64,5.15841894e-05,5.62899040e-05,5.53843092e-05,579
89,65,5.23984163e-05,9.08357397e-05,5.44237009e-05,26
89,66,1.18489836e-04,5.21436959e-05,5.74152909e-05,250
89,67,8.57912455e-05,4.87952530e-05,5.82039975e-05,32
89,68,5.82153043e-05,1.13863083e-04,6.04963170e-05,400
89,69,1.34792663e-05,5.11844046e-05,6.15036988e-05,467
89,70,6.98541044e-05,6.29193601e-05,6.26796245e-05,182
89,71,6.62215898e-05,8.74350371e-05,6.23812157e-05,124
89,72,1.91461386e-05,9.75208750e-05,6.23476008e-05,124
89,73,3.53328614e-05,9.57033189e-05,6.26013352e-05,124
89,74,1.72179934e-05,9.92667046e-05,6.28913403e-05,74
89,75,1.11199734e-05,1.05542058e-04,6.27671543e-05,150
89,76,3.77250290e-05,2.57930569e-05,6.25000030e-05,19
90,1,8.81675660e-05,7.67968959e-05,2.25062081e-06,4086
90,2,1.22108104e-04,9.28952941e-05,9.56397457e-07,638
90,3,4.79709997e-05,9.86106170e-05,3.62827194e-07,101
90,4,1.02932579e-04,1.07841079e-04,1.99319032e-07,10
90,5,6.88876244e-05,1.08212495e-04,1.24862396e-07,4
90,6,6.88186410e-05,1.08899985e-04,4.99357100e-07,6
90,7,8.86277194e-05,1.11063833e-04,3.15959625e-07,30
90,8,1.77439215e-05,1.13225156e-04,1.74129497e-07,91
90,9,8.85040427e-05,1.13437498e-04,1.64870215e-07,3
90,10,6.00002459e-05,1.14627517e-04,7.29096541e-07,702
90,11,2.09668560e-05,1.15917253e-04,1.19121424e-07,29
90,12,9.96192102e-05,1.17580363e-04,5.34980245e-07,466
90,13,9.87814492e-05,1.19967161e-04,4.70458303e-07,212
90,14,3.66264612e-05,1.29083070e-04,2.10728399e-06,1261
90,15,6.87499996e-05,1.09312496e-04,1.50000005e-06,1
90,16,8.85384288e-05,1.12181842e-04,4.46133345e-06,448
90,17,6.88188084e-05,1.09450004e-04,3.00000033e-06,2
90,18,1.97077534e-05,1.14431656e-04,7.44752333e-06,1849
90,19,1.27384410e-04,1.36331128e-05,4.99999987e-06,7
90,20,1.03314822e-04,1.10355802e-04,5.37969981e-06,29
90,21,2.71164845e-05,2.73093028e-05,6.87793408e-06,183
90,22,6.85326231e-05,1.10688612e-04,7.48818093e-06,419
90,23,2.45961855e-05,8.48253330e-05,8.62350680e-06,417
90,24,8.45425457e-05,8.94666955e-05,8.13183397e-06,61
90,25,1.02807753e-04,1.10721936e-04,9.15555574e-06,436
90,26,1.34571586e-04,4.16884941e-05,8.85559166e-06,82
90,27,4.86192293e-05,9.52990813e-05,1.08426293e-05,508
90,28,5.16878208e-05,4.82490541e-05,1.17547324e-05,301
90,29,9.51499969e-05,1.12612492e-04,1.12493099e-05,2
90,30,1.09245273e-04,1.07972992e-04,1.81451232e-05,303
90,31,9.10361123e-05,2.45589454e-05,1.85539684e-05,278
90,32,5.12168299e-05,1.03739105e-04,1.95367847e-05,216
90,33,1.05010760e-04,1.22276761e-04,2.11426013e-05,7
90,34,1.34165646e-04,2.53745875e-05,2.24783707e-05,154
90,35,1.04742350e-04,1.22424826e-04,2.45334104e-05,47
90,36,1.15104871e-04,8.81487795e-05,2.44165622e-05,48
90,37,1.68762999e-05,3.98783086e-05,2.59470526e-05,138
90,38,8.63330133e-05,6.63648025e-05,2.78057541e-05,984
90,39,3.17662125e-05,1.03166480e-04,2.57719712e-05,57
90,40,5.64095171e-05,1.49241232e-05,2.97921779e-05,116
90,41,1.08798631e-04,3.76000571e-05,3.49036200e-05,212
90,42,5.69033800e-05,8.66988630e-05,3.62034698e-05,144
90,43,9.02068568e-05,5.10658028e-05,3.71671886e-05,226
90,44,2.99702424e-05,1.28880012e-04,3.80038291e-05,640
90,45,7.46739315e-05,3.67660250e-05,3.88941153e-05,611
90,46,4.08137421e-05,8.62890447e-05,3.98310076e-05,300
90,47,6.15192403e-05,8.69660798e-05,4.04570055e-05,280
90,48,3.05050235e-05,5.72159479e-05,4.07161533e-05,136
90,49,1.39916767e-04,8.84578621e-05,4.25509315e-05,314
90,50,1.05485124e-05,1.21844838e-04,4.14276146e-05,7
90,51,4.51448141e-05,1.32790010e-04,4.20255346e-05,103
90,52,5.62464920e-05,2.95453465e-05,4.20298820e-05,33
90,53,7.31007240e-05,4.50996595e-05,4.50375483e-05,1001
90,54,5.41065856e-05,6.43933672e-05,4.35835937e-05,91
90,55,9.84382714e-05,8.35180526e-06,4.46499544e-05,88
90,56,7.35521753e-05,5.25986870e-05,4.57863898e-05,716
90,57,2.26830925e-05,5.62372006e-05,4.44002617e-05,119
90,58,1.59365081e-05,5.36324987e-05,4.54284818e-05,93
90,59,7.39062307e-05,1.79720018e-06,4.73213877e-05,14
90,60,4.82029864e-05,8.59177744e-05,4.79987575e-05,389
90,61,7.91074708e-05,5.51740413e-05,4.75088418e-05,129
90,62,8.37041007e-05,1.34266069e-04,5.15105785e-05,1152
90,63,7.35454305e-05,2.61248965e-06,4.94991255e-05,8
90,64,2.15278687e-05,7.12319816e-05,5.02267612e-05,55
90,65,1.15814553e-04,2.54488095e-05,5.11795843e-05,112
90,66,4.75608795e-05,1.04966195e-04,5.12566403e-05,78
90,67,1.28228188e-04,7.65462391e-05,5.26803597e-05,217
90,68,3.41826199e-05,8.99150764e-05,5.50244658e-05,457
90,69,1.01102436e-04,9.56496879e-05,5.35200415e-05,130
90,70,5.10384489e-05,5.63572466e-05,5.55665320e-05,276
90,71,1.18020173e-04,5.21722322e-05,5.76746752e-05,406
90,72,8.56215920e-05,4.88382211e-05,5.87884351e-05,128
90,73,1.35620821e-05,5.11850085e-05,6.13650409e-05,539
90,74,5.76969323e-05,1.13503862e-04,6.04434026e-05,371
90,75,9.61005571e-05,7.21821125e-05,6.12299191e-05,24
90,76,6.99627490e-05,6.27962363e-05,6.25998800e-05,301
90,77,6.59088109e-05,8.75736368e-05,6.23224187e-05,102
90,78,3.52321767e-05,9.52478513e-05,6.25721368e-05,192
90,79,1.91976142e-05,9.75950388e-05,6.24501481e-05,118
90,80,1.18198323e-05,1.04993378e-04,6.25408866e-05,142
90,81,3.71983078e-05,2.60552952e-05,6.25955727e-05,64
90,82,1.71931770e-05,9.92966161e-05,6.29934802e-05,80
91,1,1.03056249e-04,1.73937151e-05,0.00000000e+00,4
91,2,1.03124999e-04,1.92499992e-05,0.00000000e+00,1
91,3,1.03606297e-04,1.92499974e-05,0.00000000e+00,2
91,4,1.40568809e-04,6.47020352e-05,1.54654941e-07,16
91,5,8.82504755e-05,7.68951577e-05,2.19552362e-06,4069
91,6,1.21958532e-04,9.30412498e-05,9.47461274e-07,528
91,7,1.02987331e-04,1.07841937e-04,2.29645451e-07,13
91,8,6.78558499e-05,1.07937507e-04,1.65702957e-07,6
91,9,6.78919314e-05,1.08408363e-04,4.02290311e-07,21
91,10,8.94641198e-05,1.11997331e-04,2.30072715e-06,639
91,11,1.77894181e-05,1.13195398e-04,1.02602613e-07,53
91,12,2.20537677e-05,1.13983144e-04,1.20826840e-07,33
91,13,5.98439037e-05,1.14734692e-04,7.40402925e-07,669
91,14,2.09690388e-05,1.16015573e-04,1.08179904e-07,32
91,15,9.94986694e-05,1.18254022e-04,6.07334528e-07,1154
91,16,3.59775695e-05,1.28519605e-04,3.38596601e-06,489
91,17,1.97986683e-05,1.14410534e-04,7.51777725e-06,1901
91,18,1.27749285e-04,1.45007334e-05,4.94250753e-06,35
91,19,2.71673707e-05,2.73718633e-05,6.93386392e-06,372
91,20,1.02877471e-04,1.10730209e-04,8.83559642e-06,596
91,21,6.79476580e-05,1.10958157e-04,7.57642601e-06,357
91,22,2.45836782e-05,8.48374912e-05,8.74049420e-06,492
91,23,8.44369351e-05,8.96378333e-05,8.36092840e-06,36
91,24,1.35305818e-04,4.18588425e-05,9.03075124e-06,51
91,25,4.92379841e-05,9.54631687e-05,1.10163364e-05,308
91,26,5.16366454e-05,4.74593617e-05,1.22225756e-05,195
91,27,9.52874980e-05,1.12474991e-04,1.10000001e-05,1
91,28,9.07972426e-05,2.47460248e-05,1.82606345e-05,349
91,29,1.09327520e-04,1.08038636e-04,1.80891493e-05,323
91,30,5.19119276e-05,1.03981110e-04,1.97218324e-05,140
91,31,1.34483911e-04,2.48832730e-05,2.19926260e-05,776
91,32,1.05012281e-04,1.22428217e-04,2.29939487e-05,409
91,33,1.14876901e-04,8.90006486e-05,2.43863105e-05,86
91,34,1.68040224e-05,3.98732336e-05,2.60390079e-05,131
91,35,8.63982641e-05,6.62647362e-05,2.77391100e-05,1177
91,36,3.19493665e-05,1.03123777e-04,2.58255295e-05,66
91,37,9.27107903e-05,2.59837288e-05,2.69661123e-05,76
91,38,5.73341058e-05,1.50858941e-05,2.96951603e-05,315
91,39,1.08841385e-04,3.75081217e-05,3.48538597e-05,232
91,40,5.71689052e-05,8.67702984e-05,3.63486579e-05,101
91,41,7.44977297e-05,3.69005647e-05,3.83667575e-05,693
91,42,9.09346636e-05,5.12464321e-05,3.70153648e-05,181
91,43,3.01660675e-05,1.28919273e-04,3.81647660e-05,803
91,44,4.13845119e-05,8.59226129e-05,3.98243610e-05,369
91,45,2.98670602e-05,5.71977689e-05,4.04775346e-05,128
91,46,6.16267862e-05,8.69776995e-05,4.04559469e-05,156
91,47,1.05416138e-05,1.21940051e-04,4.16251278e-05,12
91,48,5.65711380e-05,2.96272719e-05,4.21836558e-05,70
91,49,7.33284469e-05,4.53145403e-05,4.56163834e-05,1984
91,50,1.40239630e-04,8.82777895e-05,4.30559739e-05,153
91,51,9.29374728e-05,1.16876590e-05,4.32268134e-05,11
91,52,5.40556612e-05,6.43962412e-05,4.36038317e-05,63
91,53,9.85010265e-05,8.43667021e-06,4.44769285e-05,92
91,54,7.36137154e-05,5.24950883e-05,4.58689428e-05,609
91,55,2.27972323e-05,5.63914182e-05,4.44226025e-05,119
91,56,1.59701758e-05,5.36045263e-05,4.53192624e-05,61
91,57,7.92143401e-05,5.50168406e-05,4.75193483e-05,90
91,58,4.85435921e-05,8.49829812e-05,4.79738337e-05,277
91,59,2.17203524e-05,7.12213223e-05,5.01667273e-05,76
91,60,1.15797171e-04,2.54756014e-05,5.12816805e-05,143
91,61,8.36738982e-05,1.34465299e-04,5.19556779e-05,335
91,62,4.75262968e-05,1.05172119e-04,5.15923311e-05,71
91,63,1.27715728e-04,7.62327982e-05,5.22564333e-05,198
91,64,1.32228597e-04,4.45340957e-05,5.29145182e-05,18
91,65,1.02164333e-04,9.54214702e-05,5.32060985e-05,152
91,66,3.41111045e-05,8.99015286e-05,5.50452241e-05,392
91,67,5.06456636e-05,5.63781105e-05,5.59807777e-05,429
91,68,5.21124930e-05,9.06808637e-05,5.46662086e-05,6
91,69,1.17616677e-04,5.21234724e-05,5.77983301e-05,235
91,70,8.55271137e-05,4.90509665e-05,5.88741350e-05,151
91,71,5.73649486e-05,1.13165799e-04,6.01819556e-05,211
91,72,1.35599776e-05,5.11344006e-05,6.14762976e-05,344
91,73,9.64723440e-05,7.25943464e-05,6.09994568e-05,21
91,74,9.56664881e-05,7.10208624e-05,6.14847595e-05,33
91,75,7.00402234e-05,6.27719128e-05,6.27169793e-05,241
91,76,3.52303687e-05,9.47399749e-05,6.27687186e-05,268
91,77,1.92789557e-05,9.77206437e-05,6.24799577e-05,106
91,78,3.63151885e-05,2.63184593e-05,6.25316898e-05,66
91,79,6.55938857e-05,8.75784172e-05,6.24999520e-05,71
91,80,1.27851847e-04,8.92836833e-05,6.23734595e-05,12
91,81,1.71842603e-05,9.93929934e-05,6.29926144e-05,68
92,1,1.03056147e-04,1.79435519e-05,0.00000000e+00,4
92,2,1.03756909e-04,1.96037345e-05,1.80677517e-07,52
92,3,8.83378088e-05,7.69423932e-05,2.20978836e-06,3674
92,4,1.21858830e-04,9.31845425e-05,6.92583342e-07,205
92,5,9.03736000e-05,1.11960442e-04,2.44744797e-06,728
92,6,1.79000363e-05,1.13297261e-04,2.00672886e-07,116
92,7,2.17625930e-05,1.13899267e-04,2.15240263e-07,37
92,8,2.23091702e-05,1.13987611e-04,1.24582172e-07,8
92,9,5.91648641e-05,1.15605719e-04,7.25229143e-07,625
92,10,2.08088368e-05,1.15969327e-04,0.00000000e+00,12
92,11,9.94451329e-05,1.18322263e-04,6.00047713e-07,1181
92,12,3.55094598e-05,1.27818275e-04,3.06901484e-06,257
92,13,1.97942827e-05,1.14461815e-04,7.32659873e-06,2121
92,14,2.70826204e-05,2.72601337e-05,6.90971183e-06,703
92,15,1.03235252e-04,1.10890287e-04,8.66462415e-06,434
92,16,2.45854098e-05,8.48467535e-05,8.34541333e-06,543
92,17,6.71651942e-05,1.10943685e-04,7.37492292e-06,314
92,18,8.44514288e-05,8.97028003e-05,8.54887094e-06,31
92,19,1.35991810e-04,4.18186537e-05,9.11649659e-06,61
92,20,4.97631554e-05,9.58534729e-05,1.09471794e-05,242
92,21,9.55009091e-05,1.12705762e-04,1.16585725e-05,56
92,22,5.11794678e-05,4.68768922e-05,1.25545357e-05,278
92,23,9.03076871e-05,2.51388683e-05,1.79292147e-05,352
92,24,1.09353299e-04,1.08000721e-04,1.80963088e-05,360
92,25,5.25370306e-05,1.04281928e-04,1.94888307e-05,99
92,26,1.34739283e-04,2.49588848e-05,2.16256885e-05,537
92,27,1.05005762e-04,1.22286103e-04,2.35140596e-05,614
92,28,1.14657858e-04,8.99290826e-05,2.40219124e-05,78
92,29,1.69303457e-05,3.99009004e-05,2.60532543e-05,144
92,30,8.65211405e-05,6.62456005e-05,2.77622803e-05,1118
92,31,3.21150583e-05,1.03212318e-04,2.58820546e-05,55
92,32,9.26538123e-05,2.59456319e-05,2.67604464e-05,116
92,33,2.12205377e-05,3.07393020e-05,2.70547498e-05,9
92,34,5.81150380e-05,1.48784839e-05,2.90289554e-05,53
92,35,1.08946602e-04,3.76103380e-05,3.48554568e-05,163
92,36,5.71736527e-05,8.66796327e-05,3.62608444e-05,279
92,37,7.43019264e-05,3.69398294e-05,3.79111661e-05,817
92,38,9.17939833e-05,5.12952574e-05,3.66405948e-05,299
92,39,3.02075750e-05,1.28769738e-04,3.82338367e-05,656
92,40,4.21691475e-05,8.57963314e-05,3.95219031e-05,226
92,41,6.15895260e-05,8.70524091e-05,4.03331578e-05,244
92,42,2.93102112e-05,5.72000899e-05,4.04576895e-05,36
92,43,1.06258394e-05,1.22052341e-04,4.17449883e-05,43
92,44,5.64769107e-05,2.97189836e-05,4.23188430e-05,71
92,45,4.53243993e-05,1.33022797e-04,4.22482517e-05,57
92,46,5.40512556e-05,6.42336236e-05,4.35848269e-05,140
92,47,9.30041642e-05,1.18456092e-05,4.33766618e-05,41
92,48,9.85147344e-05,8.39644326e-06,4.44046273e-05,59
92,49,7.35037611e-05,4.55876652e-05,4.60281226e-05,1202
92,50,2.29040124e-05,5.63791000e-05,4.44740799e-05,158
92,51,1.40594144e-04,8.81829474e-05,4.36665796e-05,6
92,52,7.37200462e-05,5.25137657e-05,4.58516588e-05,513
92,53,1.60620002e-05,5.34431638e-05,4.52441855e-05,53
92,54,7.93045256e-05,5.50653858e-05,4.75626402e-05,80
92,55,4.89260965e-05,8.43065136e-05,4.78182701e-05,269
92,56,8.37704574e-05,1.34875678e-04,5.24785246e-05,1150
92,57,2.17198740e-05,7.13415793e-05,5.02679904e-05,67
92,58,1.15798393e-04,2.54616516e-05,5.12935039e-05,135
92,59,1.26721730e-04,7.61204501e-05,5.19489913e-05,151
92,60,4.73274376e-05,1.05393687e-04,5.16992186e-05,10
92,61,1.02881466e-04,9.54839270e-05,5.33054590e-05,243
92,62,5.20767244e-05,9.01766834e-05,5.46015654e-05,96
92,63,3.41847772e-05,8.98923390e-05,5.50960322e-05,380
92,64,1.18404634e-04,3.24668617e-05,5.40000037e-05,8
92,65,4.99492162e-05,5.63977082e-05,5.64838156e-05,244
92,66,1.17226329e-04,5.21164329e-05,5.82459470e-05,301
92,67,8.47647971e-05,4.98185400e-05,5.88367657e-05,107
92,68,5.67330317e-05,1.12617628e-04,5.97088838e-05,399
92,69,1.35701312e-05,5.12164552e-05,6.16977268e-05,372
92,70,9.65917570e-05,7.29505264e-05,6.10905481e-05,33
92,71,9.57663797e-05,7.13738555e-05,6.14008168e-05,35
92,72,6.99804223e-05,6.25437024e-05,6.26302499e-05,228
92,73,3.51535127e-05,9.41968028e-05,6.26713081e-05,245
92,74,3.55267912e-05,2.65514172e-05,6.24716631e-05,92
92,75,1.93376491e-05,9.78332391e-05,6.26916226e-05,114
92,76,1.72587825e-05,9.93318317e-05,6.30504728e-05,160
92,77,1.32063642e-05,1.04249171e-04,6.25341127e-05,62
92,78,6.54124306e-05,8.76752238e-05,6.28486887e-05,33
93,1,1.03687162e-04,1.96228884e-05,2.59783462e-07,145
93,2,8.83483663e-05,7.70960614e-05,2.20141078e-06,3634
93,3,1.22158279e-04,9.29371963e-05,1.07856920e-06,887
93,4,1.03070175e-04,1.08400964e-04,4.34026816e-07,88
93,5,9.08875081e-05,1.11237496e-04,0.00000000e+00,3
93,6,9.13828044e-05,1.12189584e-04,3.41802547e-06,268
93,7,6.77986172e-05,1.12972884e-04,2.01240965e-07,37
93,8,2.16219196e-05,1.13414106e-04,8.25750988e-08,24
93,9,1.77466536e-05,1.13712536e-04,0.00000000e+00,15
93,10,5.88264047e-05,1.16074254e-04,8.55149949e-07,727
93,11,9.90938570e-05,1.18913114e-04,5.09660481e-07,814
93,12,1.97307181e-05,1.14357164e-04,7.36294305e-06,1629
93,13,2.73955739e-05,2.73032219e-05,6.71218140e-06,610
93,14,1.02922022e-04,1.10885245e-04,8.77217190e-06,710
93,15,3.48769354e-05,1.27291336e-04,5.47160562e-06,37
93,16,6.67532222e-05,1.10860281e-04,7.37710434e-06,285
93,17,2.46829914e-05,8.49097123e-05,8.49119442e-06,415
93,18,8.44696769e-05,8.97529899e-05,8.47142474e-06,67
93,19,1.36720846e-04,4.20590768e-05,8.77776711e-06,27
93,20,5.08969933e-05,9.63252096e-05,1.10041683e-05,481
93,21,9.56632284e-05,1.12673421e-04,1.15351868e-05,218
93,22,5.11761828e-05,4.60548399e-05,1.29385817e-05,328
93,23,8.98425496e-05,2.55833511e-05,1.75122459e-05,341
93,24,1.09372042e-04,1.07989850e-04,1.81117703e-05,320
93,25,5.33942148e-05,1.04688814e-04,1.94130480e-05,204
93,26,1.34704620e-04,2.48414435e-05,2.15000000e-05,3
93,27,1.04881903e-04,1.22205514e-04,2.43359154e-05,303
93,28,1.14525537e-04,9.05054039e-05,2.41912549e-05,317
93,29,1.69615450e-05,3.98922639e-05,2.60472680e-05,152
93,30,9.22582694e-05,2.57684824e-05,2.64400987e-05,81
93,31,8.64860776e-05,6.64722102e-05,2.77658492e-05,1054
93,32,3.20063991e-05,1.03100559e-04,2.60136403e-05,82
93,33,2.15622276e-05,3.06583388e-05,2.70161872e-05,33
93,34,4.52142885e-05,2.02194406e-06,2.86857776e-05,193
93,35,5.88004659e-05,1.49091375e-05,2.87750518e-05,275
93,36,1.09015586e-04,3.77126307e-05,3.46275847e-05,208
93,37,5.73446960e-05,8.69009018e-05,3.62407445e-05,506
93,38,7.42820921e-05,3.69297486e-05,3.75657073e-05,843
93,39,9.27566070e-05,5.13644918e-05,3.60150552e-05,241
93,40,3.02233329e-05,1.28615837e-04,3.83807601e-05,667
93,41,4.28081657e-05,8.54143000e-05,3.95896968e-05,278
93,42,6.14666496e-05,8.72915480e-05,4.05396422e-05,590
93,43,2.85678489e-05,5.71401906e-05,4.01497418e-05,30
93,44,1.08170007e-05,1.21963101e-04,4.17464471e-05,73
93,45,4.54054752e-05,1.32940564e-04,4.23390884e-05,221
93,46,5.63935355e-05,2.97645729e-05,4.22786652e-05,90
93,47,1.40499425e-04,8.79555300e-05,4.33436762e-05,68
93,48,5.42597118e-05,6.43873427e-05,4.36623122e-05,186
93,49,9.29163507e-05,1.17178506e-05,4.35299517e-05,32
93,50,9.21117334e-08,8.79610452e-05,4.36943083e-05,28
93,51,9.86640225e-05,8.25238294e-06,4.44832294e-05,58
93,52,2.28825011e-05,5.63893336e-05,4.45537735e-05,139
93,53,7.38450835e-05,4.59334333e-05,4.63091783e-05,798
93,54,7.34324130e-05,5.26344666e-05,4.58882459e-05,305
93,55,1.62633150e-05,5.32916674e-05,4.52256681e-05,42
93,56,4.95070854e-05,8.34407329e-05,4.74714871e-05,472
93,57,7.94410225e-05,5.50865334e-05,4.77204558e-05,59
93,58,1.15877068e-04,2.53203543e-05,5.11114704e-05,177
93,59,2.17705438e-05,7.13518748e-05,5.03839874e-05,88
93,60,1.26249230e-04,7.57836096e-05,5.13866544e-05,151
93,61,1.03071077e-04,9.52495247e-05,5.35391882e-05,999
93,62,4.75516063e-05,1.05249113e-04,5.17858316e-05,114
93,63,8.35608589e-05,1.35052411e-04,5.29446334e-05,400
93,64,5.20278554e-05,9.00280575e-05,5.43565911e-05,105
93,65,3.41615596e-05,8.99329607e-05,5.47920499e-05,403
93,66,1.18370852e-04,3.27076814e-05,5.40000001e-05,8
93,67,4.94748383e-05,5.64928196e-05,5.65887894e-05,513
93,68,9.19187805e-05,1.18112497e-04,5.45000003e-05,2
93,69,1.16890515e-04,5.22748887e-05,5.85995367e-05,379
93,70,5.64125221e-05,1.12189657e-04,5.93194745e-05,330
93,71,8.42185182e-05,5.06957222e-05,5.89011870e-05,96
93,72,1.35849759e-05,5.11890103e-05,6.14860764e-05,325
93,73,9.59244135e-05,7.17711300e-05,6.12772128e-05,110
93,74,9.67602100e-05,7.36302536e-05,6.09798699e-05,61
93,75,7.00531964e-05,6.24398308e-05,6.26033070e-05,154
93,76,3.51358249e-05,2.66455754e-05,6.26121982e-05,91
93,77,6.51924711e-05,8.77916173e-05,6.29999195e-05,61
93,78,3.51868985e-05,9.33309129e-05,6.28470225e-05,247
93,79,1.93209962e-05,9.78600219e-05,6.26539986e-05,113
93,80,1.73430071e-05,9.92944042e-05,6.28987254e-05,186
93,81,1.38810783e-05,1.03791252e-04,6.25429311e-05,83
93,82,1.27049992e-04,8.78624996e-05,6.25000030e-05,1
